id,name,host_id,host_name,neighbourhood_group,neighbourhood,latitude,longitude,room_type,price,minimum_nights,number_of_reviews,last_review,reviews_per_month,calculated_host_listings_count,availability_365
22224072,Beautiful & Modern in the Heart of East Village,13097902,Bruna,Manhattan,East Village,40.72652,-73.98966,Entire home/apt,250,2,29,2019-06-30,1.58,1,38
3923128,Sunny 1-BR Apt with Soaking Tub,13347167,AFI Apartments,Manhattan,Upper East Side,40.77237,-73.95536,Entire home/apt,118,30,3,2018-08-31,0.1,29,282
10083881,Well Equipped One-Bedroom Apartment,51743699,Oliver,Manhattan,Morningside Heights,40.80986,-73.95945,Entire home/apt,100,1,1,2015-12-23,0.02,1,0
16174929,Cosy Room in Williamsburg House,22432953,Charles-Hugo,Brooklyn,Williamsburg,40.70816,-73.94821999999999,Private room,55,4,3,2017-05-05,0.1,1,0
35706150,Shared Spaces in Candlelight;Quiescence w Relaxing,175730239,Baboucarr,Queens,Sunnyside,40.74064,-73.92871,Shared room,30,3,0,,,12,351
35202605,Modern Manhattan 2 bedroom apartment,78201197,Maggie,Manhattan,East Harlem,40.7923,-73.94613000000001,Entire home/apt,250,2,4,2019-06-30,3.75,1,44
13604794,Quiet room in Central Harlem,27123110,Angel,Manhattan,Harlem,40.80372,-73.95036,Private room,65,3,2,2018-08-23,0.18,1,0
10798553,Gorgeous Greenpoint:  Sublet April 10th - 27th,798949,Rachel,Brooklyn,Greenpoint,40.7254,-73.95246,Entire home/apt,99,10,0,,,1,0
8101762,Spacious & sunny 1 bdrm w views,16420179,Natasha,Brooklyn,Columbia St,40.68274,-74.00433000000001,Entire home/apt,125,2,2,2015-09-28,0.04,1,0
21578157,Quaint and Large midtown 1Bed next to Empire state,156921633,Jamie,Manhattan,Kips Bay,40.74128,-73.98069,Entire home/apt,275,2,93,2019-06-18,4.61,1,66
258690,CHELSEA 1 Bdrm Plus Sleeping Loft!!,1359611,Andrea,Manhattan,Chelsea,40.74618,-74.00392,Entire home/apt,195,365,10,2014-10-26,0.12,1,0
36280858,"【Brooklyn N, R地铁口 45街阳光主卧7月短租】限女生,Only girls",122963021,莹,Brooklyn,Sunset Park,40.65012,-74.00867,Private room,30,7,0,,,1,190
34600508,Artist's Loft! A+ Location!  Central Park/5th ave!,256610768,John Ghaddie,Manhattan,Upper East Side,40.764140000000005,-73.96728,Entire home/apt,159,31,4,2019-06-16,2.45,1,244
2349737,NYC Apt - Close to Metro & Mnhtn,11722972,Karen,Queens,Rego Park,40.73243,-73.86773000000001,Entire home/apt,275,30,9,2017-08-03,0.14,1,342
13217609,"Bright Guest Room with Balcony, Harlem",1514100,Wasim,Manhattan,Harlem,40.80991,-73.94596999999999,Private room,149,3,16,2019-06-28,0.59,1,333
23429757,Peaceful Bushwick Apartment,41105459,Stephanie,Brooklyn,Bushwick,40.690290000000005,-73.90623000000001,Shared room,29,1,3,2018-04-01,0.18,1,0
7547439,"Quaint, Quiet East Village 1 BR",39549996,T.,Manhattan,East Village,40.72962,-73.98931999999999,Private room,78,16,9,2019-04-18,0.19,1,23
36449345,"Private Room in Brooklyn, 5minutes from Subway",115528632,Rachel & Alex,Brooklyn,Bedford-Stuyvesant,40.69171,-73.95418000000001,Private room,80,1,0,,,1,43
18934728,A Place of Comfort,131848646,Modesta,Manhattan,Washington Heights,40.83827,-73.94393000000001,Private room,55,7,26,2019-06-29,1.06,1,57
10545027,Clinton Hill - pied-à-terre,54378184,Eej,Brooklyn,Clinton Hill,40.68895,-73.96489,Entire home/apt,220,12,13,2019-06-08,0.31,3,354
18522547,Stunning And Stylishly Furnished Apt In Bushwick,128424841,Oscar,Brooklyn,Bushwick,40.69364,-73.91499,Entire home/apt,149,1,30,2019-06-17,1.13,1,284
31280733,Williamsburg Private Room in Homey Space by Trains,23308549,John,Brooklyn,Williamsburg,40.71388,-73.95744,Private room,75,2,1,2019-02-12,0.2,1,0
20332555,Beautiful Apartment near Times Square Central Park,143944704,Ash,Manhattan,Theater District,40.76302,-73.98210999999999,Entire home/apt,239,3,104,2019-06-22,4.53,1,0
16155648,Unique Retreat in the Heart of Bushwick!,21877498,Andy,Brooklyn,Bushwick,40.70272,-73.93005,Entire home/apt,140,3,0,,,2,0
31129115,Luxurious Boutique Studio Red Hook Brooklyn,1499484,Tom,Brooklyn,Red Hook,40.67746,-74.01392,Entire home/apt,99,1,29,2019-06-28,4.97,2,273
30512507,Cozy Sunbathed Studio in Brooklyn,38249006,Irene,Brooklyn,Bedford-Stuyvesant,40.68462,-73.94055999999999,Entire home/apt,70,4,14,2019-06-27,2.07,1,17
15969978,One Bedroom in Prospect Heights with a Cat!,21660871,Rebecca,Brooklyn,Crown Heights,40.67559,-73.96066,Entire home/apt,45,3,1,2016-11-16,0.03,1,0
4216745,Sunlit Private Room / Spacious Pre-War Apartment,21881605,Julie,Brooklyn,Crown Heights,40.67658,-73.9444,Private room,100,1,0,,,2,83
20744948,Cheap Large Bedroom w/WorkDesk- 10min to JFK/Mall,107455767,Guelma,Queens,Rosedale,40.65429,-73.73432,Private room,45,30,34,2019-05-14,1.52,5,90
35607932,LGBT welcome for Pride Greenwich Village,265901814,Evette,Manhattan,West Village,40.73613,-73.9987,Private room,125,1,0,,,2,75
21770068,Brooklyn Gem! Close to transportation!,21153742,Ezra,Brooklyn,Bedford-Stuyvesant,40.68882,-73.95194000000001,Private room,150,3,2,2017-11-28,0.1,1,364
35467129,Gorgeous  Luxury Studio!!,205510323,Dave,Manhattan,Hell's Kitchen,40.77044,-73.99126,Entire home/apt,220,3,0,,,1,29
19111261,Home Oasis Home,133534397,David,Bronx,Longwood,40.8229,-73.90295,Entire home/apt,100,3,30,2018-02-26,1.18,1,0
23876337,Sonder | 116 John | Warm 1BR + Gym,12243051,Sonder,Manhattan,Financial District,40.70831,-74.00619,Entire home/apt,182,29,2,2019-01-01,0.21,96,259
17095035,Large NYC FLAWLESS Room  Close to public transport,55948559,Barry,Bronx,Pelham Gardens,40.86686,-73.84206999999999,Private room,35,1,16,2019-01-21,0.61,4,3
25855178,Modern Style Cozy & Convenient 2 Bedroom Apartment,155911578,Christopher,Manhattan,Harlem,40.81889,-73.94224,Entire home/apt,180,2,20,2019-05-27,1.52,2,89
20499306,"Room with a view steps from 2,3,5 trains",25753120,Aaron,Brooklyn,Crown Heights,40.6685,-73.94842,Private room,50,5,0,,,2,0
29559298,Manhattan Club-A Lux Suite in Heart of Manhattan,93031650,Kay,Manhattan,Midtown,40.76434,-73.98199,Entire home/apt,300,4,0,,,1,0
13974584,Private Bedroom in 2-floor Bushwick Apartment,3152934,Cheno,Brooklyn,Bushwick,40.68758,-73.91320999999999,Private room,50,1,2,2016-08-06,0.06,1,0
4650725,Lovely Room in a 2 BR in Greenpoint,24075308,Saskia,Brooklyn,Greenpoint,40.72518,-73.93844,Private room,85,14,3,2015-07-03,0.05,1,0
21843831,"Cosy space,  30 min to Manhattan 15 Barclay Center",94214493,Dadrine,Brooklyn,East Flatbush,40.65532,-73.91793,Private room,80,7,1,2019-04-18,0.36,9,364
11965862,SUNNY and SPACIOUS room in Brooklyn,63914230,Kay,Brooklyn,Williamsburg,40.7128,-73.9605,Private room,76,5,1,2016-07-12,0.03,1,0
2683387,Great Room In Mid Town New York NYC,11837926,Anthony,Manhattan,Midtown,40.76419,-73.98018,Private room,140,7,49,2019-06-13,0.82,3,296
16491507,Extra Cozy Room in Center of Williamsburg,4033160,Brian,Brooklyn,Williamsburg,40.71404,-73.95783,Private room,98,1,3,2017-01-01,0.1,1,0
4357134,Beautiful NY Gem,7809661,Mamie,Queens,Ditmars Steinway,40.77172,-73.91769000000001,Entire home/apt,200,1,0,,,1,0
24792114,Sunny apartment,3405917,Juliana,Queens,Sunnyside,40.74597,-73.91434,Private room,55,3,26,2019-06-17,1.82,1,1
8538077,Cozy bright apt with a touch of rustic charm -,44950182,Dawn,Brooklyn,Cobble Hill,40.68665,-73.99150999999999,Entire home/apt,250,2,23,2019-06-24,1.04,1,0
31148404,"Luxury Doorman Apartment - POOL, GYM, LOUNGE +++",34271675,Chris,Manhattan,Financial District,40.70763,-74.00671,Entire home/apt,110,15,2,2019-05-15,0.8,1,0
24373776,Spacious bedroom in Washington Heights,6024063,Bree,Manhattan,Washington Heights,40.84821,-73.94153,Private room,50,2,1,2019-07-06,1.0,1,25
14066397,"Sunny, Clean, 1BR in Washington Heights",33990883,Summer,Manhattan,Washington Heights,40.85182,-73.92941,Entire home/apt,115,5,13,2019-05-22,0.37,1,0
32719444,"2 entire floors,2 (Website hidden by Airbnb) to everything.",34313176,Eddie,Queens,Rego Park,40.71702,-73.86183,Entire home/apt,239,2,0,,,4,299
23942226,"Bushwick Room w Private Bath, 1 Block to Subway",37806504,Michelle,Brooklyn,Bushwick,40.70072,-73.91359,Private room,60,3,50,2019-05-18,3.33,1,85
7580481,Bright & Stylish Studio in the LES,10622338,Hester,Manhattan,Lower East Side,40.71767,-73.99004000000001,Entire home/apt,160,1,26,2016-12-31,0.54,1,0
22034977,South Bronx Hideaway,148100571,Jenny,Bronx,Soundview,40.82668,-73.8822,Entire home/apt,50,1,2,2017-12-09,0.1,2,0
3476431,Charming Fort Greene Studio,4374828,Michelle,Brooklyn,Clinton Hill,40.68407,-73.96715,Entire home/apt,110,3,39,2019-01-01,0.85,1,0
30403504,"Chic PENT HOUSE near LaGuardia airport, 30 to nyc.",95570854,Fatema,Queens,Ditmars Steinway,40.76711,-73.89367,Entire home/apt,250,7,0,,,2,365
12887457,HUGE AMAZING STUDIO/ FEEL LIKE HOME,1475015,Mike,Manhattan,Midtown,40.757540000000006,-73.96943,Entire home/apt,115,30,0,,,52,343
3304307,Lovely Shiny Private Room in NYC,12465884,Natasha,Manhattan,East Harlem,40.79269,-73.94218000000001,Private room,100,3,64,2019-06-01,1.05,1,219
18369887,Sunny & Spacious 1 Bedroom in Central Harlem!,2946771,Kara,Manhattan,East Harlem,40.8136,-73.93606,Entire home/apt,150,2,39,2019-05-27,1.48,1,0
4225745,Cute Studio in Trendy Neighborhood,21930475,Whitney,Brooklyn,Clinton Hill,40.68275,-73.96542,Entire home/apt,73,2,7,2018-08-13,0.13,1,0
15937310,Grace,38294216,Rachel,Queens,South Ozone Park,40.66675,-73.81071,Private room,75,10,7,2019-04-13,0.27,4,197
11639940,Peaceful + Sunny Greenpoint Room,2375701,Paul,Brooklyn,Greenpoint,40.7307,-73.95568,Private room,66,1,1,2016-03-12,0.02,1,0
36025215,Gorgeous sunny room in fabulous Brooklyn duplex,3103656,Laurel,Brooklyn,Bushwick,40.69184,-73.90924,Private room,99,3,0,,,2,150
27359696,ACintheroom!35minutes toWALL St. quiet&residential,47782497,Robianddebbie,Brooklyn,East New York,40.66983,-73.87745,Private room,65,7,16,2019-06-23,1.42,3,287
63360,Safe cute near subway& Manhattan NY NY retro style,307962,Dennis & Naoko,Queens,Astoria,40.75384,-73.91433,Entire home/apt,99,5,441,2019-06-24,4.5,1,226
32315112,TWO BEDROOM APARTMENT IN BEAUTIFUL BED-STUY,73066515,Nick,Brooklyn,Bedford-Stuyvesant,40.69493,-73.94483000000001,Entire home/apt,100,3,4,2019-06-30,1.04,3,6
2451647,"Bright, Modern Room in East Village!",64442,Reka,Manhattan,East Village,40.72598,-73.97778000000001,Private room,84,1,184,2019-07-01,2.86,2,59
11910848,Beautiful TriBeCa Apartment,63544192,Annie,Manhattan,Tribeca,40.71893,-74.00485,Private room,60,25,2,2018-07-31,0.05,1,0
2075600,Delicious & Airy Apt in Landmark Brownstone,5089,Subhana,Brooklyn,Bedford-Stuyvesant,40.68637,-73.9417,Entire home/apt,151,2,43,2019-07-01,0.65,1,220
394026,ArtistLoft-MccarenPark-Williamsburg,1651591,Todd,Brooklyn,Greenpoint,40.720490000000005,-73.95221,Private room,90,2,2,2018-10-08,0.02,2,89
21384410,Hip Brooklyn Duplex In Prospect Heights,32014256,Josh,Brooklyn,Crown Heights,40.67487,-73.95721,Entire home/apt,129,1,79,2019-06-23,3.88,1,144
27610995,PRIVATE BEDROOM in spacious apartment in the UWS!,17278356,Nico,Manhattan,Upper West Side,40.79099,-73.97293,Private room,230,3,14,2019-05-29,1.28,1,0
12420947,Williamsburg entire  apartment,3642404,Maya,Brooklyn,Williamsburg,40.70965,-73.95675,Entire home/apt,95,4,10,2019-06-23,0.37,1,0
35275242,Sunny room in prime location,24027781,Yasmeen,Queens,Long Island City,40.74774,-73.94757,Private room,80,2,0,,,2,4
21633621,Charming Harlem studio,1679545,Ishai,Manhattan,Harlem,40.81272,-73.9517,Entire home/apt,111,7,5,2018-12-30,0.28,1,8
20092176,Large suite with private bathroom (15 min to city),85330,Jean,Queens,Forest Hills,40.7118,-73.85285,Private room,50,3,30,2019-07-01,1.28,3,220
36310247,Spacious 1 Bedroom With Private Garden,25498509,Michael,Brooklyn,Clinton Hill,40.68183,-73.96464,Entire home/apt,100,1,0,,,1,6
13248583,Spacious & cozy room in trendy SoHa !,3097033,Aida,Manhattan,Harlem,40.80304,-73.95148,Private room,65,2,50,2019-06-24,1.39,2,15
639781,East Village 1 Bedroom Apartment,3194190,Jack,Manhattan,East Village,40.72389,-73.98934,Entire home/apt,200,6,1,2019-01-05,0.16,1,128
2135489,Charming Studio in Brooklyn,8624212,Leon,Brooklyn,Carroll Gardens,40.68362,-73.99714,Entire home/apt,170,2,131,2019-06-16,2.02,1,26
34859794,Beautiful Luxury Brownstone Apt in Brooklyn,36082598,Genevieve,Brooklyn,Bedford-Stuyvesant,40.68315,-73.95222,Entire home/apt,225,2,6,2019-06-30,3.83,2,273
20054293,Cozy spacious room in LIC with backyard and bath,63235915,Shen,Queens,Long Island City,40.76024,-73.94091,Private room,61,3,1,2017-08-01,0.04,1,0
27542342,2 beautiful & bright bedrooms in a renovated apt.,35660592,Luis,Queens,Elmhurst,40.7335,-73.87571,Private room,149,2,5,2019-06-10,0.46,6,340
18025228,"Huge room 25 min to manhattan. L,M,J,Z train.",101736132,Alex,Brooklyn,Bushwick,40.69045,-73.91507,Private room,40,2,12,2017-10-07,0.44,2,281
35933715,"Private, cozy room in Astoria!!!",270277478,Marina,Queens,Long Island City,40.7564,-73.92101,Private room,85,3,0,,,1,250
26080646,Entire West Village Apartment,196017028,Franklin,Manhattan,Greenwich Village,40.72848,-74.0012,Entire home/apt,200,4,18,2019-07-01,1.42,1,5
18768741,Furnished Studio in Midtown Manhattan,120762452,Stanley,Manhattan,Murray Hill,40.74819,-73.976,Entire home/apt,150,30,3,2018-10-30,0.14,50,180
8953050,Beautiful private studio,46794554,Bhargav,Queens,Ditmars Steinway,40.77987,-73.90309,Entire home/apt,75,7,0,,,1,0
17762827,"Perfect, cozy room in Crown Heights, Brooklyn",1898704,Luca,Brooklyn,Crown Heights,40.67181,-73.95865,Private room,45,25,2,2017-08-20,0.08,1,0
7330488,Charming Classic UWS Bedroom & Balcony,18008678,Clayton,Manhattan,Upper West Side,40.80243,-73.9706,Private room,100,2,33,2018-04-20,0.68,2,0
8404499,Spacious and sunny 1BR w terrasse,6630320,Florie,Brooklyn,Williamsburg,40.711090000000006,-73.95918,Entire home/apt,200,2,7,2017-07-06,0.15,1,0
9876971,"❤️ of Wburg, 2.5 Rms, Sep Entrances",1869332,Elli,Brooklyn,Williamsburg,40.71947,-73.95676999999999,Entire home/apt,219,30,3,2017-05-21,0.09,3,36
10351593,Ed's Place,53274087,Edgar,Manhattan,Harlem,40.82284,-73.94199,Private room,90,1,151,2019-07-06,5.34,1,22
13632649,Charming Vinegar Hill 1-bedroom apt w/ backyard,50210611,Ali,Brooklyn,Vinegar Hill,40.7041,-73.98089,Entire home/apt,135,6,1,2016-07-24,0.03,1,0
4199411,Greenwich Village Living!,21787420,Mo,Manhattan,East Village,40.73062,-73.99122,Entire home/apt,350,2,0,,,1,0
26450798,Stunning 1BR in Midtown East by Sonder,12243051,Sonder,Manhattan,Murray Hill,40.74417,-73.97206,Entire home/apt,189,29,0,,,96,316
34151215,Bright and Artsy 2 Bedroom Apartment,257810280,Leslie,Brooklyn,Bedford-Stuyvesant,40.67935,-73.93715,Entire home/apt,100,1,5,2019-07-08,5.0,1,0
26295421,Cozy place II,197516314,Genny,Staten Island,Port Richmond,40.63408,-74.13224,Private room,55,1,40,2019-06-15,3.21,3,363
9241956,The New Downtown* 1 bdrm,23267314,Millie,Manhattan,Hell's Kitchen,40.754740000000005,-73.99835999999999,Entire home/apt,177,2,123,2019-06-28,2.81,2,261
4588678,Gorgeous bohemian  Apt. in a Brownstone,66286,Liat,Brooklyn,Bedford-Stuyvesant,40.68596,-73.94068,Entire home/apt,100,2,2,2017-08-08,0.05,2,0
30046737,The Rich Home:minutes to JFK & 30min to the City,225813251,Latasha,Queens,St. Albans,40.6968,-73.76592,Entire home/apt,135,1,69,2019-07-02,10.67,1,158
16506016,Harlem Monthly Rental True Two Bedroom 1 Bath,12145783,Enid,Manhattan,East Harlem,40.8006,-73.94115,Entire home/apt,99,30,3,2018-12-23,0.22,2,220
28985951,Spacious private bedroom and kitchen in Bedstuy,140671636,Brianna,Brooklyn,Bedford-Stuyvesant,40.68302,-73.94896999999999,Private room,50,2,5,2019-04-29,0.56,1,0
7091660,1BR in large apt on Lower East Side,37170055,Sara,Manhattan,Lower East Side,40.72348,-73.99095,Private room,250,1,0,,,1,1
22651464,12 east 86th Steet Upper East Side Building,165898555,Honey,Manhattan,Upper East Side,40.77719,-73.9529,Entire home/apt,200,30,0,,,7,364
25311740,Huge 2 bedroom in Astoria,19503783,Ves,Queens,Ditmars Steinway,40.77975,-73.92087,Entire home/apt,100,14,0,,,1,189
19873185,"Large room in a beautiful, easy-commute apartment",24383253,Arash,Brooklyn,Crown Heights,40.67139,-73.95676999999999,Private room,50,8,0,,,1,0
12760088,Modern Apartment. Central Park. B/C,52630170,Flora,Manhattan,Harlem,40.8033,-73.95770999999999,Private room,50,3,2,2016-05-23,0.05,1,0
30059491,Cozy Brooklyn Nook,46093850,Caroline,Brooklyn,Bedford-Stuyvesant,40.68137,-73.95714,Private room,100,1,2,2018-12-29,0.26,1,311
23000751,Little Neck Queens bedroom w/private bathwash/dry,170603631,Andre,Queens,Douglaston,40.74807,-73.73674,Private room,65,2,29,2019-03-14,1.68,1,240
31648320,"Times Square Suite with amazing views, high rise !",237283897,Mj,Manhattan,Theater District,40.75412,-73.98601,Entire home/apt,119,1,18,2019-06-21,3.18,1,302
17149950,Entire One bedroom Apartment in Midtown Manhattan,7616444,Ramin,Manhattan,Midtown,40.75029,-73.98402,Entire home/apt,350,5,4,2017-10-31,0.15,1,0
36170293,Convenient and Spacious Sugar Hill Apartment,272034378,Cristian,Manhattan,Harlem,40.82808,-73.94126,Private room,45,3,0,,,1,10
3249078,Brooklyn Heights 1.5BR and Cat Sit,1705205,Ebonie,Brooklyn,Brooklyn Heights,40.6906,-73.99339,Entire home/apt,115,5,0,,,1,0
22530764,House of Love,165448425,Shana,Brooklyn,East Flatbush,40.65129,-73.94058000000001,Private room,90,1,10,2019-06-24,0.72,1,365
1899076,"14 min to Union Square, Manhattan-Sunny Modern Rm",9820942,Erica And Jorel,Brooklyn,Bushwick,40.70505,-73.92281,Private room,59,1,238,2019-05-12,3.46,3,320
12601401,"Astoria living, like a true NY'er",5059784,Seth,Queens,Astoria,40.76465,-73.92625,Entire home/apt,125,1,10,2016-07-11,0.26,1,0
65834,Beautiful 1 Bedroom Apt Park Slope,321934,Jessica,Brooklyn,Park Slope,40.673190000000005,-73.97323,Entire home/apt,175,2,11,2013-05-02,0.11,1,246
14125183,Full bed in private Bushwick room,5914717,Kait,Brooklyn,Bushwick,40.69822,-73.92918,Private room,50,2,59,2018-04-22,1.67,1,0
29531069,greenpoint williamsburg  huge studio room   /,150316502,Francisca,Brooklyn,Greenpoint,40.72674,-73.95495,Private room,250,5,0,,,1,154
10058942,"Columbia Univer, female/couple only",12245536,Rong,Manhattan,Harlem,40.82083,-73.95795,Private room,39,2,3,2016-07-21,0.07,2,0
34568097,Iconic West 57 Street/Central park/Junior 1Bedroom,7679270,Ika,Manhattan,Hell's Kitchen,40.76739,-73.98504,Entire home/apt,150,2,2,2019-07-01,2.0,1,146
25719044,COZY Room for Female Guests,40119874,Stephany,Brooklyn,Prospect-Lefferts Gardens,40.66242,-73.94417,Private room,48,1,131,2019-05-31,9.97,2,0
31822089,Artist’s apartment in Harlem!,552627,Brandy,Manhattan,Harlem,40.82458,-73.93883000000001,Private room,39,2,0,,,2,315
582272,Privet Room in Greenpoint +Backyard *location,2712129,Raziel,Brooklyn,Greenpoint,40.72437,-73.94847,Private room,75,5,1,2018-11-13,0.13,1,0
14484998,Perfect for Students/Interns seeking summer rental,2261995,Sarah,Brooklyn,Bedford-Stuyvesant,40.6824,-73.94245,Private room,55,1,0,,,3,364
13545656,Perfect 1 Br Apt. to explore the city,6493333,Zahra,Manhattan,Harlem,40.8114,-73.94014,Entire home/apt,140,2,34,2018-09-16,0.93,1,0
30388617,"Gorgeous + Bright Midtown East 1BR, Doorman, Gym by Blueground",107434423,Blueground,Manhattan,Midtown,40.75861,-73.96359,Entire home/apt,241,30,0,,,232,149
29706358,Bright and Airy Greenwich Village Junior 1 Bedroom,259123,Caitlin,Manhattan,Greenwich Village,40.73492,-73.99604000000001,Entire home/apt,300,2,2,2018-12-15,0.26,1,11
12812544,High SkyView  W&D GYM Doorman 5180,16098958,Jeremy & Laura,Manhattan,Upper East Side,40.77725,-73.95137,Entire home/apt,190,30,3,2017-10-04,0.08,96,330
19837851,Bright 3-bedroom apartment in beautiful Brooklyn,140220933,Yolanda,Brooklyn,East Flatbush,40.65614,-73.91754,Entire home/apt,103,3,35,2019-04-21,1.52,1,291
30157585,Master bedroom,226574177,Robert,Manhattan,Harlem,40.82894,-73.94568000000001,Private room,46,1,1,2018-11-21,0.13,1,179
22247316,Brooklyn style Loft,43600815,Rafael,Brooklyn,Williamsburg,40.70481,-73.93766,Private room,50,4,0,,,2,0
1132201,Cozy North Park Slope Apartment,712590,Erin,Brooklyn,Prospect Heights,40.68034,-73.97321,Private room,130,2,8,2018-06-24,0.11,1,0
6747958,1 cozy & centrally located bedroom,20904647,Christina,Brooklyn,Fort Greene,40.68662,-73.97601999999999,Private room,90,4,32,2019-07-03,0.67,1,295
3403034,Modern Manhattan Living Suite 2A,17161465,Judette,Manhattan,Harlem,40.82967,-73.94428,Entire home/apt,95,30,36,2019-04-30,0.61,1,245
27256404,Beautiful Bushwick 3br on the subway,14487073,Jeremy,Brooklyn,Bushwick,40.70382,-73.91456,Entire home/apt,250,2,25,2019-07-01,2.37,2,260
31534487,New York Big Room,21250331,Clara,Queens,Bayside,40.754090000000005,-73.76935,Private room,47,1,19,2019-06-20,3.63,3,350
12212943,Upper East Side Brand New Apt,65690091,Mohine,Manhattan,Upper East Side,40.78173,-73.94621,Private room,185,1,0,,,1,0
22088276,Spacious and peaceful apartment in Nolita / SoHo,31880119,Zach,Manhattan,Nolita,40.72382,-73.99540999999999,Entire home/apt,175,2,9,2018-08-26,0.47,1,0
15050192,Private w/Backyard in Heart of Brooklyn,95117581,Michael,Brooklyn,Bedford-Stuyvesant,40.68201,-73.95553000000001,Entire home/apt,150,30,6,2016-12-31,0.18,1,0
32178172,2BED 2 BATH/COLUMBUS CIRCLE/ BALCONY,131647128,Emily,Manhattan,Upper West Side,40.77054,-73.98344,Entire home/apt,290,30,2,2019-03-21,0.52,25,313
32544596,Brooklyn Awesomely Huge Apartment - 2,9864136,Anthony,Brooklyn,Bushwick,40.68491,-73.91324,Entire home/apt,85,30,1,2019-03-10,0.25,26,312
29946074,Cuarto en Queens,89902143,Jose,Queens,Jackson Heights,40.75457,-73.86162,Private room,100,7,0,,,2,179
35028223,Cozy Central Park Studio!: 2Min to Train,263641050,Daniel,Manhattan,East Harlem,40.7988,-73.94339000000001,Entire home/apt,200,4,5,2019-06-30,3.95,1,303
10191601,Spacious Astoria Home with Garden,26111326,Larry & Deb,Queens,Astoria,40.76951,-73.93077,Entire home/apt,125,2,26,2017-10-14,0.64,1,0
35420482,"Chic, modern Studio with balcony access",17349726,Gillian,Brooklyn,Bushwick,40.69424,-73.92652,Entire home/apt,89,1,8,2019-07-03,7.5,1,88
15452878,Discounted! Comfy and quiet room in SoHo.,1475812,Ignani,Manhattan,Nolita,40.72104,-73.99498,Private room,130,2,123,2019-06-07,3.79,3,59
43957,Sunny cozy room in Brklyn townhouse,177536,Tessa,Brooklyn,Bushwick,40.70641,-73.91765,Private room,50,2,47,2019-06-19,0.94,1,37
9393610,Big room in Williamsburg Penthouse,48723117,Gaute,Brooklyn,Williamsburg,40.7116,-73.9521,Private room,79,4,0,,,1,0
16010302,"Chic Chelsea charming apartment, GREAT DECOR",18939173,Pablo,Manhattan,Chelsea,40.75133,-73.99965,Entire home/apt,228,4,16,2019-07-06,0.51,1,103
20836753,Apartment-Styled space in Queens. 10Min from JFK.,148737806,Daré,Queens,Rosedale,40.66183,-73.72943000000001,Private room,58,1,65,2019-06-30,2.92,2,84
14835632,"Bright, conveniently located room in Bushwick",29480857,Elena,Brooklyn,Bushwick,40.703520000000005,-73.92971,Private room,48,2,11,2017-12-30,0.32,1,0
28071460,Beautiful apartment in Greenpoint,9609022,Emilie,Brooklyn,Greenpoint,40.72113,-73.95279000000001,Entire home/apt,98,8,1,2018-08-29,0.1,1,0
6866960,Elegant 3 BR in Victorian Home by Brooklyn College,35983559,Laura,Brooklyn,East Flatbush,40.63868,-73.95049,Entire home/apt,150,4,93,2019-07-03,1.93,3,320
9685865,Pvt Room W/Pvt Bathroom; NO KITCHEN!,50031308,Raj,Brooklyn,Midwood,40.63009,-73.96670999999999,Private room,55,4,47,2019-07-03,1.09,1,304
15396328,Private Room in Heart of East Village!,14295824,Josephine,Manhattan,East Village,40.72718,-73.98238,Private room,80,4,7,2019-01-03,0.33,1,0
2690370,Spectacular Views of Mid-Town,480923,Diane,Queens,Long Island City,40.74606,-73.95765,Entire home/apt,130,30,1,2014-08-04,0.02,1,0
539160,Manhattan *SuperHost* Luxury 2 Bdrm Apt Sleeps 6+,512878,Michelle,Manhattan,Washington Heights,40.83064,-73.94076,Entire home/apt,170,1,47,2019-04-28,0.58,2,17
10038823,"Apartment for 5, Midtown Manhattan",48681257,Celia,Manhattan,Midtown,40.75828,-73.96285999999999,Entire home/apt,220,1,116,2019-06-23,2.89,1,264
6614604,"Nice, cozy double size bedroom",6492234,Martin,Manhattan,Washington Heights,40.83721,-73.93894,Private room,50,4,0,,,1,0
29799420,Private and cozy room in East Williamsburg.,53103368,Caroline,Brooklyn,Williamsburg,40.70701,-73.94445999999999,Private room,65,2,0,,,1,6
23952724,Best Place to stay,121379512,Maria,Bronx,Longwood,40.82434,-73.88705,Private room,44,20,0,,,2,0
24728012,Beautiful Apartment,77534743,Fabiola,Brooklyn,Bedford-Stuyvesant,40.68622,-73.9395,Private room,42,2,4,2018-06-19,0.28,1,0
24968131,Private Room in peaceful town,7989399,Esin,Queens,Sunnyside,40.73891,-73.92642,Private room,50,3,3,2018-10-10,0.29,2,112
6005231,The Hub for Two,31175000,Kathryn,Brooklyn,Bedford-Stuyvesant,40.68459,-73.93985,Entire home/apt,105,2,127,2019-06-27,3.88,3,113
32587918,One Bedroom Apartment in Central of Midtown.,211549023,Studioplus,Manhattan,Midtown,40.74766,-73.9868,Entire home/apt,260,2,2,2019-05-29,1.13,13,259
26518547,U2 comfortable double bed sleeps 2 guests,295128,Carol Gloria,Bronx,Clason Point,40.81225,-73.85502,Private room,80,1,4,2019-07-01,1.48,7,365
13123883,Bright Open Bedroom at the Heart of Wall Street,18438941,Junyi,Manhattan,Financial District,40.70883,-74.00764000000001,Shared room,100,10,0,,,1,0
34312985,Luxury 2 bdr/2 bath prime Williamburg,544721,Marta,Brooklyn,Williamsburg,40.71312,-73.9453,Entire home/apt,192,1,0,,,1,8
9950923,Bright Sunny  Soho /W village loft,51137245,Robert,Manhattan,Greenwich Village,40.72778,-73.99899,Private room,85,2,0,,,1,0
30667058,Art Deco Soho Loft,22916874,Brian,Manhattan,Nolita,40.72182,-73.99566999999999,Entire home/apt,250,2,28,2019-06-22,3.98,1,0
1427518,"Spacious, amenity-filled 1 BDR Williamsburg Apt",7654662,Elizabeth,Brooklyn,Williamsburg,40.71385,-73.93861,Entire home/apt,160,6,1,2013-09-07,0.01,1,0
20228284,"Harlem 1 BR apartment w/ washer&dryer, near subway",132342343,Yve,Manhattan,Harlem,40.81246,-73.94906,Entire home/apt,147,2,64,2019-06-20,2.85,1,72
3157420,Giant Private Room in Battery Park ,4119683,Zachary,Manhattan,Battery Park City,40.71029,-74.01725,Private room,100,1,4,2016-07-26,0.08,1,0
15629854,"Big Backyard! Entire 2 Story House, Near Train",42986446,Nikki,Brooklyn,Bedford-Stuyvesant,40.69136,-73.92803,Entire home/apt,229,2,8,2018-09-03,0.25,1,0
21490301,"Gorgeous, bright one-bed in amazing location",105340458,David,Manhattan,Lower East Side,40.72077,-73.98923,Entire home/apt,250,5,8,2019-03-15,0.43,1,0
34169778,22min from Manhattan,28096614,Bruno,Queens,Woodside,40.74249,-73.90603,Private room,50,2,10,2019-07-02,4.76,2,257
22777530,Private bedroom in Gorgeous Brooklyn Apartment!,160054295,Cesar,Brooklyn,Crown Heights,40.67582,-73.94054,Private room,47,1,5,2019-01-02,0.53,1,0
27137095,Giordano Suite - 5 mins to LGA,19536409,Melissa,Queens,East Elmhurst,40.75817,-73.89893000000001,Entire home/apt,85,1,43,2018-12-30,3.72,1,0
3875294,Beautiful Brooklyn Bedroom!,20022909,Jessica,Brooklyn,Crown Heights,40.6749,-73.95166,Private room,50,1,5,2016-09-25,0.09,1,0
18875994,Luxurious and Convenient 1 bedroom on the UWS,25822424,Kevin,Manhattan,Upper West Side,40.79166,-73.97319,Entire home/apt,170,3,0,,,1,0
28271289,Queens  BLVD House NEXT TO ALL,67376966,Lucky,Queens,Rego Park,40.73005,-73.8576,Entire home/apt,268,3,1,2019-06-24,1.0,3,173
21309659,Sunny Queen Size 1 Bedroom in Bedstuy.,154201505,Marcia,Brooklyn,Bedford-Stuyvesant,40.68368,-73.93796,Entire home/apt,92,30,21,2018-06-27,1.01,2,35
21959523,Cozy and quiet private room,7045635,Nina,Brooklyn,Crown Heights,40.67177,-73.93947,Private room,45,5,1,2018-01-08,0.05,1,0
2254541,Private Bedroom in Williamsburg!,6060700,Kevin,Brooklyn,Williamsburg,40.71801,-73.95869,Private room,85,14,1,2014-08-20,0.02,1,0
18652544,Beautiful One bedroom in Midtown Manhattan,120762452,Stanley,Manhattan,Murray Hill,40.75017,-73.97686999999999,Entire home/apt,222,30,0,,,50,180
10017087,Classic Murray Hill 1 Bedroom Apartment (64),50760546,CRNY Monthly Rentals,Manhattan,Murray Hill,40.74677,-73.97846,Entire home/apt,125,30,4,2017-12-16,0.11,31,111
6359266,"1 Train, Delis, Duane Read,Eat Outs",33128992,Sundar,Manhattan,Morningside Heights,40.814440000000005,-73.95863,Private room,75,1,1,2015-05-18,0.02,1,0
21383903,Shared Room in Astoria 1 stop from Manhattan,55724558,Taylor,Queens,Long Island City,40.76048,-73.94068,Shared room,45,5,16,2019-06-04,0.77,5,88
34830893,Sun-drenched 1 bedroom in Clinton Hill/Bed-Stuy,10273046,Irene,Brooklyn,Bedford-Stuyvesant,40.69021,-73.95058,Entire home/apt,120,14,0,,,1,53
35462054,Modern Private BR in Fort Greene Cumberland,230192510,Zach,Brooklyn,Fort Greene,40.69693,-73.97395999999999,Private room,48,30,0,,,25,66
4839323,Perfect 2-bedroom in the best part of Williamsburg,988069,Angelina,Brooklyn,Williamsburg,40.71983,-73.96465,Entire home/apt,249,30,0,,,1,0
3302921,Cozy quiet East Village room/en suite bathroom,16680861,Carrie,Manhattan,East Village,40.72749,-73.99070999999999,Entire home/apt,189,2,138,2019-06-23,2.86,1,203
30958452,Great Room in Heart of Williamsburg,14819229,Tim,Brooklyn,Williamsburg,40.71332,-73.95591,Private room,75,4,1,2019-05-13,0.53,1,47
3157330,"clean, casual 2BD apt in bed-stuy!",9105586,Marc,Brooklyn,Bedford-Stuyvesant,40.68898,-73.9412,Entire home/apt,75,1,1,2015-02-12,0.02,1,0
15325255,Wyndham Studio Condo with Kitchen SPECIAL TODAY!,96098402,Wynpoints,Manhattan,Midtown,40.75175,-73.97218000000001,Private room,269,3,8,2016-12-06,0.24,12,365
12955454,Cozy Room in the Big Apple,33622924,Besinfe,Manhattan,Harlem,40.83018,-73.9483,Private room,50,1,116,2019-07-01,3.06,4,352
36031282,"Luxury, Doorman, Steps From United Nations,",52950465,Gal,Manhattan,Midtown,40.75258,-73.97111,Private room,134,30,0,,,12,365
11634575,"Sunny, enchanting, spacious bedroom",61382075,Elena,Manhattan,Washington Heights,40.84398,-73.94064,Private room,65,4,2,2017-05-22,0.05,2,0
13388649,Spacious Private Home - 20m to Manhattan,1544804,Michelle,Queens,Astoria,40.76406,-73.90769,Entire home/apt,99,1,185,2019-06-19,5.28,1,211
32867399,Amazing location 10min to the city,247189581,Helena,Brooklyn,Fort Greene,40.6865,-73.9729,Shared room,38,2,3,2019-05-19,0.81,5,31
30159757,PRIVET ROOM FOR YOUR VACATION NEAR Central Park !!,214137767,Anna,Manhattan,East Harlem,40.78572,-73.94468,Private room,100,1,13,2019-05-24,1.78,1,270
13955160,Eclectic & Cozy Private Room in Prospect Hts!!!,78343124,Sherice,Brooklyn,Crown Heights,40.68035,-73.96239,Private room,55,2,1,2016-07-24,0.03,1,0
28840175,Pretty and cozy 2BR apartment in Chelsea,217111553,Jason,Manhattan,Chelsea,40.7467,-73.99335,Entire home/apt,288,3,44,2019-07-06,4.78,1,48
35915753,Sunny huge Apartment,167819022,Nell,Queens,Briarwood,40.71316,-73.81953,Entire home/apt,85,5,1,2019-06-22,1.0,1,54
5442054,Chef's Kitchen and private garden,16437254,Benjamin,Brooklyn,Fort Greene,40.68969,-73.97797,Entire home/apt,193,30,1,2018-11-16,0.13,21,311
27857163,"Studio near times grand central, Times Square, UN",19664260,Viswanadha,Manhattan,Midtown,40.75216,-73.97171999999999,Entire home/apt,300,1,2,2018-09-23,0.2,1,0
13585905,"LOCATION,LOCATION! 51st/7 AV,2 bedroom luxury bldg",26386038,Alex,Manhattan,Theater District,40.76122,-73.98292,Entire home/apt,185,30,4,2018-11-30,0.21,1,292
13498392,"Spacious, Bright, Private NYC",2861768,Justin,Manhattan,Harlem,40.81325,-73.95323,Private room,79,6,31,2019-05-23,0.84,3,18
31295524,Cozy Modern Getaway 30 mins from Manhattan (1Bdrm),232283561,Beverline,Bronx,East Morrisania,40.83025,-73.89134,Private room,70,1,1,2019-01-28,0.19,3,81
35189086,Warm Cozy Decatur 2F bedroom #4,262033253,Jenny,Brooklyn,Bushwick,40.687470000000005,-73.90977,Private room,70,1,2,2019-06-24,2.0,2,172
28988684,"Gorgeous sunny, queen size room Brooklyn",71157443,Jane,Brooklyn,Bushwick,40.6911,-73.90942,Private room,90,1,2,2019-04-11,0.25,1,29
19569016,Upper East Side Studio,73848909,Yassir,Manhattan,Upper East Side,40.7662,-73.9574,Entire home/apt,100,3,2,2018-09-14,0.15,1,0
11837681,"Private bedroom rental, spacious",44071830,Sharon,Manhattan,East Harlem,40.78583,-73.94315999999999,Private room,60,1,0,,,1,0
33589352,B-comfortable queen size bed try it yourself,50375092,Mohamad,Staten Island,Dongan Hills,40.57882,-74.09196999999999,Private room,49,1,8,2019-06-09,2.53,3,342
24043603,Experience Brownstone Living in Brooklyn!,4181378,Lauren,Brooklyn,Bedford-Stuyvesant,40.68967,-73.9366,Entire home/apt,175,2,20,2019-07-01,1.67,2,357
24562495,summer(A套房私享一层closed to JFK&LGA&Citi Field#parking,62023756,Chang,Queens,Fresh Meadows,40.74622,-73.78296999999999,Private room,79,1,35,2019-07-07,2.4,3,32
23940102,BRAND NEW PRIVATE STUDIO 5 BLOCKS TO CENTRAL PARK!,80262218,Laila,Manhattan,Upper East Side,40.77172,-73.95427,Entire home/apt,125,30,5,2019-05-14,0.34,3,283
18077717,Cozy 1-br UWS in front of Central Park,62680545,Juan Felipe,Manhattan,Upper West Side,40.79795,-73.96199,Entire home/apt,175,5,2,2017-08-04,0.08,1,4
30007128,Newly renovated apartment in Brooklyn Townhouse,157410883,Chiara,Brooklyn,Bushwick,40.69372,-73.92283,Entire home/apt,120,1,39,2019-06-22,5.27,1,196
29881570,New york Cozy Studio Near multiple metro Lines,12131971,Maria,Manhattan,Midtown,40.75855,-73.96961,Entire home/apt,140,1,3,2018-12-09,0.37,1,0
8764617,Bedroom avail in Bowery neighborhod,29896455,Josh,Manhattan,Chinatown,40.7182,-73.99562,Private room,63,1,52,2019-06-15,1.14,2,276
29533923,One stop away from manhattan,91605357,Tina,Brooklyn,Williamsburg,40.7073,-73.95739,Private room,85,1,56,2019-06-26,7.0,2,51
68765,Designer 2.5 BR Loft in Carroll Gardens by Subway,282655,Jenna,Brooklyn,Carroll Gardens,40.67817,-73.99495,Entire home/apt,250,2,106,2019-06-27,1.34,3,272
17495862,Homey funky eclectic rich of arts,90215210,Lou,Brooklyn,Crown Heights,40.67167,-73.93088,Private room,45,4,37,2019-06-24,1.29,1,84
4016791,Sunny Private Bedroom,20827756,Jillian,Manhattan,Washington Heights,40.84787,-73.93306,Private room,36,2,10,2017-10-01,0.2,1,0
34972982,Spectacular 1 bed 1 bath in full service bld #6119,35098529,David,Manhattan,Kips Bay,40.74385,-73.97789,Entire home/apt,190,30,0,,,5,365
16987479,Sunny LEGO’s Home,57455831,Maggie,Brooklyn,Clinton Hill,40.69259,-73.9665,Entire home/apt,150,1,5,2019-03-31,0.19,2,0
27387238,FLEX. 2BR IN PRIME LOCATION-MIDTOWN EAST,200380610,Pranjal,Manhattan,Midtown,40.7525,-73.96683,Entire home/apt,200,30,0,,,65,339
3629580,Upper East Renovated 1 Bedroom,18289867,Dan,Manhattan,East Harlem,40.79032,-73.94523000000001,Private room,55,1,3,2014-08-27,0.05,1,0
34562155,"Shakti House!FLATIRON, UNION SQ PARK,WEST VILLAGE.",50442154,Alena Devi,Manhattan,Greenwich Village,40.73512,-73.99445,Entire home/apt,170,3,2,2019-06-22,1.62,1,9
9756258,Room for Female-Upper West Side,11513145,Jessica,Manhattan,Upper West Side,40.78641,-73.97739,Private room,65,1,2,2016-01-08,0.05,1,0
803237,Duplex with two terraces and a view,3642035,Arsenio,Brooklyn,Crown Heights,40.67504,-73.95273,Entire home/apt,250,4,6,2019-01-02,0.08,1,250
17763622,JUNIOR SUITE IN MANHATTAN,114477998,Marilyn,Manhattan,East Harlem,40.79142,-73.94664,Private room,90,2,110,2019-06-29,4.04,4,237
924658,"Bright, airy room share in Brooklyn",4973668,Gloria,Brooklyn,Bedford-Stuyvesant,40.687,-73.93446,Shared room,30,5,91,2019-06-01,1.18,3,248
1479731,Master Bedroom in Modern Loft Apt.,7809536,Brian,Brooklyn,Crown Heights,40.68007,-73.96334,Private room,89,3,147,2019-07-01,2.05,1,362
21565383,"Private bedroom 10 min to LGA, 15 min to Manhattan",153410151,Tom,Queens,Astoria,40.7674,-73.92656,Private room,69,1,129,2019-07-07,6.29,1,349
1110484,"Forget NYC, Stay in Williamsburg! Best 1 BR Apt",1690569,Greg,Brooklyn,Williamsburg,40.71852,-73.95616,Entire home/apt,175,6,32,2019-05-10,0.43,1,291
12759453,The Clean Comfortable Modern Lounge,48671504,Albert,Queens,Cambria Heights,40.68891,-73.73531,Entire home/apt,79,2,90,2019-06-24,2.35,1,331
4711070,RENTING SPACE IN WOODSIDE NYC,24347671,Ioanna,Queens,Sunnyside,40.74607,-73.91415,Shared room,105,1,19,2019-05-26,0.54,1,364
32240476,Sonder | Stock Exchange | Simple 1BR + Lounge,219517861,Sonder (NYC),Manhattan,Financial District,40.70654,-74.01091,Entire home/apt,214,2,11,2019-06-20,2.97,327,304
21728093,Adorable Williamsburg apartment,158216643,Annie,Brooklyn,Williamsburg,40.72026,-73.961,Private room,60,10,5,2018-07-19,0.27,1,0
36315759,"Quaint Tribeca Studio w/ Gym, W/D, Doorman, Garage, Valet, by Blueground",107434423,Blueground,Manhattan,Tribeca,40.713,-74.00990999999999,Entire home/apt,269,30,0,,,232,193
981410,Sunny Studio in the West Village,5374768,Maria,Manhattan,West Village,40.73331,-74.00471,Entire home/apt,170,4,1,2013-04-09,0.01,1,273
34707625,Dikeman comfort is a very special Airbnb !!!!,261779182,Torrey,Brooklyn,Red Hook,40.67522,-74.01139,Shared room,38,1,1,2019-06-26,1.0,2,179
12494415,H. Potter theme place,67651553,Yunqiu,Manhattan,Upper West Side,40.80302,-73.96511,Entire home/apt,110,10,0,,,2,0
13098805,"Clean, quiet, cozi Upper East Side studio apt",24494897,Isabella,Manhattan,Upper East Side,40.76704,-73.95721999999999,Entire home/apt,159,6,0,,,1,0
6612737,Furnished Bedroom in Murray Hill,28181993,Anshul,Manhattan,Kips Bay,40.73909,-73.9788,Private room,70,15,0,,,1,0
24155415,Light Filled Room in Bedstuy!,26315450,Sacha,Brooklyn,Bedford-Stuyvesant,40.67941,-73.908,Private room,56,2,8,2018-12-18,0.67,1,0
32764647,Perfect apartment for the NYC experience,44169567,Ragini,Queens,Astoria,40.7561,-73.92578,Entire home/apt,170,1,1,2019-05-12,0.52,1,60
13044964,Stylish and cute girly shared room in Manhattan,5288991,Tanya,Manhattan,Upper East Side,40.7775,-73.95262,Shared room,45,30,20,2019-05-26,0.53,6,258
9106756,Santuary from the City - Sunny Greenpoint Apt,1692708,Rebecca,Brooklyn,Greenpoint,40.72782,-73.95459,Entire home/apt,150,14,0,,,1,42
21163689,"Private room in Clinton hill, Brooklyn NY",146481790,Sneha,Brooklyn,Clinton Hill,40.6926,-73.9639,Private room,95,1,4,2017-12-03,0.19,1,0
33315073,Brand new 2 bedroom apartment near yankee stadium,24979023,Nanyuma,Bronx,Concourse Village,40.83251,-73.91216999999999,Private room,85,1,0,,,1,365
31313010,Creative artist apartment in Williamsburg,10196479,Vanessa,Brooklyn,Williamsburg,40.71285,-73.95558,Private room,45,3,1,2019-01-22,0.18,1,0
27735126,Cozy shared place by Central Park Manhattan,209386156,Abraham,Manhattan,East Harlem,40.80033,-73.94201,Shared room,49,2,60,2019-06-22,5.54,9,109
19209710,"Sunny, 2BR apartment in the heart of Bushwick",19785181,Robert & Bianca,Brooklyn,Bushwick,40.70166,-73.92673,Entire home/apt,136,3,10,2018-08-25,0.4,1,0
28941710,Tiny Home,149292557,Kimberly,Queens,Jackson Heights,40.75137,-73.86081,Entire home/apt,69,2,52,2019-07-06,5.63,2,137
6956731,New! Beautifully Designed & Modern,13347167,AFI Apartments,Manhattan,Upper East Side,40.77566,-73.95335,Entire home/apt,118,30,4,2019-03-31,0.09,29,258
13358067,bright 1 bedroom by the park,7097844,Anne,Brooklyn,Greenpoint,40.72552,-73.94489,Entire home/apt,114,2,3,2018-09-11,0.08,1,0
258688,Spacious & Stylish Chelsea One Bedroom Apartment,436599,Chad,Manhattan,West Village,40.74031,-74.00532,Entire home/apt,325,4,46,2019-06-02,0.5,1,20
13895156,in the heart of williamsburg,2609335,Roei,Brooklyn,Williamsburg,40.71319,-73.95822,Entire home/apt,300,14,3,2018-09-22,0.08,1,345
12266323,"The Heart Of NYC, 3min Walk To Grand Central",5004109,Michelle,Manhattan,Murray Hill,40.75001,-73.97739,Entire home/apt,225,1,45,2019-06-30,1.16,1,255
30722858,Cozy Sunnyside room with a classic feel.,137358866,Kazuya,Queens,Sunnyside,40.74925,-73.91332,Private room,41,30,0,,,103,124
299531,Feel like you never leave your home,1220404,Tom,Brooklyn,East New York,40.66795,-73.89232,Entire home/apt,100,1,119,2019-06-30,1.39,2,289
7561432,CHARMING ROOM W/ ROOF DECK ACCESS 2 :),4291007,Graham And Ben,Brooklyn,Clinton Hill,40.69342,-73.9611,Private room,90,30,20,2018-08-19,0.42,11,249
2297029,large 2bdrm apt - midtown manhattan,10974421,Jj,Manhattan,Hell's Kitchen,40.76182,-73.99003,Entire home/apt,200,1,8,2016-09-25,0.16,1,0
30574688,Modern&pretty 3-B apt near everything you want!!!,33064599,Yukee,Manhattan,Upper West Side,40.80002,-73.9671,Entire home/apt,199,1,4,2019-04-23,0.68,6,320
2106662,Large one bedroom apartment,10736013,Javier,Manhattan,West Village,40.73192,-74.00433000000001,Entire home/apt,156,1,0,,,1,0
21817150,Spacious & Airy Loft Apartment in Williamsburg,35567813,Hilary,Brooklyn,Williamsburg,40.71576,-73.94088,Entire home/apt,175,2,0,,,1,35
17223109,Cute Chelsea Apartment - 1 BR - Amazing Location!,10160214,Mario,Manhattan,Chelsea,40.73977,-73.99938,Entire home/apt,190,12,5,2019-06-06,0.5,1,32
35991399,Half rental fee the first month in Brooklyn!,89264510,Xueming,Brooklyn,Bushwick,40.69399,-73.92609,Private room,50,1,1,2019-06-30,1.0,1,365
13659949,2bdr BIG Oasis. Price cut for cat caretakers.,4606955,Jens,Brooklyn,Clinton Hill,40.68552,-73.9609,Entire home/apt,259,6,4,2018-05-14,0.11,1,7
7369852,spacious private rooms in 5bd 4bth,9059810,Vlad,Brooklyn,Sheepshead Bay,40.59244,-73.95633000000001,Private room,85,7,0,,,3,90
34509302,Perfect room for road warrior 20mins to Manhattan,7832790,Michael,Queens,Astoria,40.76269,-73.91232,Private room,90,1,2,2019-06-03,1.25,2,90
7095783,"Charming , sweet , and cozy Manhattan apartment.",9819284,Alexis,Manhattan,Upper East Side,40.76533,-73.96163,Entire home/apt,270,4,44,2019-07-02,0.92,1,335
21473314,Cozy Room in the Heart of NYC,31154454,Elliot,Manhattan,Kips Bay,40.74155,-73.98235,Private room,70,1,119,2019-06-23,5.78,2,3
19121957,Big private room in huge artsy Williamsburg loft,42405567,Chris,Brooklyn,Williamsburg,40.7116,-73.94431999999999,Private room,90,2,13,2019-06-10,0.58,2,7
11639083,The Heart of Lower East Side,25141383,Azeez,Manhattan,Lower East Side,40.71936,-73.98878,Private room,89,2,0,,,1,0
33981416,One bedroom in Chelsea,12321281,Calypso,Manhattan,Chelsea,40.74483,-73.99649000000001,Private room,110,30,0,,,1,145
21165138,"温馨双人房,步行地铁两分钟,",148852095,Kelly,Queens,Douglaston,40.76962,-73.74795,Private room,65,2,21,2019-01-01,0.98,3,89
4694179,Artsy and Cozy 1b. - Walk Everywhere!,3753306,Michelle,Manhattan,Gramercy,40.73287,-73.98585,Entire home/apt,180,1,1,2017-09-15,0.05,1,0
4174847,Quiet bedroom in a waste free household,21663531,Dana,Queens,Ridgewood,40.7078,-73.90177,Private room,50,21,38,2018-09-30,0.76,2,245
667549,My Brooklyn Studio in Ditmas Park,3377231,Lina,Brooklyn,Flatbush,40.64895,-73.95758000000001,Entire home/apt,140,4,15,2017-08-03,0.18,1,365
19872862,Cozy and Charming,140599227,Fanny,Queens,Forest Hills,40.73076,-73.85033,Private room,45,1,43,2018-11-11,1.85,2,0
23978509,"2 Bedroom. Cozy, inexpensive",178303634,Gustavo,Brooklyn,South Slope,40.66429,-73.9906,Entire home/apt,120,5,2,2018-04-15,0.13,2,0
30728947,Brooklyn Home with a View,5358010,Mansi,Brooklyn,South Slope,40.66358,-73.98997,Entire home/apt,145,4,1,2019-06-11,1.0,1,12
21240926,Cozy studio in Upper East Side,11005274,Vanessa,Manhattan,Upper East Side,40.77179,-73.95585,Entire home/apt,125,5,48,2019-07-03,2.3,1,2
34485745,Midtown Manhattan Stunner - Private room,261632622,Royalton,Manhattan,Theater District,40.75491,-73.98507,Private room,100,1,3,2019-06-16,3.0,9,318
30713613,"Artsy duplex for 6, close to US Open & Manhattan",227647873,Samanta,Queens,Astoria,40.76167,-73.91346,Entire home/apt,179,2,29,2019-07-07,5.15,3,116
1847434,Beautiful warm duplex apartment,9632747,Mick,Brooklyn,Bedford-Stuyvesant,40.68489,-73.95473,Entire home/apt,150,7,108,2019-06-17,1.72,2,359
27281620,Trendy & Private Bedroom in Williamsburg! 2-1,204527108,Nina,Brooklyn,Williamsburg,40.71796,-73.957,Private room,87,30,2,2019-06-30,2.0,3,310
22840839,Quiet Studio in the Heart of it All,98956556,Mark,Brooklyn,Boerum Hill,40.68531,-73.97948000000001,Entire home/apt,150,2,19,2019-06-05,1.13,1,1
24650569,Comfortable bedroom in PLG,4028002,Tracy,Brooklyn,Prospect-Lefferts Gardens,40.65867,-73.9522,Private room,109,1,0,,,1,95
14698446,纽约之家(SunnyHome5),45600001,Amy,Queens,Flushing,40.7445,-73.83171999999999,Private room,50,1,31,2019-06-16,0.91,3,79
31218952,*PRIME MANHATTAN*one block to 5 trains*ROOFDECK!*,2685943,Sara,Manhattan,Harlem,40.8249,-73.94585,Private room,60,1,30,2019-06-23,5.56,1,67
8873479,Beautiful modern room with private bathroom,27240092,Darin,Manhattan,Gramercy,40.73557,-73.98353,Private room,124,1,118,2019-06-23,2.7,1,278
21716772,Large private room close to subway station,52889093,Kamyar,Bronx,Kingsbridge,40.88302,-73.90899,Private room,70,1,8,2018-05-24,0.43,1,0
22379701,Private room + full bathroom / lots of sun + dogs,92649019,Sophie,Brooklyn,Crown Heights,40.66921,-73.92624,Private room,68,6,48,2019-06-29,2.59,1,0
2107939,Private Single Room Steps to Subway,1318137,Adriano,Brooklyn,Bedford-Stuyvesant,40.69193,-73.9274,Private room,55,3,70,2019-05-27,1.11,2,285
391948,Single Room,1960128,Luana,Queens,Ozone Park,40.68581,-73.84642,Shared room,45,1,8,2015-09-30,0.11,2,364
16140940,"Beautiful, modern, near Prospect Park",105315535,Ben,Brooklyn,Prospect Heights,40.67549,-73.96598,Entire home/apt,158,30,7,2019-03-30,0.26,3,37
438513,Big Beautiful Brooklyn Apt @ Park!,2177462,Marc,Brooklyn,Prospect-Lefferts Gardens,40.65814,-73.96181,Entire home/apt,150,3,87,2019-06-16,1.0,1,73
9092903,"Cosy Loft, Studio - lots of light",552067,Miriam,Brooklyn,Williamsburg,40.70994,-73.94915,Entire home/apt,120,7,9,2018-12-11,0.21,1,0
22546236,SJU大学,133825714,Peng,Queens,Flushing,40.72465,-73.80162,Shared room,30,1,0,,,1,0
24391756,Sunny Apartment in Park Slope,20813915,Kimberly,Brooklyn,South Slope,40.66409,-73.9909,Entire home/apt,145,1,90,2019-07-08,5.97,1,212
29419330,Female Only: Prime Location-East 60s-Central Park,221612013,Inhee,Manhattan,Upper East Side,40.76105,-73.96294,Private room,80,1,27,2019-06-29,3.45,1,0
27160493,曼哈顿/帝国大夏/ time square【2】,107245546,Michael,Manhattan,Chelsea,40.74756,-73.99072,Private room,165,2,5,2019-07-02,3.0,3,93
30231655,Cozy 2 bedroom apartment (15 min from Manhattan),215919088,Vincent,Brooklyn,Williamsburg,40.712,-73.95397,Entire home/apt,120,3,2,2019-05-29,0.32,1,0
12192216,Artsy Spot in Spanish Harlem,3104581,Andrea,Manhattan,East Harlem,40.79073,-73.94669,Entire home/apt,115,2,18,2019-07-06,0.48,1,3
21962437,$850 up to 3 month female only,130149223,Laurene,Brooklyn,Crown Heights,40.67163,-73.93399000000001,Private room,31,30,7,2019-06-23,0.36,1,302
2487073,18th Floor Bright Bedroom with Private Bathroom,6194434,Chiara,Manhattan,Financial District,40.70933,-74.00381,Private room,169,8,15,2019-06-10,0.24,1,60
2748128,The Haven 2beds,11757212,Jasmine,Brooklyn,Bushwick,40.6982,-73.92851999999999,Private room,69,1,159,2019-06-24,2.89,4,280
4063357,Stuvesant East,19382874,Anthony/Joanne,Brooklyn,Bedford-Stuyvesant,40.68439,-73.92811,Entire home/apt,130,3,132,2019-06-21,2.53,2,257
18209427,Sunny big designer room in Art-loving Bushwick,2208374,Elena,Brooklyn,Bushwick,40.7016,-73.92103,Private room,85,3,8,2019-04-19,0.3,2,3
26743923,Freehand New York- Bunk Room,164291123,Freehand,Manhattan,Flatiron District,40.74107,-73.98693,Private room,179,1,35,2019-05-26,3.11,3,331
29756773,Willoughby penthouse,223869982,Steve,Brooklyn,Bedford-Stuyvesant,40.69495,-73.93509,Private room,100,7,0,,,1,0
4498927,Manhattan townhouse near subway,23334165,Patricia,Manhattan,Harlem,40.82257,-73.94543,Entire home/apt,300,5,91,2019-06-21,1.65,3,288
33775328,SPECTACULAR LOFT OVERLOOKING THE MANHATTAN SKYLINE,254607256,Heleen,Brooklyn,DUMBO,40.70416,-73.98999,Entire home/apt,250,30,0,,,2,365
36413779,Sunny & spacious room in a 3 Br - Williamsburg,2449230,Itamar,Brooklyn,Williamsburg,40.71812,-73.95495,Private room,80,5,0,,,1,38
14124987,Bushwick plays,2974873,Jourdain,Brooklyn,Bushwick,40.69271,-73.91360999999999,Private room,45,30,5,2018-07-31,0.15,2,339
4774924,Sunny and Quiet Williamsburg Room,6465286,Masha,Brooklyn,Williamsburg,40.71217,-73.96367,Private room,100,2,32,2018-10-07,0.55,2,74
3262855,BEAUTIFUL ROOM NEAR PROSPECT PARK!!,16499705,John,Brooklyn,Flatbush,40.65148,-73.95846999999999,Entire home/apt,70,1,5,2015-12-01,0.08,1,0
35112957,Modern 2BR Apartment in Financial District,264447713,Louis,Manhattan,Financial District,40.70624,-74.01006,Entire home/apt,225,3,3,2019-06-23,2.5,1,68
3739864,Large Bedroom in Brooklyn for June and July.,14102923,Mark,Brooklyn,Flatbush,40.65136,-73.95974,Private room,48,5,0,,,1,0
10635913,Murray Hill Studio,54908827,Nina,Manhattan,Murray Hill,40.74976,-73.97748,Entire home/apt,80,1,0,,,1,0
26361306,Pent House Studio Minutes From Manhattan,123648417,Sean,Brooklyn,Flatbush,40.65401,-73.96212,Entire home/apt,125,1,22,2019-03-24,1.8,1,93
10069586,Cozy room in a dynamic Brooklyn neighborhood,5391472,Ella,Brooklyn,Crown Heights,40.67154,-73.94981,Private room,35,14,1,2017-01-19,0.03,2,0
27285234,Spacious Bedroom in Ridgewood! 3L-4,205530337,Nina,Queens,Ridgewood,40.70175,-73.90552,Private room,45,30,0,,,8,340
35005829,Sonder | The Nash | Vibrant 1BR + Grilling Area,219517861,Sonder (NYC),Manhattan,Murray Hill,40.74725,-73.97606999999999,Entire home/apt,202,29,0,,,327,365
8071607,Lovely duplex in Williamsburg,22470446,Louise,Brooklyn,Williamsburg,40.70803,-73.94868000000001,Private room,45,3,2,2015-10-11,0.04,1,0
29798872,Comfortable private room near Columbia University,224190427,Miller,Manhattan,Upper West Side,40.80183,-73.96542,Private room,68,1,14,2019-06-21,2.02,1,12
22483942,Home Away from Home: The Cerebral Room,130971031,J-,Brooklyn,Bushwick,40.70093,-73.91864,Private room,69,2,22,2019-06-18,1.21,4,139
6709867,Large Private Room in prime BK,11039369,Mike,Brooklyn,Fort Greene,40.68881,-73.97391,Private room,55,1,1,2016-03-24,0.02,1,0
3162817,"Sunny, Williamsburg Condo",6754169,Ellie,Brooklyn,Williamsburg,40.715720000000005,-73.94058000000001,Entire home/apt,350,2,2,2015-08-02,0.04,2,0
23462240,Cozy Room in Brooklyn,118086005,Noa,Brooklyn,Bedford-Stuyvesant,40.69176,-73.94261,Private room,50,1,0,,,1,0
27892770,Brazilian hospitality in Long Island City,31967085,Dalva,Queens,Long Island City,40.75428,-73.93323000000001,Private room,64,4,23,2019-06-27,2.21,1,8
34343208,Convenient room in Hell’s Kitchen,34689714,Maria,Manhattan,Hell's Kitchen,40.76595,-73.98643,Private room,120,1,10,2019-06-23,4.76,5,357
22066635,2 bedrooms apartment in Williamsburg- Brooklyn,9831905,Alice,Brooklyn,Williamsburg,40.71793,-73.95772,Entire home/apt,230,7,0,,,1,0
1164111,COMFORTABLE NYC RETREAT & Breakfast,6375533,LaNola,Manhattan,East Harlem,40.79025,-73.9488,Private room,89,1,273,2019-06-23,3.66,2,47
4550015,Greenwich/West Village Private Room,15778416,Courtney,Manhattan,West Village,40.73033,-74.00284,Private room,110,1,0,,,2,0
22190967,Spacious furnished room in midtown,51521183,Abhishek,Manhattan,Murray Hill,40.74763,-73.97316,Private room,85,9,5,2019-05-27,0.27,1,86
24185045,Midtown Manhattan Apartment with Rooftop & Doorman,13204586,María José,Manhattan,Murray Hill,40.74803,-73.97282,Entire home/apt,175,3,0,,,1,0
33994465,Penthouse with huge deck and city views,106418986,Vicky And Nektarios,Brooklyn,Greenpoint,40.73473,-73.95206999999999,Entire home/apt,250,3,0,,,1,62
24906924,Spacious One Bedroom in Downtown Manhattan,14396470,Ileang,Manhattan,Chinatown,40.71694,-74.00076,Entire home/apt,150,3,0,,,1,0
17369078,Cozy room in Prospect Heights,16066047,Allegra,Brooklyn,Crown Heights,40.679190000000006,-73.95918,Private room,70,2,12,2019-06-28,0.47,1,120
9391509,"Lovely, Serene Brooklyn (NYC) Charm with ACs.",48712266,Eka,Brooklyn,Greenpoint,40.72528,-73.94488,Entire home/apt,165,5,201,2019-06-27,4.7,2,212
29310612,Room for rent! 3 bed / 2 bath. G train,220806520,Ignacio,Brooklyn,Bedford-Stuyvesant,40.69279,-73.94654,Private room,50,10,0,,,1,359
18108849,Best location to live in Astoria,124741583,Marina,Queens,Astoria,40.76601,-73.91841,Private room,49,5,2,2017-06-27,0.08,1,179
21449446,The Oasis 2,33106693,Elena,Manhattan,Harlem,40.821670000000005,-73.95006,Entire home/apt,210,5,2,2018-08-11,0.11,3,88
18091187,The Heights,124593127,Miguel,Manhattan,Washington Heights,40.85564,-73.93066,Private room,40,1,93,2019-06-21,3.5,2,297
23803836,Blue House on Martense,55339775,Jon,Brooklyn,East Flatbush,40.65202,-73.95104,Entire home/apt,30,4,0,,,1,0
24633732,Bright Brooklyn Bedroom Close to Prospect Park,2903817,Erica,Brooklyn,South Slope,40.66185,-73.9821,Private room,149,2,16,2018-11-18,1.26,1,0
16514760,Large 1BR Brooklyn Apt,45293248,Nicholas,Brooklyn,Williamsburg,40.70589,-73.95123000000001,Entire home/apt,137,3,3,2017-09-04,0.1,1,0
16224408,Private one bedroom in Astoria (Halletts Point),1354727,Courtney,Queens,Astoria,40.77499,-73.93565,Private room,75,1,50,2019-06-18,1.59,2,61
32447993,Private room in cute Greenwich Village Walk-up,50544293,Melissa,Manhattan,Greenwich Village,40.73238,-73.99954,Private room,110,1,13,2019-07-02,3.0,2,0
1182187,Best Chelsea Street. Beautiful Room. Superhost.,6467086,George,Manhattan,Chelsea,40.74652,-74.00089,Private room,125,2,228,2019-07-01,3.07,1,53
30496651,Sunny Bedroom in Magical Ditmas Park,10358835,Nathalie,Brooklyn,Flatbush,40.63895,-73.96619,Private room,49,7,0,,,1,362
34331925,Entire Flat in Perfect Location (Nolita),2463994,Kiarash,Manhattan,Nolita,40.72223,-73.99544,Entire home/apt,200,1,1,2019-05-14,0.54,1,0
5372526,Great share - central location downtown,1223259,Jeff,Manhattan,Lower East Side,40.71952,-73.99313000000001,Private room,71,10,56,2019-05-14,1.08,1,131
30226880,Big room near Central Park,206648175,Bella,Manhattan,East Harlem,40.78535,-73.94268000000001,Private room,99,2,12,2019-06-12,1.64,1,176
30697207,"Great room and friendly environment in Astoria, NY",229774456,Chris,Queens,Ditmars Steinway,40.77383,-73.90558,Private room,70,2,4,2019-05-25,0.64,1,89
30505350,A place to crash in historical Bed-Stuy,141359886,Yuli,Brooklyn,Bedford-Stuyvesant,40.68763,-73.95683000000001,Entire home/apt,100,2,22,2019-06-24,3.32,1,286
27577076,Grand 2 bed Apartment in Heart of Harlem,8663057,Alli,Manhattan,East Harlem,40.80226,-73.93583000000001,Entire home/apt,175,3,27,2019-06-28,2.53,2,128
18734427,"Nice space in Norwood, NYC",112239929,Cherly,Bronx,Norwood,40.87315,-73.87925,Private room,65,1,0,,,1,0
23965460,Cleo's Royale,157141199,Adeola,Manhattan,Inwood,40.86058,-73.9274,Private room,70,5,5,2019-05-24,0.41,2,90
9107788,Brownstone in Heart of West Village,301887,Andres,Manhattan,West Village,40.73658,-74.00121,Entire home/apt,295,4,2,2016-07-23,0.05,1,0
24438564,Chic one Bedroom apartment NYC,53781263,Oscar,Queens,Ridgewood,40.70142,-73.90515,Entire home/apt,90,1,22,2019-06-30,1.64,2,5
12813050,Family Friendly Gramercy Park Gem,30789837,Shane,Manhattan,Gramercy,40.73682,-73.98336,Entire home/apt,195,5,1,2016-05-13,0.03,1,0
35508864,Architect Designed Industrial Oasis in Greenpoint,3830566,Tom,Brooklyn,Greenpoint,40.72105,-73.93933,Entire home/apt,200,1,2,2019-06-13,2.0,1,316
12028322,Charming house in Coney Island,52474491,Arthur,Brooklyn,Sea Gate,40.57804,-74.01024,Entire home/apt,223,1,1,2016-03-28,0.03,3,0
35097415,2-bedroom Queens apartment with backyard,2883347,Paul,Queens,Glendale,40.70506,-73.87073000000001,Entire home/apt,150,2,2,2019-06-23,2.0,1,45
14446717,"1 Bedroom Apt, West 69th St, bwtn BWay & Columbus",30045574,Barry,Manhattan,Upper West Side,40.77445,-73.98002,Entire home/apt,150,30,8,2019-06-28,0.24,1,328
9007767,Spacious Modern Alcove Studio 4,45595980,Tny,Manhattan,Midtown,40.76135,-73.96706999999999,Entire home/apt,135,30,8,2018-09-09,0.19,12,282
5224210,Feel at home,1220404,Tom,Brooklyn,East New York,40.66811,-73.89394,Entire home/apt,100,2,1,2016-05-03,0.03,2,292
26663507,Bright and spacious Bushwick apartment,1116256,Fernando,Brooklyn,Bushwick,40.70618,-73.91689000000001,Entire home/apt,78,30,1,2018-08-19,0.09,1,6
20547687,Newly listed stylish 2BR duplex in East Village,54501105,Sophie,Manhattan,East Village,40.73055,-73.98928000000001,Entire home/apt,260,3,24,2019-07-01,3.35,2,26
19239928,"Bright UES Studio, avail short or long term",5530093,Natallia,Manhattan,Upper East Side,40.76327,-73.9612,Entire home/apt,180,6,5,2017-11-07,0.21,1,0
36359394,Madeline’s Place,135363269,Hal,Brooklyn,Sunset Park,40.64372,-74.00656,Entire home/apt,120,3,0,,,1,320
19436634,Artist Hostel III in Bedstuy Brooklyn,132104049,Brian,Brooklyn,Bedford-Stuyvesant,40.69625,-73.94856999999999,Shared room,37,2,1,2017-08-19,0.04,3,138
33560439,"Location Location Location! Basic, Clean & Cheap!",54023713,Khero,Manhattan,Kips Bay,40.74385,-73.97669,Entire home/apt,100,4,25,2019-07-05,8.24,1,4
22934602,Great Studio at the Time Square/71C,48146336,Irina,Manhattan,Hell's Kitchen,40.76274,-73.99320999999999,Entire home/apt,120,30,3,2019-01-11,0.25,20,289
30557292,TRAVELERS + STUDENTS + NYC LOVERS WELCOME! L/1,229147376,Melly,Brooklyn,Bedford-Stuyvesant,40.68549,-73.9573,Private room,48,15,2,2019-01-03,0.31,11,189
13311392,420 friendly COZY BRICK EXPOSED PVT RM,75030544,Sunny,Brooklyn,Bedford-Stuyvesant,40.68155,-73.91435,Private room,70,12,27,2019-06-16,0.73,4,342
14886600,"Midtown East Studio Apt ~ Private, Cozy & Bright",93373413,Meg,Manhattan,Midtown,40.75735,-73.96438,Entire home/apt,198,2,22,2019-06-30,0.64,1,8
25780953,Large one-bedroom in heart of West Village,2572082,Blair,Manhattan,West Village,40.73492,-74.00418,Entire home/apt,250,2,5,2019-06-24,0.57,1,48
33932806,Trendy Private BR in Ridgewood Woodbine,242962235,Yuval,Queens,Ridgewood,40.70885,-73.89634000000001,Private room,34,30,0,,,23,136
19245830,Sunny Spacious Room + Private Bathroom in Bushwick,20507114,Tian,Brooklyn,Bushwick,40.70068,-73.92293000000001,Private room,60,3,8,2017-09-24,0.33,1,0
18893669,"Master Bedroom w/ TV, AC, King Sized Bed",31314659,Muneer,Manhattan,East Harlem,40.79439,-73.94129000000001,Private room,75,7,0,,,1,0
20863293,"Bright Private room, perfect for fashion week!",24639450,Sean,Queens,Ridgewood,40.6988,-73.90725,Private room,55,2,0,,,1,0
4384442,Bedroom in Crown Heights,7010789,Adriana,Brooklyn,Crown Heights,40.67054,-73.95668,Private room,45,2,1,2016-06-29,0.03,1,0
6256470,The Most Affordable 3BR Apartment,17264040,Junior,Bronx,Mount Hope,40.84626,-73.90473,Entire home/apt,105,2,80,2019-06-15,1.66,2,365
31441434,Huge family 2 bedroom in Ideal Upper Manhattan,136081476,Rebecca,Manhattan,Harlem,40.8087,-73.94157,Entire home/apt,150,2,17,2019-06-16,3.31,1,19
3412633,Sunny top floor loft with skylight in downtown NY,1964249,Stina,Manhattan,Lower East Side,40.72012,-73.99091999999999,Entire home/apt,146,11,50,2019-06-04,0.82,1,0
2049322,Private room in Brooklyn Loft,9446761,Paul,Brooklyn,Williamsburg,40.70371,-73.93344,Private room,45,7,0,,,1,0
6687933,"Clean, Trendy, Private Room in LES",35000945,Jacqueline,Manhattan,Lower East Side,40.71748,-73.98364000000001,Private room,60,1,0,,,1,0
13571116,Private Room in Large Airy Apartment,54797779,Sofia,Manhattan,Harlem,40.820040000000006,-73.95063,Private room,40,2,3,2017-01-23,0.1,1,0
7839972,Manhattan Penthouse 1 Bdrm Apt,2905589,Phong,Manhattan,Midtown,40.74645,-73.9853,Entire home/apt,239,4,4,2015-10-26,0.09,1,0
377217,Great apt on the UWS - A RARE FIND!,1895957,Ido,Manhattan,Upper West Side,40.78161,-73.97898,Entire home/apt,145,3,22,2017-04-14,0.25,1,0
25415951,Large Manhattan Artist Flat,798380,Chris,Manhattan,Inwood,40.86029,-73.92984,Entire home/apt,120,7,1,2018-08-10,0.09,1,172
22353249,Chambre spacieuse,44410626,Cindy,Manhattan,Inwood,40.86318,-73.9221,Private room,50,4,0,,,1,0
26129270,"Mi casa es su casa, La casa de Pupilos",6724903,Edgard,Queens,Middle Village,40.71293,-73.88401999999999,Private room,70,2,20,2019-05-04,1.82,1,224
32613384,Gorgeous Luxury Brooklyn 1 Bedroom Apt,139145066,Kerri-Ann,Brooklyn,East New York,40.67561,-73.88072,Entire home/apt,106,1,33,2019-07-04,7.56,2,15
30811789,Piece of mind in Harlem,2423570,Alex,Manhattan,East Harlem,40.81568,-73.93441999999999,Entire home/apt,150,30,4,2019-05-13,1.13,1,345
9904570,HighRise Bryant Park Apt w NYC View,3631872,Rui,Manhattan,Midtown,40.75342,-73.98729,Entire home/apt,200,4,3,2016-03-22,0.07,1,0
13824091,"Empty 3 bedroom apartment in Bushwick, Brooklyn",5341236,Christina,Brooklyn,Bushwick,40.69477,-73.92376,Entire home/apt,45,5,8,2019-02-28,0.22,2,0
15735169,Spacious studio in Upper East Side,85726670,Priscilla,Manhattan,Upper East Side,40.77043,-73.95557,Entire home/apt,150,3,2,2019-06-09,0.08,1,0
670767,Bookcase Room with Hidden Door!,3363720,Kate,Brooklyn,Bushwick,40.68796,-73.91906,Private room,42,5,70,2019-04-29,0.88,3,236
9529493,Large hip open-space loft,1461344,Adam,Brooklyn,Williamsburg,40.71218,-73.95766,Entire home/apt,245,3,20,2019-07-01,0.46,1,128
30442508,Bedroom in Brooklyn Madison 3R-1,226410657,Nina,Brooklyn,Bedford-Stuyvesant,40.68567,-73.93123,Private room,42,30,0,,,27,358
15498370,Room in Modern Apartment.,7529823,Sean,Brooklyn,Crown Heights,40.67453,-73.94537,Private room,45,2,109,2019-06-18,3.3,1,131
335819,Bklyn 4 Beds 1 Bathroom Rental 3,1709216,Steve And Heather,Brooklyn,East Flatbush,40.63759,-73.9459,Entire home/apt,115,3,51,2019-04-27,0.58,4,327
20583443,Chic & Sunlit  w/ a lovely Private Terrace in LES,1488713,Kelsi,Manhattan,Lower East Side,40.71902,-73.99027,Entire home/apt,300,3,33,2019-06-10,1.44,1,58
8217454,The Notorious B.N.B. {Custom},1177497,Jessica,Brooklyn,Clinton Hill,40.68971,-73.96695,Private room,199,1,20,2019-01-03,0.45,11,365
20296968,Quiet Hells Kitchen Studio steps from Times Square,28340376,Anna,Manhattan,Hell's Kitchen,40.76125,-73.99299,Entire home/apt,164,2,85,2019-07-01,3.67,1,0
2570488,Union Square - Best NYC location,153675,Matteo,Manhattan,East Village,40.73112,-73.98558,Private room,90,5,109,2019-06-22,1.73,2,21
18734568,"Room in sunny, relaxing apartment in Ft. George",130307692,Mara,Manhattan,Washington Heights,40.85618,-73.93085,Private room,44,2,7,2017-07-23,0.27,1,0
14024257,1 Room in 2 Bed Apt in the heart of Nolita/Soho,14399467,Caroline,Manhattan,Nolita,40.72203,-73.99498,Private room,320,4,6,2017-10-30,0.18,2,0
31057368,2 bedroom apt in the heart of Bushwick (House),13143585,Robert,Brooklyn,Bushwick,40.69577,-73.92612,Entire home/apt,250,2,1,2018-12-30,0.16,2,0
13709910,CUTE & QUIET ROOM IN A BROWNSTONE IN CLINTON HILL,10366292,Lea,Brooklyn,Clinton Hill,40.6854,-73.96395,Private room,45,7,1,2017-10-11,0.05,3,0
36035471,Breezy Plant Filled Oasis w/ Warm Miminalism,23436595,Greem,Brooklyn,Greenpoint,40.72803,-73.95557,Entire home/apt,180,3,0,,,2,262
22308824,Clean and Comfy Home,56704653,Jesus,Manhattan,East Harlem,40.7976,-73.93388,Entire home/apt,170,2,0,,,1,0
21056510,G1 Newly Renovated Long Island City Room,79105834,Leo,Queens,Long Island City,40.75599,-73.93415,Private room,55,1,76,2019-06-06,3.56,9,229
32443972,Bright/Cozy 1 Bedroom Condo in Heart of Brooklyn!,243716532,Daniel,Brooklyn,Bedford-Stuyvesant,40.69067,-73.95823,Entire home/apt,120,5,12,2019-07-07,3.87,1,137
479263,Mini Loft Williamsburg Bkln-Bedford,2373905,Jaime,Brooklyn,Williamsburg,40.7182,-73.95763000000001,Entire home/apt,145,30,36,2019-01-19,0.42,1,342
5352301,Housing for SGU/AUA/SABA/ROSS students,27741331,Lyn,Brooklyn,East Flatbush,40.65777,-73.92263,Private room,27,30,9,2019-03-23,0.18,2,345
28135693,"Girls House - ""Azalea"" Loft Upper Bed 紐約民宿",101491116,Tong,Brooklyn,Cypress Hills,40.68385,-73.87088,Shared room,25,1,26,2019-06-30,2.57,6,23
24116708,brooklyn next prospect park,279067,Manami,Brooklyn,Prospect-Lefferts Gardens,40.65618,-73.95784,Private room,40,7,0,,,1,53
11605693,Noir Apartment in Chinatown - Private Room,61420312,Jay,Manhattan,Two Bridges,40.71222,-73.99566,Private room,75,2,25,2019-06-10,1.04,1,271
19325562,Private Room in East Village Apartment,119968055,Michelle,Manhattan,East Village,40.72706,-73.98583,Private room,100,1,0,,,1,0
32042820,Harlem Sweets 2,187419882,Terrence & Skye,Manhattan,Harlem,40.82885,-73.9412,Private room,62,1,1,2019-05-06,0.47,3,72
21136851,Massive Luxury 1BR Condo in Astoria / LIC,5760970,Chris,Queens,Ditmars Steinway,40.76982,-73.90254,Entire home/apt,150,2,18,2019-05-19,0.86,2,364
1542279,nice room in bedstuy L,6885157,Randy,Brooklyn,Bedford-Stuyvesant,40.6839,-73.95042,Private room,55,1,126,2019-06-19,1.77,15,343
18637912,Family-friendly Bright Studio in Our Brooklyn Home,129497806,Jody,Brooklyn,East Flatbush,40.65064,-73.95045,Entire home/apt,94,2,73,2019-06-29,3.09,1,66
25163519,Fabulous  brand new 1BR across park in Manhattan,40875021,Scott,Manhattan,East Harlem,40.79372,-73.93552,Entire home/apt,150,1,18,2019-06-22,1.32,3,355
2723515,Stylish Pre-war,9652075,Devin,Brooklyn,Clinton Hill,40.69418,-73.9677,Entire home/apt,124,4,65,2019-07-01,1.06,1,165
9408123,Beautiful Loft - Willimsbrg Bedford,31368679,Brenda,Brooklyn,Williamsburg,40.71914,-73.95709000000001,Entire home/apt,280,1,13,2016-10-29,0.3,1,363
12834386,Awesome spacious room by the park,1216362,Camila,Brooklyn,Flatbush,40.65424,-73.96008,Private room,73,1,43,2018-11-01,1.37,4,188
7491626,Balcony Oasis & Open View - 20 min to Manhattan,30662827,Nicole,Queens,Astoria,40.767,-73.93051,Entire home/apt,95,4,1,2016-07-08,0.03,1,0
31881336,New large beautiful room with private bathroom,5704932,Victor,Bronx,Fordham,40.86566,-73.88748000000001,Private room,65,2,6,2019-06-25,1.18,3,77
36044645,"Cozy, perfect located, Room in the middle of NYC",271170087,Ricardo,Manhattan,Hell's Kitchen,40.76557,-73.9909,Private room,185,4,1,2019-06-30,1.0,1,50
34935216,"Spacious, bright & charming 1-bedroom in East Vil.",2982441,Maher,Manhattan,East Village,40.7319,-73.98658,Entire home/apt,180,8,1,2019-06-17,1.0,1,188
33571420,"DEMETRIO’S ROOM
Close to JFK and LGA Airport",245710234,Marcelo Y Lucio,Queens,Elmhurst,40.72997,-73.87183,Private room,51,1,20,2019-06-25,6.38,4,365
19134112,Clean and Cozy 1br Home in heart of Soho/Nolita,16308791,Sara,Manhattan,Little Italy,40.717690000000005,-73.99854,Entire home/apt,236,2,55,2019-06-24,2.24,1,314
2094213,Large Stylish 1.5 BR Noho/Nolita,10642609,Laura,Manhattan,NoHo,40.72477,-73.99323000000001,Entire home/apt,255,2,8,2017-01-02,0.12,1,0
347865,ARTY 2 BED EAST VILLAGE GEM,251176,Jason,Manhattan,East Village,40.72143,-73.98116999999999,Entire home/apt,189,3,265,2019-06-24,2.99,2,355
20729133,Cool Brownstone for September,31306976,Hunter,Brooklyn,Bedford-Stuyvesant,40.69155,-73.93661999999999,Private room,49,7,5,2019-04-28,0.23,1,56
7870442,Spacious Upper West Side Studio,25613217,Maya,Manhattan,Upper West Side,40.80049,-73.96064,Entire home/apt,96,1,2,2016-07-04,0.05,1,0
498859,"NYC 30 min by Subway, Brooklyn 2",2462260,Dimitry,Brooklyn,Brighton Beach,40.5822,-73.96392,Entire home/apt,169,4,63,2019-07-06,1.27,1,323
1089542,Private Cozy Bedroom in Brooklyn,663764,Karen,Brooklyn,East Flatbush,40.6536,-73.94883,Private room,47,2,248,2019-05-05,3.27,2,0
11204018,"Comfy, quiet room next to subway!",7678663,Ella,Brooklyn,Crown Heights,40.66727,-73.95274,Private room,40,4,1,2016-03-27,0.03,1,0
11441498,Lincoln Center Apartment,26104727,Ambika,Manhattan,Upper West Side,40.771370000000005,-73.98321,Entire home/apt,180,1,0,,,1,0
21596559,佳源家庭旅馆,157067019,Ada,Queens,Flushing,40.76498,-73.82904,Private room,55,1,34,2019-07-07,1.73,3,78
21936073,"Charming 1BR - King Bed, Full Kitchen, Laundry",6041929,Degelis,Manhattan,West Village,40.73253,-74.00859,Entire home/apt,220,4,11,2019-05-07,0.65,1,189
21667658,Spacious Williamsburg 1BR with designer ammenities,8471197,Taya,Brooklyn,Williamsburg,40.70981,-73.95343000000001,Entire home/apt,175,3,28,2018-06-24,1.43,1,0
4097279,A room with a window,2705041,Alexa,Manhattan,East Village,40.73131,-73.98321,Private room,105,2,0,,,1,0
2515876,"Comfortable, spacious “ 1 bedroom “ apartment",12878653,Nicholas P,Queens,Astoria,40.763740000000006,-73.90965,Private room,59,14,19,2019-05-07,0.31,1,346
9429015,Amazing Location! mid-70s 1BR @ Columbus,13129524,Whitney,Manhattan,Upper West Side,40.78198,-73.97803,Entire home/apt,275,1,4,2016-06-26,0.09,1,0
34205286,Sonder | Upper East Side | Airy 1BR + Gym,219517861,Sonder (NYC),Manhattan,Upper East Side,40.7639,-73.96432,Entire home/apt,150,29,0,,,327,220
9478370,Spacious and comfortable 1Br apt close to NYC.,8200337,María Cristina,Queens,Sunnyside,40.74538,-73.92139,Entire home/apt,115,2,6,2018-07-02,0.18,1,0
2488227,COZY 1 BR IN COOL LOWER EAST SIDE,12732385,Asaf,Manhattan,Lower East Side,40.72005,-73.98609,Entire home/apt,180,6,55,2019-06-15,0.85,1,97
9496372,W 4th Ground Floor 1bd Apt,8472477,Scott,Manhattan,West Village,40.73095,-74.00242,Entire home/apt,132,1,1,2016-01-03,0.02,1,0
21354164,Bushwick 1Br on Jefferson St.,32941922,Trevor,Brooklyn,Bushwick,40.70442,-73.92553000000001,Entire home/apt,200,2,2,2017-12-03,0.1,1,0
2144319,"Cheap, furnished private room",10945216,Rebecca,Brooklyn,Crown Heights,40.67177,-73.95221,Private room,40,1,1,2014-01-04,0.01,1,0
14823526,"Located in heart of SOHO, super convenient!",9390190,Amy,Manhattan,SoHo,40.72281,-73.9987,Private room,120,1,9,2018-10-28,0.35,4,89
34592979,"Dreamy Nolita 1BR w/ W/D, Heated Bathroom, above SoHo cafe, by Blueground",107434423,Blueground,Manhattan,Nolita,40.72399,-73.99426,Entire home/apt,314,30,0,,,232,341
31106126,Entire Luxurious private Studio Near LGA Airport,155691570,Mili,Queens,East Elmhurst,40.75812,-73.87195,Entire home/apt,80,1,36,2019-06-17,5.71,5,150
21104475,Near LGA cozy room.,152177080,James &,Queens,East Elmhurst,40.77063,-73.87543000000001,Private room,45,1,222,2019-06-20,10.39,1,164
36105607,NYC apartment located in Midtown Manhattan,271591823,Rob,Manhattan,Kips Bay,40.73835,-73.98121,Private room,150,2,0,,,1,31
22338452,Comfortable East Village 1 Bedroom,4122771,Kara,Manhattan,East Village,40.72813,-73.98132,Entire home/apt,175,2,0,,,1,0
9435931,2Bed/ 2Bath Impeccable Stylish Brooklyn Home,5037211,Mariana,Brooklyn,Greenpoint,40.72104,-73.94805,Entire home/apt,275,5,77,2019-06-29,1.89,2,6
8001648,New 3BR~Prime Midtown~Design Loft,2119276,Host,Manhattan,Midtown,40.74947,-73.98257,Entire home/apt,250,90,3,2017-05-31,0.08,39,0
18257701,Cozy 1 BR w/ Natual Sunlight & Exposed Brick,125585107,Krishaine,Brooklyn,Bedford-Stuyvesant,40.68661,-73.91707,Private room,65,2,2,2017-05-16,0.08,1,0
6304002,Luminous Modern Apt Share for Young Professionals,2822805,Ollie,Brooklyn,Bedford-Stuyvesant,40.68563,-73.94953000000001,Private room,60,30,23,2019-03-29,0.48,8,244
33782555,"Cute and cozy, great downtown Manhattan location!",18885469,Leila,Manhattan,Chinatown,40.71483,-73.99801,Shared room,53,1,7,2019-06-26,2.92,1,58
17874595,Private room in a peaceful home ❤,122372251,Christopher,Manhattan,East Harlem,40.79274,-73.94286,Private room,65,1,81,2018-04-21,2.93,1,0
30041537,"""Home sweet Home""  Welcome friends",224315550,Leonardo,Brooklyn,Williamsburg,40.70956,-73.96552,Private room,90,2,39,2019-06-26,5.37,2,78
13245721,Gorgeous 1 BD in the West Village,10039614,Parth,Manhattan,West Village,40.73506,-74.00518000000001,Entire home/apt,249,1,0,,,1,0
30325604,1 BDRM avail in sunny apartment in Williamsburg,10860700,Sarah,Brooklyn,Williamsburg,40.71293,-73.94283,Private room,120,2,11,2019-06-21,1.76,2,117
18348512,NYC Hells Kitchen 51St ﾐｯﾄﾞﾀｳﾝｳｴｽﾄｻｲﾄﾞ,126984603,Val &Yuko,Manhattan,Hell's Kitchen,40.76534,-73.9894,Private room,65,5,31,2019-07-06,1.2,1,54
16048422,Cute Greenpoint room,25599837,Louise,Brooklyn,Greenpoint,40.734190000000005,-73.95675,Private room,60,3,1,2017-01-02,0.03,1,0
36348535,Gorgeous large 3 bedroom apartment in Williamsburg,14598000,Daniel,Brooklyn,Williamsburg,40.70802,-73.94053000000001,Entire home/apt,200,4,0,,,2,315
30541439,Brooklyn room with Empire State building view,56665831,Perrine,Brooklyn,Bedford-Stuyvesant,40.68947,-73.95269,Private room,99,5,1,2019-01-02,0.16,1,0
243708,Williamsburg  - Quiet and Comfy stay,288711,Andy,Brooklyn,Williamsburg,40.70875,-73.95508000000001,Entire home/apt,199,30,242,2019-04-01,2.59,1,102
5534192,"Spacious, cozy 1BR in Washington Heights",28696923,Steven,Manhattan,Washington Heights,40.84347,-73.93406,Entire home/apt,99,1,8,2016-12-04,0.23,1,0
22698756,☆Cozy Brooklyn Condo 18 minutes from Manhattan☆,13203970,Queen Sheba,Brooklyn,Bedford-Stuyvesant,40.67974,-73.91705,Entire home/apt,97,2,44,2019-06-26,2.92,1,174
26386411,Cozy Modern Room in Greenpoint - GREAT LOCATION!,129559316,Tk,Brooklyn,Greenpoint,40.72225,-73.94328,Private room,115,1,6,2018-09-27,0.49,1,0
1183236,Fantastic 1 BR in massive share.,6472794,Joel,Queens,Long Island City,40.74984,-73.91834,Private room,60,1,0,,,1,0
9590866,Amazing 1bd in the heart of NYC!!!,49641082,Gary,Manhattan,Harlem,40.81872,-73.94491,Private room,39,1,0,,,1,0
19345943,Stylish Large Bright Brooklyn Loft!!,3919533,Piya,Brooklyn,Bushwick,40.69971,-73.93729,Entire home/apt,162,2,46,2019-06-25,1.92,1,19
36102578,***New*** Explore the NYC in this Brooklyn Oasis,271568898,Gabriel & Aquanna,Brooklyn,Cypress Hills,40.67814,-73.89286,Entire home/apt,150,1,0,,,1,9
27958130,Big beautiful room with tons of sunlight,25710035,Blaine,Brooklyn,Bushwick,40.69695,-73.92268,Private room,37,28,1,2018-10-31,0.12,1,0
13529037,Private Green Apple Brownstone Studio Harlem NYC,7202412,Ephraim,Manhattan,Harlem,40.81589,-73.94648000000001,Entire home/apt,110,4,125,2019-06-20,3.37,4,44
17759482,"Clean, beautifully modernized, vintage apartment",32012247,Isaiah,Manhattan,Lower East Side,40.72194,-73.98940999999999,Shared room,68,1,5,2017-06-18,0.18,1,0
32713924,Bnb n Spa 30 minutes from Manhattan,22125997,Lilly Rose,Bronx,Westchester Square,40.84077,-73.8487,Private room,50,3,6,2019-06-03,1.62,2,27
21392488,Middle village,118697704,Selina,Queens,Middle Village,40.71285,-73.87626999999999,Entire home/apt,250,2,4,2018-10-07,0.19,1,364
13093381,"West 23rd Street, Lux Chelsea Studio svcd apt",22541573,Ken,Manhattan,Chelsea,40.74651,-74.00563000000001,Entire home/apt,219,30,1,2017-08-11,0.04,87,340
13762234,Lovely 1BR on the Upper East Side,9251010,Marina,Manhattan,Upper East Side,40.7732,-73.95173,Entire home/apt,175,2,8,2016-12-12,0.23,1,0
27405874,Neat and quiet space for you.,206538133,Gayle,Manhattan,Financial District,40.70522,-74.00728000000001,Entire home/apt,175,2,1,2018-08-26,0.09,1,0
28811035,New York House,217293060,Mohan,Manhattan,Greenwich Village,40.73278,-73.99712,Entire home/apt,175,90,0,,,4,311
15261353,Sunny Studio in Midtown Manhattan,2742827,Christiane,Manhattan,Kips Bay,40.74533,-73.9772,Entire home/apt,128,2,5,2018-05-28,0.19,1,0
1185525,Peaceful Brooklyn Flat,6483295,Jason,Brooklyn,Bay Ridge,40.63719,-74.03489,Entire home/apt,80,3,38,2019-05-01,0.53,1,192
6384622,Sunny room right by park!,31752474,Tine,Brooklyn,Prospect-Lefferts Gardens,40.6608,-73.96197,Private room,45,14,9,2017-04-06,0.19,2,0
20483387,Bed-Stuy top floor room w/ extreme natural light,6824234,Stephan,Brooklyn,Bedford-Stuyvesant,40.6897,-73.93078,Private room,50,4,1,2018-01-03,0.05,1,0
17692837,"Manhattan Large, room by CUNY& Columbia University",27378293,Lendy,Manhattan,Harlem,40.82837,-73.94854000000001,Private room,86,2,3,2018-09-13,0.11,3,342
4130266,Spacious Sunny Room,21020951,Claudina,Brooklyn,Bedford-Stuyvesant,40.69562,-73.93791999999999,Private room,86,2,11,2018-01-01,0.19,5,311
25027222,Safe 'n Handsome 2,133123832,Parmenides,Manhattan,Upper West Side,40.78802,-73.96925999999999,Entire home/apt,117,30,0,,,3,200
4125515,Cute room in Large Crown heights Apartment,21400616,LeKethia,Brooklyn,Crown Heights,40.67673,-73.9362,Private room,38,2,12,2018-01-01,0.21,2,351
22101914,Huge room  in Bushwick,81466660,Dustin,Brooklyn,Bushwick,40.69608,-73.93133,Private room,45,5,1,2018-12-28,0.16,1,0
29948786,2BR / 2BA - Sleeps 6!,8618782,Anthony,Manhattan,Harlem,40.8063,-73.9558,Entire home/apt,350,3,1,2019-01-01,0.16,1,5
21048346,Room in Hell's Kitchen luxury building,4421545,Adam,Manhattan,Hell's Kitchen,40.76892,-73.99016,Private room,110,3,2,2018-02-06,0.09,1,0
9797293,East Harlem Holiday Stay,5474579,Seun,Manhattan,East Harlem,40.79617,-73.93451999999999,Entire home/apt,85,1,0,,,1,0
22232328,"LUX 2Bed/UWS Gem! 
5 Min Walk to Central Park",57470846,Melissa,Manhattan,Upper West Side,40.78472,-73.97575,Entire home/apt,175,3,0,,,1,0
30715488,New york Multi-unit building,5954813,Sarah,Brooklyn,Clinton Hill,40.68983,-73.96553,Private room,120,15,0,,,1,179
20903359,Prime Location! Luxury Bldg-Lg Rm w/ City Views!,26019828,Sonia,Manhattan,Hell's Kitchen,40.76078,-73.99683,Private room,79,5,1,2017-09-25,0.05,2,0
4502339,Centrak Park North cozy apartment,23349530,Yely,Manhattan,Harlem,40.802040000000005,-73.95656,Shared room,80,1,0,,,1,59
26064299,Private Room! TRENDY location!,192951036,Jasmine,Manhattan,Greenwich Village,40.7278,-73.99976,Private room,129,1,29,2019-05-09,2.28,10,245
22175928,"The CaptainsQuarters, Clean Cozy and Private.",160326327,Jammie,Brooklyn,Cypress Hills,40.68502,-73.87546999999999,Private room,45,2,31,2019-07-06,1.63,3,0
2153435,The best Williamsburg has to offer!,4630562,Edward,Brooklyn,Williamsburg,40.71587,-73.96351,Entire home/apt,320,2,172,2019-07-04,2.99,1,330
3378585,Beautiful Studio Near Times Square ,13535952,Nastassia,Manhattan,Hell's Kitchen,40.76125,-73.99642,Entire home/apt,300,1,0,,,1,0
6761717,Brooklyn Heights Brownstone Duplex,1549503,Alison,Brooklyn,Brooklyn Heights,40.690090000000005,-73.99355,Entire home/apt,195,3,1,2015-06-28,0.02,1,0
5292616,Chelsea Apartment - GREAT LOCATION!!!!,16427090,Frank,Manhattan,Chelsea,40.73933,-73.99879,Entire home/apt,229,3,2,2016-11-01,0.06,1,0
13859134,Near Manhattan & ForestHStadium studio w/ pvt bath,79751520,Julia,Queens,Forest Hills,40.71249,-73.84942,Private room,90,1,31,2018-09-24,0.9,2,1
61406,Great room in great location,297176,Bethania,Manhattan,Harlem,40.80335,-73.9575,Private room,80,14,10,2019-06-01,2.21,2,0
6929738,CLOSE TO EAST SIDE HOSPITALS- Modern 2 Bedroom Apt,25237492,Juliana,Manhattan,Upper East Side,40.76044,-73.96068000000001,Entire home/apt,195,30,7,2018-10-30,0.2,34,304
3404472,Charming Boutique Room in Bushwick,17169449,Kip,Brooklyn,Bushwick,40.69502,-73.90645,Private room,55,3,225,2019-06-30,3.7,1,15
1281023,Your private bedroom in the Upper East Side!,6970732,Sullivan,Manhattan,East Harlem,40.78747,-73.95276,Private room,150,3,18,2019-05-04,0.25,1,0
25783309,1 Bdrm in Beautiful Brownstone filled with light,7185380,Lucia,Brooklyn,Bedford-Stuyvesant,40.68332,-73.93627,Private room,60,3,7,2018-12-16,0.54,1,0
35265786,Cozy bedroom in Long Island City,265506523,Leila,Queens,Astoria,40.756,-73.91589,Private room,80,2,1,2019-07-01,1.0,1,87
23702356,The Yellow CropTop in Harlem NYC,177562935,Virginia,Manhattan,Harlem,40.812740000000005,-73.9455,Private room,147,1,3,2019-04-22,0.3,2,57
33188757,GORGEOUS 1-bdrm with PRIVATE YARD & washer/dryer,249881559,Christopher,Brooklyn,Williamsburg,40.71594,-73.9402,Entire home/apt,135,2,9,2019-06-27,3.86,1,162
35974526,A Private Room in a Unique Apartment in Bushwick!,133138724,Stephanie,Brooklyn,Bushwick,40.68726,-73.91421,Private room,60,1,0,,,1,179
7428365,"City retrieve1 -large bedroom, comfortable / quite",3542562,Jana,Manhattan,Harlem,40.82622,-73.9498,Private room,69,31,1,2017-01-07,0.03,4,64
28243134,Studio in Hamilton Heights Manhattan,3299094,Elena,Manhattan,Harlem,40.82161,-73.94644,Entire home/apt,140,1,4,2019-07-06,0.64,1,8
30036315,Room in Williamburg BK,120939023,Maria Fernanda,Brooklyn,Williamsburg,40.71837,-73.95881999999999,Private room,99,2,9,2019-06-17,1.16,2,46
6255407,Cozy & Bright 1 Bedroom,8095903,Christelle,Manhattan,Harlem,40.82903,-73.94123,Entire home/apt,100,1,2,2015-08-26,0.04,1,0
31103138,Best price-City College-1 train 20 min. Times Sq.,231830871,Sait,Manhattan,Harlem,40.81818,-73.95506,Shared room,50,1,27,2019-06-08,5.51,1,98
27107124,Cozy Midtown Studio,204018218,Annika,Manhattan,Hell's Kitchen,40.76668,-73.99656,Entire home/apt,135,2,21,2019-06-10,2.78,1,5
9775146,"Comfy 2BR + Outdoor patio/ Subway 2,3",50396427,Anu -Nicole,Brooklyn,Prospect Heights,40.67702,-73.96445,Entire home/apt,128,28,12,2019-05-09,0.31,1,256
1105845,Convenient Location! 1 BR on 1Floor,3630531,Yuko,Manhattan,Chelsea,40.7457,-73.99775,Entire home/apt,160,4,5,2019-01-01,0.07,1,168
19069649,Big Bedroom in the heart of Manhattan 6r,133130315,Artem,Manhattan,Hell's Kitchen,40.76398,-73.986,Private room,99,3,12,2019-04-28,0.57,6,179
12115597,Convenient Apt w/ private bathroom!,53282710,Weiyi,Manhattan,Upper West Side,40.79546,-73.96452,Private room,98,3,2,2016-08-06,0.05,1,0
8540941,Sunny & Quiet Room in Woodside,6653707,David,Queens,Sunnyside,40.748540000000006,-73.91338,Private room,37,1,0,,,1,0
27705293,Studio Apartment in historic Sugar Hill townhouse,12104046,Paula,Manhattan,Harlem,40.82862,-73.93831999999999,Entire home/apt,85,2,23,2019-07-01,2.24,2,16
4927853,"All-Inclusive Room, Super Cute Apt",331579,Marlon,Brooklyn,Bedford-Stuyvesant,40.68939,-73.92331,Private room,50,3,32,2019-06-23,0.72,2,329
19227532,"Amazing Harlem Apartment on 5th Avenue 
3 bedrooms",134601877,Steven,Manhattan,East Harlem,40.79929,-73.94605,Entire home/apt,350,3,81,2019-06-29,3.46,2,27
20404264,Charming cozy apt in the Heart of Manhattan!,44964062,Edwina,Manhattan,East Harlem,40.7889,-73.9482,Private room,73,3,0,,,1,0
6560165,Large Upper West Side 1 bedroom,23311838,Adrianna,Manhattan,Upper West Side,40.7791,-73.98565,Entire home/apt,175,1,4,2016-06-11,0.08,1,0
32428466,Top floor apt in luxury building - lease takeover,39427266,Alison,Queens,Rego Park,40.73288,-73.86438000000001,Entire home/apt,108,210,0,,,1,270
11905189,Sunny and Charming BedStuy 1-BR/Studio Apt,4323335,Jamie,Brooklyn,Bedford-Stuyvesant,40.686,-73.94629,Entire home/apt,105,4,22,2019-06-29,0.67,1,11
10526335,Awesome Loft in Brooklyn-- easy access to the city,13200818,Jay,Brooklyn,Bushwick,40.69913,-73.91814000000001,Private room,45,3,11,2018-04-16,0.31,1,0
20436075,"Douglaston apartment Room B
(2nd room )",18996093,Leonard,Queens,Douglaston,40.757540000000006,-73.73068,Private room,45,1,12,2019-02-02,0.55,5,226
26756045,vicky客栈3,180991373,Vicky,Queens,Flushing,40.74294,-73.82318000000001,Private room,49,1,25,2019-07-05,2.12,5,46
22209216,Private spacious bedroom 10min from Manhattan!!,79373189,Laureta,Queens,Long Island City,40.75901,-73.93404,Private room,40,1,32,2019-06-23,1.75,2,123
13912267,⚜ Sun-Filled 1BR in Upper East Side ⚜,79675471,Joanna,Manhattan,Upper East Side,40.76858,-73.95345999999999,Entire home/apt,99,2,0,,,1,0
19010965,Amazing Bright Room With Separate Bathroom,27522582,Gabriele,Brooklyn,Bushwick,40.70075,-73.91644000000001,Private room,70,1,0,,,3,0
7824018,"Hell's Kitchen, the ❤️ of the city!",41193978,Caroline,Manhattan,Hell's Kitchen,40.76222,-73.99088,Private room,100,3,4,2016-10-15,0.09,1,0
16933481,Entire 3rd Floor of Brooklyn brownstone,359480,Autumn,Brooklyn,South Slope,40.66398,-73.99041,Entire home/apt,77,3,4,2018-11-25,0.14,1,0
17591452,"2 Bed Apt Brighton Beach, Brooklyn by Beach",119523037,Anna,Brooklyn,Brighton Beach,40.582,-73.96185,Entire home/apt,120,1,119,2019-07-01,4.2,4,85
5084887,Clean & Warm East Village Escape!,26265097,Nancy,Manhattan,East Village,40.7295,-73.98398,Entire home/apt,100,5,1,2015-02-06,0.02,1,0
4621217,Gramercy~New 1BR~Sleeps4~Rono~,2119276,Host,Manhattan,Gramercy,40.73346,-73.98216,Entire home/apt,140,30,7,2018-09-10,0.13,39,332
15984905,Single room 2 (4R),102466916,Luca And Kameko,Manhattan,Harlem,40.80762,-73.94445999999999,Private room,50,30,5,2018-11-18,0.16,6,151
34345750,"Luxurious apartment, accessible 2 transportations",134762059,Renee,Brooklyn,Canarsie,40.63149,-73.90796999999999,Private room,50,1,2,2019-06-11,0.88,2,365
36205674,Large Sunny Room Available,328898,Damion,Manhattan,East Harlem,40.80041,-73.94615,Private room,59,1,1,2019-07-07,1.0,1,42
34180216,Comfy Jfk Room to crash,232251881,Lakshmee,Queens,Jamaica,40.66794,-73.78483,Private room,39,1,15,2019-07-04,6.25,8,0
4280118,"Lovely, light-filled Bushwick flat",1990602,Jessica,Brooklyn,Bushwick,40.70741,-73.92239000000001,Private room,60,3,2,2016-06-22,0.04,1,0
16002841,Cozy studio in Chelsea,104025635,Majeed,Manhattan,Chelsea,40.74786,-73.99526999999999,Entire home/apt,125,1,0,,,1,0
31234496,Cozy space in Brooklyn,9270510,Andres,Brooklyn,Flatbush,40.64689,-73.95862,Private room,45,1,7,2019-06-30,1.46,1,34
12774975,Hamiliton Heights Home,33363604,Lauren,Manhattan,Harlem,40.81934,-73.95668,Private room,50,2,0,,,1,0
35573040,Summer sublet in south slope,16354887,Sonya,Brooklyn,Sunset Park,40.66154,-73.99158,Entire home/apt,109,9,0,,,1,16
13293325,Cozy Beautiful Room Only 20min from Manhattan NYC!,75020731,Stefan,Queens,Ridgewood,40.70219,-73.89859,Private room,45,7,35,2019-07-01,1.29,1,18
20729174,"Six in the City, Stay in Brooklyn Tour New York!",148444212,Sofia,Brooklyn,East Flatbush,40.65413,-73.94846,Entire home/apt,95,4,55,2019-07-02,2.64,1,22
3674757,Cozy Vintage Artist Flat(Williamsburg/Bushwick),2702080,Drew & Kristen,Brooklyn,Bedford-Stuyvesant,40.6916,-73.94714,Private room,77,2,145,2019-06-02,2.42,1,365
1644146,"Quaint, beautiful studio Brooklyn",1338262,Rachel,Brooklyn,Carroll Gardens,40.68468,-73.99145,Entire home/apt,150,3,94,2019-07-01,1.33,3,250
16690832,1 private room in a spacious+quiet Park Slope apt,110522157,Noam,Brooklyn,Park Slope,40.66825,-73.98432,Private room,46,3,4,2018-12-31,0.27,1,72
1987371,"Williamsburg, prime loction, Brooklyn private room",1525582,Christina,Brooklyn,Williamsburg,40.71971,-73.95998,Private room,79,3,176,2019-06-21,2.63,1,37
47362,"LARGE, COMFY 1BDR W/CHARACTER!!!",214148,Robert,Brooklyn,Bedford-Stuyvesant,40.68237,-73.9415,Entire home/apt,175,26,30,2012-09-03,0.29,1,364
21395676,Huge master bedroom in pristine Nolita loft,907037,Morgan,Manhattan,Little Italy,40.71966,-73.99591,Private room,325,2,5,2018-12-09,0.26,1,0
16465524,Shared Room in Brooklyn,40871485,Ajay,Brooklyn,Bay Ridge,40.63821,-74.0273,Shared room,22,5,1,2017-01-14,0.03,1,0
22451363,Perfect block in NYC,164509613,Eduardo,Manhattan,Morningside Heights,40.80414,-73.96498000000001,Entire home/apt,145,1,23,2019-07-05,1.37,1,3
13780748,"Downtown Brooklyn, Luxury-One bed Apartment",22541573,Ken,Brooklyn,Downtown Brooklyn,40.69037,-73.98206,Entire home/apt,202,30,1,2017-09-04,0.04,87,365
27670819,"Large BR in beautiful 2BR artist loft, best of NYC",112545065,Diana,Brooklyn,Bushwick,40.69898,-73.92266,Private room,50,7,1,2019-05-24,0.65,2,55
19860469,Ideal Private Room in the Heart of Williamsburg,80701659,Marie,Brooklyn,Williamsburg,40.7139,-73.9486,Private room,80,5,1,2017-08-29,0.04,1,0
7032930,BROWNSTONE DUPLEX HUGE 1 BEDROOM,14104350,Irving,Brooklyn,Bedford-Stuyvesant,40.68302,-73.94232,Entire home/apt,90,5,25,2019-06-03,0.53,2,347
21695292,1 BR near Union Square,14603774,Matt,Manhattan,East Village,40.73281,-73.9899,Entire home/apt,225,1,1,2017-11-18,0.05,1,0
23792656,G&G Brooklyn Palace,176001804,Garcia,Brooklyn,Prospect-Lefferts Gardens,40.65924,-73.94959,Entire home/apt,125,2,68,2019-06-29,4.45,1,290
1095106,Greenpoint - with your own space!,6016424,Susan,Brooklyn,Greenpoint,40.73026,-73.95596,Private room,72,4,54,2019-06-02,0.72,1,71
25855773,Sunny Beautiful Loft,13307646,Annette,Brooklyn,Bedford-Stuyvesant,40.69537,-73.95642,Entire home/apt,125,18,4,2019-01-03,0.32,1,24
6273500,"Cozy Room, great Apartment, nice and safety area",3759052,Aracelli,Manhattan,East Harlem,40.7882,-73.94762,Private room,50,3,5,2019-03-26,0.13,1,188
16440383,"Cozy &  Comfy Room in quiet Briarwood, Queens, NY",570442,Maria,Queens,Briarwood,40.71357,-73.81985999999999,Private room,85,2,0,,,1,0
32293598,Beautiful Mid-century Modern One Bedroom Apartment,42427156,Lisa,Queens,Astoria,40.76624,-73.91475,Entire home/apt,89,3,18,2019-06-27,4.29,1,0
5031539,GORGEOUS 1BR IN MIDTOWN 1/15-1/19,25974544,Patrick,Manhattan,Hell's Kitchen,40.76263,-73.9887,Entire home/apt,350,1,0,,,1,0
35425596,Trendy 3Bd City Apartment next to the Park! ❤️,266595097,Evelyn,Manhattan,East Village,40.724340000000005,-73.98047,Entire home/apt,340,2,0,,,1,180
30637957,Doorman Elevator Prime Location UN! 5242,16098958,Jeremy & Laura,Manhattan,Midtown,40.75554,-73.96533000000001,Entire home/apt,220,30,0,,,96,332
16132114,Sunny Guestroom 30 mins to Downtown Manhattan,90658585,Faye,Staten Island,Tompkinsville,40.632670000000005,-74.08369,Private room,34,3,24,2019-06-10,0.78,3,159
19264368,Relaxing Room in a Spacious Artist Apartment,314115,Gigi,Bronx,Morrisania,40.8329,-73.89608,Private room,60,5,4,2018-07-29,0.16,1,175
30370448,Cozy Home 2,213781715,Anting,Brooklyn,Greenpoint,40.73291,-73.95281999999999,Private room,119,1,0,,,33,365
9792286,Private room in East Village Apt.,48593918,Aaron,Manhattan,East Village,40.72265,-73.98365,Private room,90,2,187,2019-07-07,4.31,1,86
4060993,Spacious apt. 15 min to Manhattan,21064077,Dan,Queens,Ridgewood,40.70046,-73.90692,Entire home/apt,60,21,5,2017-10-31,0.1,1,0
30540323,NYC East Village Doorman Unit with Private Rooftop,55403309,Justin,Manhattan,East Village,40.7249,-73.98174,Entire home/apt,240,3,1,2019-01-03,0.16,2,0
11557387,EAST RIVER VIEW~HIRISE STUDIO,2856748,Ruchi,Manhattan,Midtown,40.75453,-73.96473,Entire home/apt,205,30,0,,,49,364
27341015,"Bright, Comfy, Conveniently Located Brooklyn Apt.",133298502,Dalila,Brooklyn,Flatbush,40.6498,-73.95591999999999,Private room,100,1,0,,,1,0
26304871,New York City (Downtown) accessibly sleeps 6,197794017,Zoraida,Bronx,Bronxdale,40.85456,-73.86921,Entire home/apt,79,2,36,2019-06-24,3.33,1,10
3678064,Per/night Room Brklyn New York,2120259,Sue,Brooklyn,Crown Heights,40.66709,-73.9514,Private room,55,4,27,2019-07-05,0.46,4,261
7024778,Charming & Modern One Bedroom in BK,238354,Israel,Brooklyn,Clinton Hill,40.68524,-73.9607,Entire home/apt,150,3,125,2019-06-25,2.6,1,271
5860123,Tall Ceilings & Sunlight Galore,16437254,Benjamin,Brooklyn,Bedford-Stuyvesant,40.68449,-73.95893000000001,Entire home/apt,172,30,6,2019-05-11,0.14,21,221
24209867,Spacious Room in Clinton Hill/Bed-Stuy,1218837,Diana,Brooklyn,Bedford-Stuyvesant,40.68993,-73.95947,Private room,58,2,0,,,2,0
19100971,Spacious Bedroom with lots of Natural Light,81745867,Jacqueline,Manhattan,Washington Heights,40.84917,-73.94048000000001,Private room,70,2,2,2018-06-25,0.16,1,0
35191797,High End Upper East Stunner,61391963,Corporate Housing,Manhattan,Upper East Side,40.77957,-73.95475,Entire home/apt,142,30,0,,,91,245
7801034,"Great, sunny 1 bedroom apartment in prime location",41060870,Dan And Lily,Manhattan,Lower East Side,40.72077,-73.98550999999999,Entire home/apt,160,4,0,,,1,0
3200728,Sunlit Room near Prospect Park!,727114,Anthony,Brooklyn,Flatbush,40.64677,-73.96946,Private room,54,10,11,2015-07-03,0.19,1,0
7498981,The little big room,24377694,Kori,Brooklyn,Crown Heights,40.67628,-73.95421999999999,Private room,55,1,1,2017-08-19,0.04,3,0
26417009,Ladies Bedroom Bed 2,119669058,Melissa,Brooklyn,Bedford-Stuyvesant,40.69303,-73.95636,Shared room,38,1,17,2019-06-23,1.39,34,365
13505542,Cozy Room 1 Block from the Train,2417692,Verena,Queens,Astoria,40.75946,-73.91173,Private room,70,10,3,2019-06-14,0.4,2,250
8941820,Ensuite privacy close to Manhattan,46741696,Manchang,Queens,Woodside,40.74688,-73.90674,Private room,70,3,138,2019-06-20,3.1,1,54
21368441,"Spacious Duplex Loft Apt, Dtwn Bklyn, Near TRAINS",120574445,Kay,Brooklyn,Boerum Hill,40.68497,-73.97986,Entire home/apt,200,3,45,2019-07-02,2.29,1,3
34203618,"Well lit room in FiDi, Manhattan-June,July  sublet",225651433,Sruthi,Manhattan,Financial District,40.708,-74.01485,Private room,52,25,0,,,1,99
3780113,Studio apartment,5785240,Laurent,Manhattan,Harlem,40.80919,-73.94815,Entire home/apt,120,3,80,2019-06-29,1.37,1,245
22303956,LARGE Best Loc & View of NYC! 10 Min to Time Sqr,44682387,Sky,Brooklyn,Greenpoint,40.72857,-73.95688,Private room,195,2,72,2019-07-01,3.93,2,165
8883074,"Private bdr in Bushwick, Brooklyn",46474221,Faina,Brooklyn,Bushwick,40.70554,-73.91934,Private room,41,7,0,,,1,0
747159,sunny private room in east village,3801683,Jackson,Manhattan,Gramercy,40.73158,-73.98303,Private room,120,4,132,2019-07-02,1.62,1,267
12867950,Beautiful summer sublet in Astoria,70358943,Jeff,Queens,Ditmars Steinway,40.78192,-73.91439,Private room,40,1,0,,,1,0
12106348,Best Place in the Center of NYC!,64916208,Tim,Manhattan,Chelsea,40.739740000000005,-74.00069,Entire home/apt,206,1,55,2019-01-01,1.41,1,0
8369857,International Meeting Place_Room 2,43371802,Sinaly,Brooklyn,Flatlands,40.62868,-73.92739,Private room,125,4,13,2019-05-19,0.29,5,180
29676028,Cozy and new apartment between LES and Chinatown,223345099,Milica,Manhattan,Chinatown,40.71431,-73.99275,Entire home/apt,170,3,22,2019-06-27,2.84,1,128
34204602,Sonder | 11th Ave | Airy 1BR + Gym,219517861,Sonder (NYC),Manhattan,Hell's Kitchen,40.76166,-73.99691,Entire home/apt,182,29,0,,,327,302
7780335,Sunny studio in Williamsburg,7285322,Allie,Brooklyn,Williamsburg,40.71607,-73.95352,Entire home/apt,150,3,9,2017-12-29,0.2,1,0
5729118,REAL LUXURY my SUNNY alcove studio,12020405,Jen,Manhattan,Upper West Side,40.77556,-73.98416,Entire home/apt,244,4,38,2019-06-12,0.74,1,222
31170814,"Tranquil, Cozy, Comfy Cottage.",125586920,Julie,Bronx,City Island,40.85746,-73.79056,Entire home/apt,175,2,14,2019-06-23,2.66,1,79
8045421,NYC Chelsea Luxury 1BR Apt,30283594,Kara,Manhattan,Chelsea,40.74465,-73.99253,Entire home/apt,129,30,3,2017-12-31,0.07,121,161
29805233,Brand New NYC Apartment: Central Park & Midtown,224238226,Maksum,Manhattan,Upper East Side,40.76263,-73.96880999999999,Entire home/apt,265,6,33,2019-06-16,4.16,1,95
14499123,Spacious  Home 15 Minutes Away From Manhattan,89523770,Ricky & Diana,Queens,Woodside,40.75328,-73.90855,Entire home/apt,300,2,73,2019-06-23,2.14,1,228
9451126,Cosy Carroll Garden Apartment,48970186,Margarita,Brooklyn,Carroll Gardens,40.68315,-73.99387,Entire home/apt,155,4,128,2019-05-26,2.89,2,0
17667194,Sunny budget friendly room in Bushwick,8784337,Austin,Brooklyn,Bushwick,40.6937,-73.91006,Private room,32,5,3,2018-04-09,0.11,1,0
22731353,Cozy apartment in Greenwich Village,27960761,Christopher,Manhattan,Greenwich Village,40.72815,-73.99586,Entire home/apt,150,2,14,2018-04-22,0.79,3,0
13532366,Chill Private Room in Extremely Convenient Place,9540269,Josh,Manhattan,Upper West Side,40.76986,-73.98673000000001,Private room,90,1,1,2016-08-09,0.03,1,0
10542066,Cozy Room/ 10min LGA #2,51531044,Angela,Queens,Jackson Heights,40.75009,-73.87578,Private room,45,1,78,2019-03-22,1.94,4,337
3247291,Comfort and Charm in Harlem Brownstone near Subway,16425715,Soon,Manhattan,Harlem,40.81198,-73.9437,Private room,80,1,134,2019-07-03,4.36,1,227
31340282,SPACIOUS Modern APT in Greenpoint/Williamsburg,155109689,Dolores,Brooklyn,Greenpoint,40.73369,-73.95196999999999,Entire home/apt,172,2,9,2019-06-15,1.61,2,281
26166442,Big bright room near iconic Red Hook hangouts,10448798,Kit,Brooklyn,Red Hook,40.67498,-74.01214,Private room,75,2,6,2018-10-27,0.5,1,0
34358402,A little Gem in the heart of Boerum Hill Brooklyn.,259393574,Sandee,Brooklyn,Boerum Hill,40.68656,-73.98841999999999,Entire home/apt,182,4,0,,,1,70
19441240,Clean Cozy Close Comfortable,16566001,Ebin,Manhattan,Harlem,40.81611,-73.94419,Private room,36,2,11,2017-10-22,0.45,1,0
8166218,Spacious Parisian style apartment,2881763,Miguel,Manhattan,Chelsea,40.73921,-73.99717,Entire home/apt,220,2,3,2016-11-18,0.06,1,0
35127865,Luxury Apartment in Manhattan,70715527,Robert,Manhattan,Upper West Side,40.77367,-73.98879000000001,Entire home/apt,191,1,2,2019-07-02,2.0,1,10
28721018,Brooklyn Sunny room 5 min to subway,174261493,Sophie & Max,Brooklyn,Sheepshead Bay,40.61051,-73.95508000000001,Private room,99,2,10,2019-06-02,1.05,2,0
35789093,Renovated 2 Bedroom next to Manhattan!!!,258094448,Anna,Queens,Astoria,40.75916,-73.92541,Entire home/apt,120,3,0,,,1,105
1682282,Private room in  MANHATTAN NYC,8896180,Facundo Martin /Teresa,Manhattan,East Harlem,40.79053,-73.94398000000001,Private room,90,3,139,2019-07-06,2.38,1,293
6033449,COLUMBIA PRESBYTERIAN MED CTR *AURA* Studio Apt,25237492,Juliana,Manhattan,Washington Heights,40.84035,-73.94089,Entire home/apt,95,30,11,2019-05-25,0.25,34,97
29262635,"Modern 2 Bedroom, Brooklyn Apt! Amazing Amenities!",220468724,Yngrid,Brooklyn,Bedford-Stuyvesant,40.6775,-73.92281,Entire home/apt,149,2,73,2019-07-07,8.62,1,93
7500228,"Charming cozy bedroom, Downtown",16960158,Monte,Manhattan,Battery Park City,40.71011,-74.01456999999999,Private room,99,2,31,2016-06-26,0.65,1,0
35601251,7minutesToSubway.NearMaimonidesSmallRoom,163625145,Steven,Brooklyn,Borough Park,40.64405,-73.99125,Private room,38,2,0,,,3,171
5796405,Manhattan Condo at Midtown 45,24126726,Nadine,Manhattan,Midtown,40.75245,-73.97341999999999,Private room,295,1,6,2017-09-19,0.12,3,0
16814803,Cozy Room in Home with Backyard Near Metro,23878336,Armando,Bronx,Fordham,40.86925,-73.89534,Private room,60,3,101,2019-06-23,3.43,10,83
21933969,Gowanus-Park Slope- Queen Studio Room,159091490,Melissa,Brooklyn,Gowanus,40.6784,-73.98447,Private room,129,1,32,2019-07-07,1.62,17,363
3172778,PRIME WILLIAMSBURG FAMILY ART LOFT,16109802,Daphna,Brooklyn,Williamsburg,40.71262,-73.95676,Entire home/apt,170,7,20,2019-06-30,0.33,1,44
4891616,"Very spacious, clean Manhattan Apt",25168328,Daniel,Manhattan,Harlem,40.823890000000006,-73.94033,Entire home/apt,70,1,1,2016-02-01,0.02,1,0
5168749,LIC Super Sunny & Spacious 1BR Apt,10433019,Serene,Queens,Long Island City,40.74401,-73.95094,Entire home/apt,135,30,3,2019-06-30,0.06,1,231
449130,Your Own Private Entrance Studio in Stylish Duplex,2229582,Yamil,Manhattan,Harlem,40.8179,-73.94319,Private room,94,1,95,2019-06-28,1.09,1,18
29519083,Entire Apt in the center of NYC,60525649,Lixia,Manhattan,Hell's Kitchen,40.75464,-73.99542,Entire home/apt,120,2,9,2019-06-30,1.08,1,2
34619743,Massive One Bedroom with Office /Yoga Room /Yard,10099608,Alexa,Brooklyn,Greenpoint,40.72455,-73.94633,Entire home/apt,149,3,2,2019-06-19,2.0,1,6
6806282,Cozy Room in Charming East Village,4055091,Tina,Manhattan,East Village,40.729490000000006,-73.98012,Private room,80,1,0,,,1,0
13417410,Zions Destiny Home away from Home !,76453466,Devon,Brooklyn,East Flatbush,40.66167,-73.92854,Entire home/apt,45,1,112,2019-06-10,2.99,1,244
3765357,Feel at home in Manhattan at charming NY apartment,5160726,Tony,Manhattan,Kips Bay,40.73967,-73.98040999999999,Entire home/apt,200,13,3,2016-05-15,0.05,1,166
35353585,1 BR apt next to Washington Sq (Manhattan),192784843,Adam,Manhattan,Greenwich Village,40.73125,-73.99933,Entire home/apt,300,5,0,,,1,9
34317924,Sonder | The Biltmore | Bright 1BR + Workspace,219517861,Sonder (NYC),Manhattan,Theater District,40.76118,-73.98628000000001,Entire home/apt,154,29,0,,,327,343
14463527,Sunny Room in Greenpoint.,52040778,Sally,Brooklyn,Greenpoint,40.72408,-73.93952,Private room,50,25,0,,,1,5
34139763,Quiet & Modern Serene Bedroom near J subway train,5680111,Timothy,Brooklyn,Bushwick,40.68603,-73.91399,Private room,63,12,2,2019-05-17,1.0,7,130
26861563,Upper West Side Apartment,199315366,Christina,Manhattan,Upper West Side,40.78803,-73.97431999999999,Private room,90,3,1,2018-07-29,0.09,1,0
4129992,Country in the City,20169986,Victoria,Brooklyn,Flatbush,40.63146,-73.96486,Entire home/apt,85,3,12,2018-09-21,0.21,1,97
36207244,Super Cool & Friendly Pad in Prime AreaofBushwick,272314085,Biagio,Brooklyn,Bushwick,40.69718,-73.92328,Private room,44,1,2,2019-07-05,2.0,1,55
22355365,Master room w/ Private Bath in Financial District,100701558,Emeka,Manhattan,Financial District,40.70521,-74.00678,Private room,100,1,0,,,1,0
33996094,Astoria Prime- 5 Min to LaGuardia/20 Min to NYC!,60737457,Paige,Queens,Ditmars Steinway,40.7733,-73.90569,Entire home/apt,225,1,23,2019-07-06,9.58,1,109
27566002,Modern living in old Harlem (the Scream1),2802223,Raluca,Manhattan,Harlem,40.82789,-73.93812,Private room,60,30,5,2018-10-13,0.47,2,0
6090,West Village Nest - Superhost,11975,Alina,Manhattan,West Village,40.7353,-74.00525,Entire home/apt,120,90,27,2018-10-31,0.22,1,0
5207973,Bright 2BD in East Village,26942242,Alfred,Manhattan,East Village,40.7295,-73.98623,Entire home/apt,230,2,1,2015-03-31,0.02,1,0
1975999,Luxury studio,10200352,Marie,Manhattan,Chelsea,40.74163,-73.99857,Entire home/apt,189,3,9,2019-05-13,0.87,1,0
6699725,Quiet room around corner fr. Subway,34914311,Sandrine,Bronx,Longwood,40.8198,-73.90341,Private room,99,1,0,,,1,0
33937108,#2 ROOM 4LEDY (4 guests),256235740,Levi,Brooklyn,Crown Heights,40.66779,-73.93729,Shared room,45,2,0,,,3,179
7803828,Spacious Private Bedroom,8375500,Rosario,Manhattan,Washington Heights,40.83261,-73.94328,Private room,46,2,9,2017-05-20,0.19,1,0
22848378,Prime Union Square Location Private,9630772,Nada,Manhattan,Gramercy,40.73609,-73.98566,Private room,149,4,10,2019-01-02,0.65,2,0
26259541,Cozy sunny loft in East Williamsburg,5314938,Olya,Brooklyn,Williamsburg,40.70937,-73.94113,Private room,94,2,18,2019-06-23,1.48,1,0
30400683,Amazing place Harlem (10 min walk Central Park),36747057,Roberto,Manhattan,Harlem,40.80666,-73.95691,Private room,90,6,4,2019-03-24,1.02,1,0
19123591,Cozy South Williamsburg,86134456,Frankie,Brooklyn,Williamsburg,40.7069,-73.95498,Private room,45,5,2,2017-07-18,0.08,1,0
13331393,1BR Luxurious Furnished NY Apt - Times Square!,30283594,Kara,Manhattan,Theater District,40.75956,-73.98512,Entire home/apt,239,30,0,,,121,363
8097567,Giant Sunny Room at Brooklyn&Breakfast,344035,Brooklyn&   Breakfast    -Len-,Brooklyn,Prospect Heights,40.67811,-73.97126,Private room,85,1,222,2019-06-27,4.98,13,290
33973347,Beautiful private bedroom in UES/East Harlem,41348157,Petra,Manhattan,East Harlem,40.7929,-73.9391,Private room,90,2,2,2019-06-23,2.0,3,0
28046851,Bellrose  Home - 15 minutes from both NYC airports,211860521,Tamara,Queens,Bellerose,40.72908,-73.72778000000001,Private room,105,3,7,2019-05-31,0.76,2,343
30096719,Small studio in historic Clinton Hill,188896,Ellen,Brooklyn,Clinton Hill,40.6887,-73.96668000000001,Entire home/apt,98,1,32,2019-07-02,4.1,2,257
6712530,⭐️Harlem getaway w/ great amenities,10771238,Justin,Manhattan,Harlem,40.82608,-73.9525,Private room,80,2,185,2019-06-19,3.72,3,203
30378211,Shared Studio (females only),200401254,Meg,Manhattan,Greenwich Village,40.73094,-73.999,Shared room,110,999,0,,,1,365
35092820,Fantastic 2 Bedroom Apt Near Times Square,263753140,Neal,Manhattan,Hell's Kitchen,40.76194,-73.99074,Entire home/apt,350,1,2,2019-06-22,2.0,1,304
16066417,Brooklyn Getaway,27294350,Jocelyn,Brooklyn,Bushwick,40.69369,-73.9291,Private room,55,3,0,,,1,0
12558102,Studio Apt with Private Backyard,68070597,Joe,Brooklyn,Bedford-Stuyvesant,40.69756,-73.93893,Entire home/apt,80,21,0,,,1,0
19240100,"Light/Bright Artist's Studio in Red Hook, Brooklyn",29735603,Lisa,Brooklyn,Red Hook,40.6799,-74.01146999999999,Entire home/apt,90,7,3,2018-11-02,0.13,1,215
15220143,Cozy Clean Room in Manhattan's Upper West Side,1317884,Angela,Manhattan,Upper West Side,40.79512,-73.9733,Private room,100,2,45,2019-05-24,1.36,1,83
12965288,"COZY HOME, BEST LOCAL ACCESS!",11071244,Nick,Queens,Long Island City,40.76591,-73.93434,Private room,80,2,49,2018-09-27,1.29,1,0
33367026,Artist apartment in the heart of Brooklyn!,27445710,Nikolay,Brooklyn,Flatbush,40.64582,-73.96479000000001,Entire home/apt,80,1,1,2019-03-29,0.29,1,0
21515092,"Sunny, peaceful room in Ridgewood/Bushwick",102599996,Dean,Queens,Ridgewood,40.70707,-73.91455,Private room,40,30,6,2018-05-02,0.29,1,0
34907354,You can find everything in the neighborhood.,246351353,Erica,Brooklyn,Prospect-Lefferts Gardens,40.66197,-73.95952,Private room,42,2,12,2019-07-08,9.47,1,53
28920156,BEAUTIFUL LUXURY 2BDR APARTMENT ON PARK AVE,217996544,Ofir,Manhattan,Midtown,40.74407,-73.98385999999999,Entire home/apt,249,3,0,,,2,179
27425265,Brooklyn House,147590647,Ava,Brooklyn,Dyker Heights,40.61699,-74.01042,Private room,55,1,39,2019-07-07,3.45,1,45
29628681,New York Apartment close to many attractions,223027077,Keegan,Manhattan,Upper East Side,40.7631,-73.95866,Entire home/apt,150,1,2,2018-12-30,0.25,1,0
22100970,Luxurious 1 Bedroom Fully Renovated,61391963,Corporate Housing,Manhattan,Kips Bay,40.74241,-73.97954,Entire home/apt,142,30,8,2019-04-01,0.42,91,281
28690364,En-suite room with PRIVATE bathroom,120767920,Jimmy &Cindy,Queens,Flushing,40.75548,-73.81371999999999,Private room,53,2,24,2019-07-07,2.61,10,359
29923677,Shop 5th Ave + Explore Central Park,220229838,Chamber Hotel,Manhattan,Midtown,40.76324,-73.97515,Private room,233,2,0,,,11,163
35275591,"Entire Loft, Sunny 2 BR in Brooklyn Navy Yard",51179270,Jirka,Brooklyn,Clinton Hill,40.69704,-73.96704,Entire home/apt,78,7,0,,,1,17
22233039,Room in Central Harlem for the holidays,12821514,Axelle,Manhattan,Harlem,40.80961,-73.94588,Private room,34,2,4,2019-06-26,0.21,1,0
31978518,Apt in historic brownstone on best block in NYC,51414586,Robert,Brooklyn,Fort Greene,40.689040000000006,-73.9759,Entire home/apt,225,3,4,2019-07-06,2.14,1,78
21936288,Infinite Bliss,118807152,Melissa,Queens,Elmhurst,40.74361,-73.87732,Private room,30,1,15,2019-06-30,0.77,1,249
3851911,large sunny pre war studio ,14902860,Velma,Brooklyn,Bedford-Stuyvesant,40.6847,-73.94523000000001,Entire home/apt,115,2,59,2019-06-08,1.02,5,337
4744487,Williamsburg Carriage House w/ yard,24487842,David,Brooklyn,Williamsburg,40.71181,-73.95736,Entire home/apt,118,30,29,2019-01-23,0.52,1,295
30247556,Homey Apt - 5min walk to L Train + Free Cleaning!,154981576,Bedly Bushwick,Brooklyn,Bushwick,40.70115,-73.91105999999999,Private room,37,30,0,,,9,29
3718713,Sleek 1 bdrm in East W'burg/Bwick,18988423,Amanda Reil,Brooklyn,Williamsburg,40.70536,-73.94229,Entire home/apt,100,2,5,2015-12-27,0.09,1,0
24357562,Cozy Apartment- Lower East Side near F/M/J/Z  :),19940836,Justin,Manhattan,Lower East Side,40.71848,-73.98439,Private room,89,1,21,2019-01-29,1.41,1,2
13452474,Charming Studio-Columbus Circle/Hell’s Kitchen,16809858,Arman,Manhattan,Hell's Kitchen,40.76733,-73.98607,Entire home/apt,169,10,6,2018-10-14,0.17,1,280
17524075,Quiet & spacious east village/LES private bedroom,15730200,Ruishu,Manhattan,Lower East Side,40.72131,-73.98508000000001,Private room,150,2,1,2019-04-20,0.37,1,0
33751577,Luxury 3 Bed FiDi Charm Doorman Elevator | Laundry,254429373,James,Manhattan,Financial District,40.70563,-74.00919,Entire home/apt,325,5,7,2019-06-09,2.84,1,131
20227428,Douglaston Apartment Room A,18996093,Leonard,Queens,Little Neck,40.757940000000005,-73.72955999999999,Private room,45,1,12,2019-06-22,0.55,5,133
1283453,Adorable Williamsburg room!,4365496,Sarah,Brooklyn,Williamsburg,40.70794,-73.96077,Private room,112,2,9,2018-01-02,0.37,2,0
19274358,"Luxury Condo-gym,pool,sundeck,sauna in bldg",15897027,Christina,Manhattan,Murray Hill,40.75075,-73.9752,Entire home/apt,278,2,8,2018-04-22,0.32,1,0
25638322,Nice area accessible to all public transportation!,106018910,Maria,Queens,Elmhurst,40.73641,-73.87863,Private room,85,1,2,2018-07-15,0.16,1,0
18517584,Amazing 2-bdrm apartment in Greenpoint with garden,550009,Jenya,Brooklyn,Greenpoint,40.72215,-73.94203,Entire home/apt,137,4,0,,,1,0
28079986,Brooklyn Prospect Park Parade Ground Standard,202837291,Sarahya,Brooklyn,Flatbush,40.64668,-73.9642,Private room,65,1,20,2019-06-22,2.09,2,164
9239252,A clean and warm master bedroom!,47052253,Wenjia,Manhattan,Lower East Side,40.71244,-73.98756,Private room,82,5,0,,,1,0
31493796,Artists House with fire place & roof garden!,18007776,Tyler,Brooklyn,Prospect-Lefferts Gardens,40.65621,-73.9562,Private room,40,3,5,2019-06-22,1.03,4,0
13881787,Williamsburg large and sunny private room,1002452,Florencia,Brooklyn,Williamsburg,40.71124,-73.94861,Private room,57,7,14,2019-05-04,0.39,2,0
16004977,Cosy renovated studio apartment in Bed Stuy,26243457,Lina,Brooklyn,Bedford-Stuyvesant,40.68919,-73.94073,Entire home/apt,80,3,6,2017-09-29,0.24,1,0
12492941,Spacious Room with Private a Patio!,67640934,Paulette,Brooklyn,Bedford-Stuyvesant,40.68361,-73.93845,Private room,60,2,34,2017-09-27,0.88,1,0
31641843,Sunny Bedroom in Williamsburg / Chambre privée,184600679,Raphaëlle,Brooklyn,Williamsburg,40.71013,-73.95206,Private room,85,6,1,2019-04-30,0.43,1,0
2232697,Kate's Place,1726966,Katarina,Brooklyn,Crown Heights,40.67167,-73.92434,Shared room,48,1,146,2019-07-06,2.21,1,0
28701957,"Midtown West, very cozy place with your own room, prime location.",216519008,Sam,Manhattan,Hell's Kitchen,40.76382,-73.98902,Private room,97,3,8,2019-06-05,0.86,2,10
20605399,Brooklyn travel house #6,145802745,Jerry,Brooklyn,Borough Park,40.6357,-74.00508,Private room,170,5,16,2019-03-17,0.7,1,354
1113125,Huge 1br - tons of light - williamsburg,2733465,David,Manhattan,Nolita,40.72068,-73.99576,Entire home/apt,209,1,23,2018-07-23,0.46,1,365
22545840,Habitación comoda,165386495,Maria,Bronx,Fordham,40.85419,-73.89827,Private room,40,2,15,2018-12-16,0.83,1,220
12561615,Stunning Bedroom in Midtown East,68094755,Athena,Manhattan,Midtown,40.757090000000005,-73.96327,Private room,98,3,98,2019-07-03,2.66,1,278
17501131,Artist Home 5 minute walk to Metro 30min from JFK,16356565,Shirley,Brooklyn,Flatbush,40.63356,-73.95073000000001,Shared room,30,3,27,2019-06-24,1.25,2,1
19172071,Cosy One bedroom apartment close to Central Park,14271995,Pierre,Manhattan,Upper East Side,40.76767,-73.9558,Entire home/apt,110,3,8,2018-08-28,0.32,1,0
32502180,1-Bedroom Newly Renovated Cozy Apartment,244217480,Vlad,Staten Island,Arden Heights,40.54857,-74.17628,Entire home/apt,83,30,3,2019-06-28,0.9,1,316
33399665,AC Hotel New York Downtown-7 Nights Min,5144567,Yun,Manhattan,Financial District,40.70569,-74.00403,Private room,169,7,1,2019-05-14,0.53,13,365
34708657,Duplex 4 bed apt fantastic place for 10,261779847,Ben,Manhattan,East Harlem,40.79803,-73.94185,Entire home/apt,350,3,8,2019-06-30,5.11,1,231
15262831,THE PRIVACY DEN ~ 5 MINUTES TO JFK,97086824,Miss Dy,Queens,Springfield Gardens,40.66735,-73.76647,Entire home/apt,49,1,434,2019-06-19,12.84,1,102
34490375,Renovated Executive Suite near Central Park,260639745,Manhattan At Times Square,Manhattan,Theater District,40.76267,-73.9839,Private room,100,1,0,,,15,328
34686108,Modern Upperwest Side Condo,259952789,David,Manhattan,Harlem,40.80317,-73.95559,Entire home/apt,350,1,2,2019-07-06,1.22,1,85
25786994,Manhanton high rising apartment next to the subway,183033408,Jill,Manhattan,Harlem,40.8129,-73.94084000000001,Entire home/apt,99,5,7,2019-03-09,0.63,1,0
20119459,Comfortable medium size room in downtown New York,8962305,Cici,Manhattan,Lower East Side,40.71375,-73.98988,Private room,75,5,3,2018-08-11,0.13,3,11
1847096,Beautiful 1BR in East Village!,3952560,Camille,Manhattan,East Village,40.729690000000005,-73.98151,Entire home/apt,169,5,9,2016-06-05,0.13,1,0
13449844,Upper West Side Apt. w/ Roof Deck,76809352,Kent,Manhattan,Upper West Side,40.78305,-73.97757,Entire home/apt,240,30,4,2017-01-02,0.11,1,0
17714306,Private Room in Brooklyn,53972872,Autumn,Brooklyn,Crown Heights,40.67186,-73.94094,Private room,50,1,6,2018-08-28,0.21,1,0
1699934,SAFE BUDGET IN  Brooklyn  NYC,2015914,Majar,Brooklyn,East New York,40.66874,-73.88548,Private room,75,3,34,2019-04-06,0.49,8,341
7928219,Crown Heights Gem w/ pvt. balcony,6238742,Kilolo,Brooklyn,Crown Heights,40.67702,-73.959,Entire home/apt,115,1,0,,,1,0
30230938,Modern looking private room in Brooklyn's heart,48692009,Luc,Brooklyn,Flatbush,40.64627,-73.95396,Private room,50,1,0,,,1,0
29964470,2 Bedroom Bushwick Apartment,1093220,Chavisa,Brooklyn,Bushwick,40.70328,-73.92474,Entire home/apt,100,5,1,2018-12-28,0.16,3,0
7870403,Mins to Manhattan and Williamsburg!,39840590,Sachiko,Queens,Long Island City,40.74365,-73.95376999999999,Entire home/apt,138,1,227,2019-06-21,4.83,1,21
13924403,Private Room in Kelly&Joes Loft Apt,78529013,Johannes,Queens,Astoria,40.75951,-73.91963,Private room,55,1,0,,,1,0
6462078,Great room near CUMC!,16549175,Alana,Manhattan,Washington Heights,40.84441,-73.94218000000001,Private room,40,6,0,,,1,0
21595950,Private Room Loft w/Outdoor Patio in Williamsburg,40991179,Justin,Brooklyn,Williamsburg,40.72174,-73.95806999999999,Private room,125,3,1,2017-11-26,0.05,2,2
22814281,cozy haven,168613171,Margarita,Brooklyn,Williamsburg,40.71286,-73.95648,Private room,175,3,0,,,1,365
4421826,Manhattan Studio,22927646,Chad,Manhattan,Upper East Side,40.77371,-73.95007,Entire home/apt,250,1,0,,,1,0
550288,Cozy Upper East Side 1 Bedroom,2684478,Brian,Manhattan,Upper East Side,40.78024,-73.94813,Entire home/apt,160,4,16,2019-02-12,0.2,1,0
35164003,Stylish SoHo Apartment,42261215,Daniel,Manhattan,SoHo,40.7245,-74.00444,Private room,150,4,0,,,1,42
22345693,Cozy room in Bushwick Collective,14805627,Giuseppe,Brooklyn,Bushwick,40.7032,-73.92703,Private room,45,2,8,2018-09-03,0.43,1,0
557487,Full apartment close to G & L train,2740824,Lindsey,Brooklyn,Greenpoint,40.72363,-73.9457,Entire home/apt,104,11,22,2019-05-10,0.26,1,0
10708300,Beautiful Garden Apartment Close to Train,55334250,Kara & Tyler,Brooklyn,Crown Heights,40.6643,-73.95196,Private room,97,1,209,2019-06-24,5.02,1,9
637504,Private bedroom in a 2-fam house for solo traveler,3179968,Tony,Queens,Sunnyside,40.73607,-73.92439,Private room,52,3,1,2018-06-04,0.08,1,0
18092438,LOCATION! Coffee and Central Park!,17428203,Christine,Manhattan,Upper East Side,40.77241,-73.94800000000001,Entire home/apt,124,31,0,,,2,0
21769981,Private room w/ bathroom near Prospect Park,157262166,Sweden,Brooklyn,Prospect-Lefferts Gardens,40.65662,-73.95344,Private room,59,2,102,2019-07-07,5.2,2,347
33989177,Large Private Room in Brownstone (4th fl),897871,Raphael,Brooklyn,Bedford-Stuyvesant,40.68171,-73.93346,Private room,90,4,1,2019-05-30,0.75,1,0
21219137,Nice room in LES,22617181,Leonardo,Manhattan,Lower East Side,40.71686,-73.98458000000001,Private room,85,1,1,2018-01-01,0.05,1,0
6216318,"Cozy room in a fun, low-key neighb!",16970067,Jesse,Brooklyn,Williamsburg,40.7137,-73.94214000000001,Private room,105,14,0,,,1,0
7331201,Sunny and Homie BK Apartment,681331,Wes,Brooklyn,Crown Heights,40.66539,-73.96041,Entire home/apt,120,3,5,2016-10-17,0.11,1,0
25745458,Huge and beautiful 2BR in Greenpoint Brooklyn,2483350,Avital,Brooklyn,Greenpoint,40.73503,-73.9547,Entire home/apt,114,10,1,2019-02-07,0.2,1,0
23979650,Charming Bedroom in Luxury Highrise w/ Gym & Sauna,50698186,Tsilala,Manhattan,Financial District,40.70851,-74.0137,Private room,80,2,4,2019-01-02,0.27,1,0
24258565,Stylish Nolita 1 Bedroom,143589,Delia,Manhattan,Nolita,40.72213,-73.99479000000001,Entire home/apt,200,2,22,2019-06-09,1.57,1,3
7411733,Sunny apartment overlooking park,38832294,Samantha,Brooklyn,Crown Heights,40.67358,-73.94351,Entire home/apt,105,1,7,2018-09-11,0.15,1,0
20811403,Large Studio in Forest Hills,95416322,Renee,Queens,Forest Hills,40.7281,-73.84886,Entire home/apt,100,2,18,2019-01-01,0.82,1,0
18124043,ChelseaStudio w/t SunnyPrivateTerrace&EmpireView:),124898889,Fania,Manhattan,Chelsea,40.74432,-73.99985,Entire home/apt,180,5,7,2018-01-02,0.26,1,0
36450814,FLATBUSH HANG OUT AND GO,267223765,Jarmel,Brooklyn,Flatbush,40.64922,-73.96078,Shared room,20,1,0,,,3,363
7867890,UWS Apartment and Garden Terrace,17714726,Craig,Manhattan,Upper West Side,40.80268,-73.969,Entire home/apt,140,4,11,2018-07-24,0.23,1,10
20162513,Cozy Studio Close to Broadway and Times Square,683142,Jose,Manhattan,Hell's Kitchen,40.76242,-73.99481999999999,Entire home/apt,135,2,3,2017-12-26,0.13,1,0
34934218,Sonder | 116 John | Stylish 1BR + Gym,219517861,Sonder (NYC),Manhattan,Financial District,40.706590000000006,-74.00632,Entire home/apt,137,29,0,,,327,318
4547273,Beautiful Spacious Studio By Park,10411359,Alison,Manhattan,Upper West Side,40.78316,-73.97269,Entire home/apt,120,3,33,2019-07-01,0.62,1,0
8274113,Bed-Stuy Apartment w/ Rooftop Patio,1804684,Daniel,Brooklyn,Bedford-Stuyvesant,40.69487,-73.93884,Private room,67,60,6,2019-06-22,0.13,1,266
7603075,Adorable room in heart of Brooklyn,17163531,Beck,Brooklyn,Flatbush,40.65353,-73.95611,Private room,65,1,0,,,1,0
17560543,"Private room. 1 bed, 2 guests, 3333 Broadway",117851567,Yuedi,Manhattan,Harlem,40.81955,-73.95586999999999,Private room,51,1,0,,,1,0
4033422,The Lighthouse Manor,20911928,Judith,Staten Island,Lighthouse Hill,40.57718,-74.13981,Entire home/apt,200,2,49,2018-12-31,0.92,1,360
14148905,Brand new beautiful one bedroom apartment,85470054,Yi,Queens,Flushing,40.73851,-73.80105999999999,Entire home/apt,72,1,256,2019-06-24,7.1,1,124
20667471,Williamsburg Penthouse,136267788,Igor,Brooklyn,Williamsburg,40.72028,-73.94152,Entire home/apt,241,5,4,2018-09-28,0.18,1,0
7562552,Classic 1BR Brownstone w/ Backyard,39639169,Marlene,Brooklyn,Bedford-Stuyvesant,40.68338,-73.92071999999999,Entire home/apt,110,3,125,2019-06-25,2.66,1,315
34698543,Harlem Roots Chic Apt,261728099,Jade,Manhattan,Harlem,40.82639,-73.93894,Entire home/apt,75,28,0,,,1,41
24911170,Renovated Garden Townhouse Apartment,188337220,Fred,Brooklyn,Bedford-Stuyvesant,40.68452,-73.91614,Entire home/apt,99,3,49,2019-07-02,3.63,1,102
816637,Big apartment with top view! 1 block from subway.,1099716,Alvaro,Queens,Sunnyside,40.74263,-73.92475999999999,Entire home/apt,85,2,108,2019-06-23,1.35,1,0
15840527,Bedroom in shared apt next to Grand Central,2719866,Dora,Manhattan,Murray Hill,40.7487,-73.97842,Private room,40,5,0,,,1,0
30070126,✩Prime Renovated 1/1 Apartment in Upper East Side✩,4968673,Sean,Manhattan,Upper East Side,40.76831,-73.95929,Entire home/apt,200,5,2,2019-05-26,0.68,1,71
13941210,Bright Astoria Apt Near Manhattan,17452232,Lili,Queens,Ditmars Steinway,40.77121,-73.9171,Entire home/apt,70,2,9,2017-10-07,0.26,1,0
1546945,(1) CLEAN HOME AWAY FROM HOME!,4983320,Terri,Queens,Flushing,40.75431,-73.83131,Private room,59,1,116,2017-09-06,1.63,2,0
1281257,1BR LUXURY PENTHOUSE MODERN CONDO,2577135,Elena,Manhattan,Financial District,40.70735,-74.00971,Entire home/apt,269,5,18,2018-10-13,0.29,1,179
16414081,15 min to NYC-CITY VIEWS FROM ROOM! Safe/warm home,3722715,Laura,Brooklyn,Bedford-Stuyvesant,40.69055,-73.95394,Private room,58,1,16,2019-01-18,0.52,2,8
1578103,Private room in Harlem gem with fab New Yorkers!,245881,Steph,Manhattan,Harlem,40.80355,-73.95227,Private room,99,2,30,2019-06-29,2.61,1,24
27899019,Affordable quite private room in Fresh Meadows,23120620,Jackie,Queens,Flushing,40.73821,-73.81006,Private room,64,1,7,2019-06-09,0.73,5,90
17431995,2 bedroom apt. in Manhattan-Gramercy apt building,117932348,Deborah,Manhattan,Gramercy,40.73521,-73.98147,Entire home/apt,155,20,25,2019-07-05,1.06,2,62
15798809,"Private, Comfortable and Big Room89",102218558,Luz Dary,Queens,Jackson Heights,40.75523,-73.88418,Private room,70,1,52,2018-07-22,1.61,1,0
19260473,Nicki and Tim's place,5325177,Nicki,Brooklyn,Flatbush,40.64707,-73.96278000000001,Entire home/apt,85,5,2,2018-01-01,0.09,1,0
855549,"Have the 1st floor of a two floor duplex,",213020,Robert,Manhattan,Upper West Side,40.79279,-73.97131,Private room,88,1,100,2019-07-05,1.41,3,98
5626601,Easy Tourist resting place!,29161738,Gerardo,Manhattan,Harlem,40.82855,-73.94745,Private room,55,1,7,2016-06-12,0.18,1,0
8889423,Beautiful Upper West Side Large 1BD,10328631,Yulia,Manhattan,Upper West Side,40.78671,-73.97825,Entire home/apt,150,2,11,2016-06-26,0.24,1,0
36282009,Private Room in a beautiful 2 BR apartment,213428885,Anas,Manhattan,Harlem,40.80707,-73.95241999999999,Private room,40,20,0,,,1,273
573870,Central Park West/ 80s One bedroom!,1385157,Brian,Manhattan,Upper West Side,40.78292,-73.97438000000001,Entire home/apt,120,30,18,2019-05-27,0.22,5,337
22747209,McSimon's | Cozy Private Studio | Near NYC,8113165,Cynthia And Froebel,Brooklyn,Canarsie,40.63762,-73.91004000000001,Entire home/apt,95,3,4,2019-01-03,0.23,2,108
30468177,Sunny apartment in the heart of Williamsburg,4765019,Xavier,Brooklyn,Williamsburg,40.7198,-73.95741,Entire home/apt,150,3,9,2019-06-30,1.44,1,0
32845242,In the Heart of Astoria,111723,Kat,Queens,Ditmars Steinway,40.77248,-73.91665,Entire home/apt,140,2,1,2019-05-06,0.47,1,3
7087255,Charming Windsor Terrace Home,3974249,Amanda,Brooklyn,Windsor Terrace,40.65459,-73.97475,Entire home/apt,267,2,14,2018-12-29,0.42,1,1
16637954,Friendly place for most suitable for Bangladeshis,109931171,Manzoor,Queens,Richmond Hill,40.70162,-73.82349,Private room,70,1,0,,,1,0
15949915,"Quiet, Private  3.5 rooms, Manhattan convenient",103545877,Jon,Staten Island,Oakwood,40.56233,-74.12673000000001,Entire home/apt,100,2,2,2017-01-30,0.06,1,36
16543563,"Beautiful private room in East Village, NYC",5076469,Aaron,Manhattan,East Village,40.72558,-73.99025,Private room,95,7,2,2017-04-16,0.07,1,0
16276632,Cozy Room Family Home LGA Airport NO CLEANING FEE,26432133,Danielle,Queens,East Elmhurst,40.76335,-73.87007,Private room,48,1,510,2019-07-06,16.22,5,341
18040417,Downtown HighRise Luxury Building!,42287744,Camilo,Manhattan,Financial District,40.70732,-74.01451,Private room,105,2,18,2018-08-16,0.65,1,95
2918393,Beautiful Garden rowhouse apartment,14902860,Velma,Brooklyn,Bedford-Stuyvesant,40.68432,-73.9425,Entire home/apt,151,3,34,2018-12-04,0.54,5,308
31710037,Beautiful airy apartment with private backyard.,47664369,Raizy,Brooklyn,Sunset Park,40.66123,-73.9971,Entire home/apt,100,1,9,2019-05-22,2.03,1,35
2807939,Ditmas Park 1BR,14362628,Michael,Brooklyn,Flatbush,40.6435,-73.96065,Entire home/apt,100,8,0,,,1,0
34397198,Tranquility on Times Square VIP Room King Bed,259087876,Dennis,Manhattan,Midtown,40.75845,-73.98026,Private room,325,1,6,2019-06-28,3.21,7,67
15054617,"Home 4 Medical Professionals - The ""Syncope""",26377263,Stat,Queens,Edgemere,40.59517,-73.77235999999999,Private room,43,30,2,2019-02-09,0.07,43,306
34336086,ROOM # 4 near to JFK & LGA airport,258589420,Diego,Queens,Richmond Hill,40.68981,-73.83198,Private room,58,1,6,2019-07-07,2.73,7,176
35125511,Wow Fabulous Hell's Kitchen Place,223833249,Diane,Manhattan,Hell's Kitchen,40.76277,-73.99594,Entire home/apt,300,3,3,2019-07-04,3.0,1,325
32160052,Full Floor Of A Luxe Brooklyn Townhouse W. Garden!,124506693,Beautiful Brooklyn,Brooklyn,Crown Heights,40.6751,-73.953,Private room,71,2,9,2019-07-01,3.38,1,223
32113817,Private Essex Street Bedroom in the LowerEast Side,231819451,Timothy,Manhattan,Lower East Side,40.719840000000005,-73.98625,Private room,100,3,19,2019-07-01,4.01,1,48
17463059,Spacious Three Bedroom Dream in Manhattan,116889152,BeautifulHarlem,Manhattan,Harlem,40.81968,-73.9458,Entire home/apt,135,2,138,2019-06-25,4.83,2,45
33536886,★ Private Room in great location near Times Square,228151544,Rubens,Manhattan,Hell's Kitchen,40.7637,-73.99037,Private room,135,1,12,2019-07-07,5.9,1,278
4274462,Spacious and cosy private room.,22189723,Diego,Queens,Ridgewood,40.70439,-73.91111,Private room,49,2,37,2019-05-28,0.73,2,298
20135169,New Amazing Apartment In Washington Heights,143181766,David,Manhattan,Washington Heights,40.85213,-73.9336,Entire home/apt,120,3,32,2019-04-22,1.39,1,3
8044856,Williamsburg/Billburg/The Burg,42404417,Erin,Brooklyn,Williamsburg,40.71848,-73.95834,Entire home/apt,135,4,54,2019-06-22,1.17,1,158
117425,"Conveniently Located, Sunny Brooklyn Heights!",593115,LuLu,Brooklyn,Brooklyn Heights,40.69263,-73.99438,Entire home/apt,150,30,95,2018-05-26,0.96,1,281
25572892,Bright 1BR in Midtown East by Sonder,12243051,Sonder,Manhattan,Murray Hill,40.74472,-73.97205,Entire home/apt,177,29,1,2019-03-31,0.3,96,58
421554,Garden - Brownstone Experience,2096690,Richard,Brooklyn,Bedford-Stuyvesant,40.685590000000005,-73.93896,Entire home/apt,250,15,37,2016-10-30,0.52,2,54
23185690,"Manhattan, West Side, Hudson River View",155618754,Monica,Manhattan,Washington Heights,40.84857,-73.94193,Private room,85,3,0,,,1,0
18191456,Amazing Studio in Downtown Flushing,5962328,Alan,Queens,Flushing,40.75933,-73.82313,Entire home/apt,115,30,3,2019-05-24,0.12,15,7
21730105,Large & Private Bedroom in Fort Greene,14294841,Waahid,Brooklyn,Fort Greene,40.69399,-73.97153,Private room,75,2,0,,,1,0
27281452,Budget Friendly Private Room in Brooklyn “L”,52140932,Diana And Peter,Brooklyn,Bedford-Stuyvesant,40.6838,-73.95161,Private room,60,2,25,2019-06-12,2.29,7,349
5061309,Sunny room in Bushwick; Minutes from subway!,13501341,Fiorella,Brooklyn,Bushwick,40.70171,-73.91344000000001,Private room,60,1,155,2019-06-20,3.39,2,170
15223434,new sunshine room in chinatown train F is around,89386217,Na,Manhattan,Chinatown,40.7135,-73.99121,Private room,75,1,318,2019-06-19,9.39,1,51
14429976,Comfy private room in Williamsburg,78164397,Mike,Brooklyn,Williamsburg,40.71347,-73.96452,Private room,85,3,99,2019-06-13,3.09,1,19
21491135,Diamond Peach,19708200,Larry,Brooklyn,Canarsie,40.63895,-73.91606,Entire home/apt,65,3,65,2019-06-20,3.19,3,305
267535,Home Away From Home-Room in Bronx,1402951,Clara,Bronx,Wakefield,40.89557,-73.8447,Private room,50,2,15,2019-06-09,0.17,1,337
24137279,Prime Dumbo location for a great price!,7199637,Rafael,Brooklyn,Vinegar Hill,40.70045,-73.98468000000001,Private room,46,3,4,2018-05-02,0.26,1,0
31566109,B in Brooklyn!,154390742,Brittney,Brooklyn,Bedford-Stuyvesant,40.69382,-73.95862,Entire home/apt,120,2,8,2019-06-02,1.41,1,0
7205456,Enjoy a few days in Greenpoint,16282382,Natalie,Brooklyn,Greenpoint,40.7359,-73.95799,Entire home/apt,130,2,3,2016-01-02,0.06,1,0
13326731,Cozy room with Queen bed in spacious loft.,75275467,Yaron,Bronx,Port Morris,40.80872,-73.93051,Private room,49,2,59,2019-06-11,1.59,4,148
19642050,"Sparkling 2nd Flr Apt, Near JFK, LGA & NY City",138235784,Kay,Queens,Forest Hills,40.70838,-73.85155999999999,Entire home/apt,105,2,60,2019-06-28,2.49,2,319
2088389,Entire Sun Drenched Apartment in Clinton Hill,234918,Mariya,Brooklyn,Clinton Hill,40.68476,-73.96672,Entire home/apt,100,30,17,2017-08-30,0.25,1,0
35195090,"Charming, bright one-bedroom",17151691,Sara,Brooklyn,Clinton Hill,40.69143,-73.968,Entire home/apt,110,4,0,,,1,0
9683486,Mater bedroom in Roosevelt Island,39093118,Song,Manhattan,Roosevelt Island,40.75965,-73.95125,Private room,100,1,0,,,1,0
6649555,Amazing 1BR - heart of West Village,20700509,Gunnar,Manhattan,West Village,40.73592,-74.00492,Entire home/apt,169,4,11,2016-03-19,0.22,1,0
13222140,"Private appartment,minutes from NY citi. Fantastic loc ation, walking distance to manhattan ferry.",15523,Vadim,Staten Island,Tompkinsville,40.63342,-74.08249,Private room,72,2,25,2018-09-03,0.66,2,237
6054864,"Sunny, Spacious, Perfect Location!",3088202,Pete,Brooklyn,Carroll Gardens,40.68051,-73.99743000000001,Entire home/apt,109,4,6,2017-03-05,0.12,1,0
14284714,Mid-town Manhattan (East Side near UN),38179715,Megan,Manhattan,Midtown,40.752590000000005,-73.96797,Entire home/apt,150,2,13,2019-05-11,0.36,1,69
16884587,"Beautiful 2 Bedroom Apartment Woodside, Queens, NY",112601190,Erfan,Queens,Woodside,40.74616,-73.90392,Entire home/apt,106,2,93,2019-06-20,3.13,1,34
393094,Designer studio in Luxury Building,1965972,Alayna,Manhattan,Financial District,40.70621,-74.01525,Entire home/apt,225,4,27,2019-05-25,0.31,1,169
22717838,Sunny apartment with easy connections to anywhere.,120847,Sam,Brooklyn,Bedford-Stuyvesant,40.68959,-73.95616,Private room,85,3,11,2019-06-30,0.82,1,13
32894678,Brooklyn Awesomely Huge and Hip Apartment,9864136,Anthony,Brooklyn,Bushwick,40.686240000000005,-73.9144,Entire home/apt,80,30,2,2019-05-31,0.5,26,317
11138618,"Bright, Spacious, Brooklyn Bungalow",57885166,Emily,Brooklyn,Gowanus,40.67153,-73.988,Private room,70,1,3,2016-03-28,0.07,1,0
32090300,Brooklyn Basement Bungalow BBnB,48112774,Sainabou,Brooklyn,Bedford-Stuyvesant,40.67767,-73.91784,Private room,100,1,7,2019-06-30,1.83,1,365
28437754,8. Beautiful clean room 20mnts to Manhattan,188498431,Han,Queens,Sunnyside,40.73894,-73.92288,Private room,65,2,26,2019-07-01,2.8,6,355
8712309,Large and cosy room with private insuite bathroom,22577148,Diana,Brooklyn,Bedford-Stuyvesant,40.69473,-73.93437,Private room,110,2,86,2019-07-02,1.9,7,316
21982758,Cozy 1 Bedroom in the Heart of Clinton Hill,10763283,Heather,Brooklyn,Clinton Hill,40.68165,-73.96006,Entire home/apt,110,3,15,2019-06-04,0.83,1,3
14770256,Lovely bedroom in the heart of Brooklyn,42854068,Pau,Brooklyn,Midwood,40.61679,-73.96016,Private room,35,5,0,,,1,0
32838697,Habitación privada cerca aeropuerto la Guardia.,202350344,Diana Carolina,Queens,East Elmhurst,40.76091,-73.88686,Private room,45,2,11,2019-07-01,3.67,2,294
1455804,One Bedroom Apt Near Central Park,4028305,Abigail,Manhattan,Morningside Heights,40.8057,-73.95826,Entire home/apt,175,2,1,2017-10-28,0.05,1,0
30447266,ENJOYABLE APT. FOR LONG STAY. 15 MIN. TO MANHATTAN,3229770,Luis,Queens,Sunnyside,40.73697,-73.92478,Entire home/apt,149,3,6,2019-06-25,0.91,4,305
22327744,Sunny room in Queens for couple,79298323,Crispy,Queens,Maspeth,40.73449,-73.89227,Private room,45,5,12,2019-06-25,0.99,3,320
18460756,"Bright, private room in Bushwick w/ AC",128004958,Virginia,Brooklyn,Bushwick,40.68717,-73.91708,Private room,50,1,100,2019-06-23,4.03,1,2
2086647,LES Sun Drenched w/ Balcony,10653693,Christina,Manhattan,Chinatown,40.71651,-73.99053,Entire home/apt,169,3,2,2015-05-19,0.03,1,0
29153170,Nicely decorated apt with amazing private rooftop!,219678120,Jean,Brooklyn,Crown Heights,40.67419,-73.92173000000001,Entire home/apt,200,3,21,2019-06-10,2.79,1,327
19930489,Traveler/Student Prvt Rm w/  1/2 Bath (001),137999892,Simranjeet,Staten Island,Concord,40.60613,-74.08906999999999,Private room,35,4,19,2019-06-22,0.84,7,346
19764868,"UWS Townhouse 1BR  Modern, Bright 3A",106837455,Lisa,Manhattan,Upper West Side,40.78443,-73.98255999999999,Entire home/apt,135,90,0,,,8,125
4007770,One Bedroom in Heart of Harlem,16949652,Derrick,Manhattan,Harlem,40.80655,-73.94854000000001,Entire home/apt,275,1,0,,,1,0
26518779,Tranquil East Village apartment,6072790,Lotte,Manhattan,East Village,40.72607,-73.97851,Entire home/apt,220,3,3,2019-06-27,0.28,1,25
179670,High-end doorman bldg in the LES,21475,Milan,Manhattan,Lower East Side,40.72019,-73.98217,Private room,120,2,99,2019-06-27,1.04,1,345
11229663,"Joyce and Donovan's, Room for One",56878925,Joyce,Queens,Forest Hills,40.72282,-73.85571,Private room,37,25,15,2018-08-18,0.45,2,330
12641611,Park Slope Gem,35383368,Cristina,Brooklyn,Park Slope,40.67466,-73.97711,Entire home/apt,175,3,0,,,1,0
1100421,"Cobble Hill, sunny large 1BR apt",1545977,Lelia,Brooklyn,Cobble Hill,40.687540000000006,-73.99284,Entire home/apt,195,30,38,2019-06-01,0.51,1,345
2619802,Incredible 2-BR w/ Kitchen Island!,13347167,AFI Apartments,Manhattan,Upper East Side,40.77276,-73.95675,Entire home/apt,139,30,4,2018-07-29,0.07,29,308
21646320,PRIVATE ROOM with OWN BATHROOM in Astoria Apt,68267774,Jeannie,Queens,Astoria,40.75819,-73.92687,Private room,47,30,1,2017-12-31,0.05,1,90
19414154,Cozy room in heart of Williamsburg,136106661,Sally,Brooklyn,Williamsburg,40.71078,-73.95071,Shared room,60,15,4,2018-04-30,0.18,1,83
18729461,Studio in Upper East Side,108546781,Marlène,Manhattan,Upper East Side,40.77958,-73.95025,Entire home/apt,75,15,5,2018-08-25,0.2,1,1
12985547,Gorgeous- 2 Bedroom Apartment,13347167,AFI Apartments,Manhattan,Upper East Side,40.77219,-73.95588000000001,Entire home/apt,142,30,2,2018-09-30,0.15,29,319
16454703,"Spacious Brooklyn, New York Retreat",107939984,J,Brooklyn,Fort Hamilton,40.61444,-74.02974,Entire home/apt,150,4,78,2019-07-04,2.6,1,29
16541635,Spacious uws studio overlooking Central Park,77375497,Hannah,Manhattan,Upper West Side,40.79163,-73.96727,Entire home/apt,100,4,2,2017-09-03,0.09,1,0
21568341,"Charming, cozy, clean, affordable & spacious room",156843123,IndraRisma,Queens,Flushing,40.73858,-73.80809,Private room,65,2,4,2018-10-07,0.28,1,364
4512093,manhattan (UWS) townhouse,11760806,Raj,Manhattan,Upper West Side,40.79994,-73.97001,Private room,299,1,1,2019-05-23,0.64,1,88
30015658,private spacious LES bedroom,220601248,Nora,Manhattan,Lower East Side,40.71752,-73.98886999999999,Private room,75,2,24,2019-06-23,3.14,2,7
2471108,Prime Brooklyn 1BR-10min to City!,12637520,Laura,Brooklyn,Boerum Hill,40.68955,-73.98885,Entire home/apt,160,7,7,2016-09-12,0.15,1,0
34319441,Amazing Place - ASTORIA,46081317,Fabiana,Queens,Astoria,40.75663,-73.9143,Private room,55,25,0,,,3,199
16015053,Nice Space in Williamsburg - Near Bedford L,8872284,Nick,Brooklyn,Williamsburg,40.71304,-73.96381,Entire home/apt,149,1,120,2019-06-16,3.75,1,329
51485,Lower East Side $57~/night,236655,Erina,Manhattan,Lower East Side,40.72319,-73.99201,Private room,83,1,285,2019-06-22,2.69,1,7
20137347,Cozy One Bedroom in Spanish/East Harlem,51532290,Janelle,Manhattan,East Harlem,40.79815,-73.93475,Entire home/apt,82,2,3,2017-08-24,0.13,1,0
17172375,Skyscraper Living in Midtown,29240443,Luis,Manhattan,Theater District,40.76106,-73.98626999999999,Entire home/apt,180,3,3,2017-05-21,0.11,1,0
23252588,No place like Brooklyn.  No place like Red Hook,2536555,Julian,Brooklyn,Red Hook,40.67914,-74.0063,Entire home/apt,125,3,1,2018-12-31,0.16,1,0
5048535,Great Gramercy Share Apt,905563,Courtney,Manhattan,Gramercy,40.73718,-73.98373000000001,Private room,75,5,0,,,1,0
31994556,Williamsburg Micro Guest House,239887273,Amanda,Brooklyn,Williamsburg,40.71815,-73.95834,Private room,75,1,24,2019-07-03,4.62,1,201
30463017,Classy welcoming 3-bedroom - 20 Mins to Manhattan,212456912,Mora,Brooklyn,Bushwick,40.69058,-73.91402,Entire home/apt,125,2,22,2019-07-06,3.22,1,122
35379882,Central Park West Apartment King,266341812,Sophia,Manhattan,Upper West Side,40.79147,-73.96644,Private room,99,14,0,,,1,87
24541153,Summer escape in Brighton Beach,30895980,Elena,Brooklyn,Brighton Beach,40.576440000000005,-73.95551,Entire home/apt,110,2,8,2019-05-17,0.58,2,248
31886403,"Large, sunny room with private bath.",238955568,George,Brooklyn,Kensington,40.63581,-73.96977,Private room,40,2,20,2019-06-10,3.8,1,6
36201798,A specious and bright 1 bedroom in hart of Queens,272267421,Darkhan,Queens,Maspeth,40.73455,-73.88899,Private room,50,1,0,,,3,73
36425157,Cozy Private Bedroom Just For You,273870123,Tim,Brooklyn,East Flatbush,40.65229,-73.95139,Private room,55,1,0,,,1,178
5885101,one large private bedroom/ two bedroom apartment,21364540,Francisca,Brooklyn,Williamsburg,40.70217,-73.93737,Private room,60,4,3,2017-09-02,0.09,2,25
19779749,Private Room in Sunny South Harlem Apt,1877402,Anna,Manhattan,Harlem,40.8114,-73.95237,Private room,50,1,15,2018-06-07,0.62,2,0
21676358,Incredible modern studio with all the amenities,55308025,Paul,Brooklyn,Downtown Brooklyn,40.69339,-73.98581,Entire home/apt,90,3,7,2019-06-23,0.37,1,0
29152899,Private room in E. Williamsburg!  Budget friendly!,9770822,Andrea,Brooklyn,Williamsburg,40.71233,-73.93781,Private room,55,3,13,2019-06-22,1.55,1,36
4932075,Brooklyn Beauty! Private Bed+Bath,5037211,Mariana,Brooklyn,Greenpoint,40.72023,-73.9479,Private room,118,3,1,2015-09-29,0.02,2,188
7789346,"Home 4 Medical Professionals - The ""Noxious""",26377263,Stat,Brooklyn,Bushwick,40.70619,-73.9191,Private room,47,30,3,2018-08-18,0.07,43,291
3208747,Cute UWS Studio Near Central Park Clean & Quiet,8658146,Michelle,Manhattan,Upper West Side,40.77802,-73.98255999999999,Entire home/apt,120,3,214,2019-06-21,3.47,1,197
33930602,Your New Private Bedroom Awaits! Near Good Transit,242962235,Yuval,Queens,Ridgewood,40.70897,-73.89663,Private room,34,30,0,,,23,335
7920072,East Village - private room - chill,10353278,James,Manhattan,East Village,40.73243,-73.98692,Private room,96,2,114,2019-06-28,2.47,2,98
13514387,Spacious Private BR in Chelsea,35590013,Ryan,Manhattan,Chelsea,40.74675,-73.99555,Private room,90,2,6,2016-10-16,0.16,1,0
12851015,Midtown East XL 1 BR,61391963,Corporate Housing,Manhattan,Midtown,40.75755,-73.9666,Entire home/apt,133,30,3,2019-06-01,0.1,91,342
35034410,Heart of the East Village Apartment,144582127,Ted,Manhattan,East Village,40.72764,-73.98711999999999,Private room,100,3,1,2019-06-11,1.0,1,67
18958724,GIANT BUSHWICK ROOM - PRIVATE ACCESS - SHARED APT,40510005,Hugo,Brooklyn,Bushwick,40.68923,-73.9154,Private room,50,1,11,2017-07-28,0.44,1,0
8501589,ENTIRE APARTMENT in L.E.S. (-30% exceptional deal),28783846,Fleur,Manhattan,Lower East Side,40.71435,-73.98924,Entire home/apt,90,6,7,2018-07-28,0.23,1,0
30046174,Spacious Loft steps from Central Park by NÔM Stays,224655849,Nôm,Manhattan,East Harlem,40.79052,-73.94838,Entire home/apt,120,29,1,2019-05-31,0.77,2,0
24380794,Trendy Williamsburg! 1 block to subway (L).,184009385,Artem,Brooklyn,Williamsburg,40.71434,-73.94275,Entire home/apt,150,2,48,2019-06-21,3.27,2,53
23060372,Beautiful Studio Apartment in Prime UWS Manhattan!,12554853,Isabel,Manhattan,Upper West Side,40.79653,-73.96887,Entire home/apt,75,1,32,2018-11-25,1.87,1,0
8354383,Artist 1.5 bedroom WHOLE apartment!,38204730,Kathy,Manhattan,Gramercy,40.735240000000005,-73.98441,Entire home/apt,239,5,2,2019-01-05,0.05,3,30
2010971,Gorgeous 1BR brownstone,4803115,Daniel,Manhattan,Harlem,40.8083,-73.9439,Entire home/apt,150,1,5,2015-08-19,0.08,1,0
2332284,La ponderosa,8873749,Fany,Manhattan,Washington Heights,40.84966,-73.93945,Private room,40,2,76,2019-04-07,1.29,1,291
17423245,Sunny Quiet Room in Clean Modern Apartment,16145840,Nick,Manhattan,East Harlem,40.798770000000005,-73.93964,Private room,105,3,21,2019-05-21,1.14,2,9
36390301,"3 Bedroom Apt in Ridgewood, 20 Min to Manhattan",273632292,Pete,Queens,Ridgewood,40.70268,-73.90353,Entire home/apt,110,24,0,,,1,183
15422083,Comfy Room n Activist & Artist Loft,5053976,Una,Brooklyn,Bedford-Stuyvesant,40.689890000000005,-73.95878,Private room,45,7,14,2018-09-30,0.42,3,364
21800820,Queen Room in Prospect Lefferts Gardens Flatbush,1512819,Sydney,Brooklyn,Flatbush,40.65314,-73.95304,Private room,40,5,12,2019-04-30,0.7,5,67
6342741,PRIVATE Bedroom & bathroom  TRIBECA,29893120,Marco,Manhattan,Tribeca,40.71466,-74.00802,Private room,89,3,9,2016-05-13,0.18,1,0
16805050,!!!Living&Working. Beautiful Coliving on Flatbush,2092314,Valentin,Brooklyn,East Flatbush,40.64513,-73.9488,Shared room,28,30,3,2018-06-20,0.13,7,365
21444621,Studio Apartment in Williamsburg,29110524,MaKaya,Brooklyn,Williamsburg,40.72031,-73.95615,Entire home/apt,115,4,0,,,1,0
36332335,Manhattan Rooms by Central Park & 6 green train,97640457,Mel,Manhattan,East Harlem,40.79913,-73.94226,Private room,90,2,0,,,1,171
15948069,"4 bdrm/2 bath apt. Central Pk, Columbia U.",5162192,Amy,Manhattan,Upper West Side,40.79835,-73.9616,Entire home/apt,240,30,1,2019-05-08,0.48,12,211
30706817,Large Sunny 2 Bedrooms in Manhattan-Steps2Subway,229844097,Dave,Manhattan,East Harlem,40.798190000000005,-73.94294000000001,Private room,89,1,23,2019-06-05,3.37,1,285
32494991,Brand New 2 bed 1 bath in the UES #6129,113805886,Yaacov,Manhattan,Upper East Side,40.77883,-73.9505,Entire home/apt,206,30,0,,,33,217
35431400,Wonderful 1 Bedroom Apartment (NYU CAMPUS),266651586,Mike,Manhattan,Greenwich Village,40.72812,-73.99963000000001,Entire home/apt,150,30,0,,,1,180
10050536,Studio Loft in Greenpoint,47554473,Henry Norman,Brooklyn,Greenpoint,40.72766,-73.94393000000001,Entire home/apt,179,3,36,2019-06-14,0.84,13,53
19701644,"Affordable, spacious room in Bed-Stuy",3309159,David,Brooklyn,Bedford-Stuyvesant,40.68824,-73.95383000000001,Private room,50,1,0,,,1,0
15349655,1 room in a 3 room LOFT,9271620,Arthur,Brooklyn,Williamsburg,40.71671,-73.94592,Private room,77,28,10,2018-12-30,0.3,1,315
16821898,Big bright cozy room to call home,111918887,Bianca,Brooklyn,Windsor Terrace,40.65559,-73.97797,Private room,50,30,5,2019-06-30,0.18,1,126
6987811,Cozy Brooklyn Room W/ Skylight,23582893,Laramie,Brooklyn,Bushwick,40.690540000000006,-73.91445999999999,Private room,51,13,20,2019-06-26,0.41,8,14
14817574,Spacious Room in the heart of Greenwich Village!,88398053,Colleen,Manhattan,Greenwich Village,40.72807,-73.99925,Private room,99,2,5,2017-08-20,0.15,1,0
34253217,Fantastic 2 Bedroom Apartment,258599553,Matt,Manhattan,Kips Bay,40.7432,-73.97703,Entire home/apt,190,1,4,2019-06-17,2.14,1,144
35526,Sun Filled Classic West Village Apt,120291,Karen,Manhattan,West Village,40.73474,-74.00101,Private room,156,4,79,2019-06-22,0.74,1,307
9496398,"Sunny, spacious 1 BR apt in Harlem",49220133,Venessa,Manhattan,Harlem,40.81297,-73.93921999999999,Entire home/apt,125,3,0,,,1,0
35989097,Large Cozy Newly Renovated 1 Bedroom Private Apt,200927536,Manu,Brooklyn,Bushwick,40.70517,-73.91703000000001,Entire home/apt,120,2,0,,,3,155
31756631,Private room in modern duplex,238111285,Leticia,Brooklyn,Bushwick,40.68542,-73.90952,Private room,45,2,1,2019-02-05,0.19,1,0
12727779,Bright single bedroom in duplex with backyard.,69205600,Daniel,Brooklyn,Bushwick,40.70324,-73.92943000000001,Private room,43,1,0,,,1,0
5858757,Long term sublet Brooklyn,4267075,Jen,Brooklyn,Clinton Hill,40.68498,-73.96618000000001,Entire home/apt,89,14,4,2017-03-01,0.11,2,343
16349645,Studio in West Village,6335037,Eric,Manhattan,West Village,40.73243,-74.00932,Entire home/apt,220,4,1,2017-01-02,0.03,1,0
26923831,▲Cozy Apartment at Union Square▲,202587266,Matt,Manhattan,Gramercy,40.73502,-73.986,Entire home/apt,125,2,34,2019-06-02,3.11,1,12
32914064,Chic and Cosy Private Room in Hells Kitchen,247628698,Gloria,Manhattan,Hell's Kitchen,40.760940000000005,-73.99129,Private room,120,4,8,2019-06-16,3.0,2,275
3593491,Cozy room in NYC,5164854,Lilia,Manhattan,Harlem,40.82071,-73.93813,Private room,45,6,13,2018-07-14,0.23,8,346
25127253,Amazing Studio in Times Square,38844508,Taylor,Manhattan,Hell's Kitchen,40.75888,-73.99101999999999,Entire home/apt,239,2,17,2019-07-04,1.25,1,7
14969217,Gorgeous brand new apartment in Bushwick,2260600,Lidia,Brooklyn,Bushwick,40.69096,-73.91055,Entire home/apt,105,5,26,2019-05-20,0.77,1,269
28761069,Queen Sized Bdrm in Historic Harlem (Townhouse),92185816,Fiona,Manhattan,Harlem,40.80774,-73.94939000000001,Private room,62,10,4,2019-06-20,0.48,3,345
27876980,"Private, big, clean cozy room, in TIMES SQUARE",121657084,Naor,Manhattan,Midtown,40.7571,-73.98014,Private room,95,3,28,2019-06-15,2.71,1,0
4885975,Large Bedroom by Grand Central Station in NYC,21817218,Jason,Manhattan,Midtown,40.75163,-73.9722,Private room,90,7,27,2018-08-09,0.5,1,35
32020961,Full Sized Bed(in bunk) in Inwood *entire apt*,21836588,Kimberly,Manhattan,Inwood,40.864540000000005,-73.9246,Entire home/apt,35,1,33,2019-06-25,6.56,1,5
9414237,Your Park Slope Retreat,14435697,Jacob,Brooklyn,Park Slope,40.67159,-73.97482,Entire home/apt,120,14,0,,,1,0
21973631,Need a Beautiful place to stay?,3832479,Hunderson,Brooklyn,Crown Heights,40.67504,-73.93956,Private room,50,30,0,,,1,113
21947959,Charming Clinton Hill Apartment,7709326,Tiff,Brooklyn,Clinton Hill,40.69513,-73.96245,Entire home/apt,90,3,0,,,1,0
31121525,"Charming 2Br in the middle of LES, SoHo",214869202,Joey,Manhattan,Lower East Side,40.72181,-73.98946,Entire home/apt,250,1,36,2019-06-22,6.17,1,10
3050544,Large 2 Full BR 15min to Manhattan!,2534076,Helen,Brooklyn,Park Slope,40.6728,-73.97166,Entire home/apt,245,4,3,2014-08-17,0.05,1,0
249618,At a very nice area in the WestSide,1307773,Karina,Manhattan,Washington Heights,40.85099,-73.92822,Private room,125,60,4,2015-07-03,0.06,1,364
26947761,Sunny private room in the heart of NYC 53E2,190921808,John,Manhattan,Hell's Kitchen,40.75503,-73.99724,Private room,53,30,0,,,47,316
7818701,Brooklyn Studio near ALL subways,41162207,Edixon,Brooklyn,Fort Greene,40.68854,-73.97789,Entire home/apt,85,2,4,2017-01-20,0.13,1,0
21306332,West 15th Street Cozy Chelsea Studio Serviced Apt,22541573,Ken,Manhattan,Chelsea,40.74071,-73.99977,Entire home/apt,170,30,0,,,87,307
12148081,"Sexy, Cozy, Work, Play Loft for 4",23913300,Kelly,Brooklyn,Williamsburg,40.71265,-73.96574,Entire home/apt,300,2,33,2019-06-25,0.86,2,76
13708345,"furnished basement level apartment , 1000 sq ft",80023687,Lb,Brooklyn,Greenpoint,40.73233,-73.95443,Entire home/apt,300,1,1,2016-07-02,0.03,1,83
21698168,Private bedroom with private bath bathroom,20810101,Amy,Brooklyn,Bedford-Stuyvesant,40.68245,-73.9471,Private room,100,1,8,2019-06-24,2.07,2,23
17342599,"Stylish, Spacious room Express train to Midtown",5334697,Shane,Manhattan,Washington Heights,40.84114,-73.93639,Private room,69,5,33,2019-07-02,1.17,3,1
24580129,Quiet Space,143070465,Kai,Brooklyn,Bedford-Stuyvesant,40.6977,-73.94781,Private room,35,2,10,2018-10-11,0.7,1,0
24327546,Cozy & warm private studio apartment in Astoria,80885460,Amy,Queens,Ditmars Steinway,40.77467,-73.9094,Entire home/apt,100,2,6,2019-06-16,0.42,1,0
6783518,PRIVATE Room||Luxury Apt,35512327,Mayowa,Brooklyn,Bedford-Stuyvesant,40.68247,-73.94243,Private room,75,3,0,,,1,0
10412006,Best street in New York.,53618094,Matthew,Manhattan,Nolita,40.72265,-73.99493000000001,Entire home/apt,250,1,0,,,1,0
6769535,"1 brm, fully equip bth/rm & kitchen, 2nd fl walkup",32220047,Dalton,Queens,Springfield Gardens,40.68511,-73.76012,Entire home/apt,105,3,7,2017-09-17,0.14,3,0
9238295,Modern Spacious Apartment near UN (doorman bldg),24272490,Slavka,Manhattan,Midtown,40.75145,-73.97162,Entire home/apt,179,1,9,2017-09-11,0.21,1,189
18191892,Huge 2BR Apartment. Walk to beach/buses,28483768,Skender,Staten Island,Dongan Hills,40.57825,-74.08879,Entire home/apt,95,4,45,2019-06-19,1.66,1,134
20659824,☺Kinda feels JUST LIKE HOME! ☺ [BEST RATE],142590597,Joica,Brooklyn,East New York,40.67262,-73.87391,Private room,50,1,3,2018-09-03,0.13,6,179
27672277,"Bay Ridge, Vista Place",208856601,Mason,Brooklyn,Bay Ridge,40.63368,-74.01956,Entire home/apt,300,3,8,2019-06-25,0.83,1,125
29133389,Awesome Budget Private Room with 2 Beds,219544415,Joel And Julian,Brooklyn,Bedford-Stuyvesant,40.69232,-73.94966,Private room,70,2,14,2019-06-23,1.65,3,365
18214015,Quiet Private Bedroom in the heart of Little Italy,41874064,Sheba,Manhattan,Little Italy,40.71836,-73.99776999999999,Private room,90,1,106,2019-07-02,4.29,2,9
6647114,COZY CORNER GREENWICH VILLAGE,3579116,Kristin,Manhattan,West Village,40.73267,-74.00379000000001,Private room,140,3,64,2019-06-20,1.29,2,5
5302719,Spacious & Bright Apt in Park Slope,9846230,Celine,Brooklyn,Park Slope,40.6774,-73.98246999999999,Entire home/apt,145,5,0,,,1,0
21975315,"Bright, 1.5 bedroom apartment in E. Williamsburg",2099205,Alexandra,Brooklyn,Williamsburg,40.71212,-73.94011,Entire home/apt,180,3,9,2019-03-25,0.53,1,0
22339165,Semi private room in great apartment,922478,Brad,Brooklyn,Clinton Hill,40.68232,-73.96043,Shared room,50,4,15,2018-08-27,0.81,2,0
25673769,Comfortable and bright bedroom in a great location,28753907,Pablo & Anastasiya,Queens,Astoria,40.76,-73.90684,Private room,60,2,35,2019-06-30,2.67,1,204
32238548,Sonder | Stock Exchange | Lovely 1BR + Lounge,219517861,Sonder (NYC),Manhattan,Financial District,40.707640000000005,-74.01077,Entire home/apt,252,2,15,2019-06-21,3.19,327,260
31076667,"Luxury Astoria 1BD apt, 15 min from Manhattan",19630705,Eugene,Queens,Long Island City,40.75576,-73.93070999999999,Entire home/apt,70,3,2,2019-03-18,0.32,1,4
30388225,"Tranquil East Village 1BR Gym, Garden + Doorman by Blueground",107434423,Blueground,Manhattan,East Village,40.72232,-73.98543000000001,Entire home/apt,312,30,0,,,232,219
1310672,BROWNSTONE BROOKLYN'S FINEST in NYC,2015914,Majar,Brooklyn,Bushwick,40.68799,-73.91677,Private room,75,3,73,2018-12-08,1.0,8,341
3687227,"spacious, quiet room w/private bath: BK brownstone",4765290,Emily,Brooklyn,Bedford-Stuyvesant,40.68769,-73.95333000000001,Private room,65,2,3,2016-08-08,0.06,1,0
10732197,Live on an island in NYC!,22774265,Pika,Manhattan,Roosevelt Island,40.76189,-73.94934,Private room,64,3,51,2019-06-30,1.28,1,40
27217390,1 BEDROOM ON UES-DOORMAN/WASHER/DRYER,200380610,Pranjal,Manhattan,Upper East Side,40.77834,-73.95193,Entire home/apt,210,30,0,,,65,364
35006426,Cozy private room by the 7 train,263732662,Kwenhi,Queens,Sunnyside,40.73935,-73.92096,Private room,50,2,4,2019-07-01,2.73,1,180
9838585,Pre-war 1 br in heart of BK Heights,18982207,Kate,Brooklyn,Brooklyn Heights,40.69237,-73.99412,Entire home/apt,130,4,0,,,1,0
35687862,Beautiful 3 bedroom apartment in East Williamsburg,268465931,Sumergida,Brooklyn,Williamsburg,40.7043,-73.94285,Entire home/apt,200,2,1,2019-07-01,1.0,1,338
15767882,"Sixth Ave Chelsea, Studio Serviced Apartment",22541573,Ken,Manhattan,Chelsea,40.74565,-73.99183000000001,Entire home/apt,205,30,1,2017-12-08,0.05,87,365
16439234,"Big, Bright 1 Bedroom b/w Columbia, City College",1877402,Anna,Manhattan,Harlem,40.81199,-73.95340999999999,Entire home/apt,125,2,10,2018-05-06,0.36,2,0
20139305,Spacious 1BR near park & subways,6985109,Geoffrey,Brooklyn,Prospect Heights,40.67335,-73.96763,Entire home/apt,121,9,21,2019-06-18,1.14,1,179
17437772,Private room in Harlem,200243,Laetitia,Manhattan,Harlem,40.8255,-73.9435,Private room,55,1,8,2019-05-14,0.28,2,293
11421477,West Village Modern Studio,1746436,Dami,Manhattan,West Village,40.73682,-74.00238,Entire home/apt,159,2,47,2019-05-27,1.16,1,361
16678888,Peaceful Spacious 1 Bdrm Apt in Carroll Gardens,1380312,Shari,Brooklyn,Carroll Gardens,40.67735,-73.99706,Entire home/apt,175,7,17,2019-03-24,0.58,1,0
25209061,Spacious and Clean bedroom in modern apt,51091522,Carissa,Manhattan,East Harlem,40.787690000000005,-73.94691,Private room,76,1,0,,,1,0
35156223,Peaceful Private BR in Bedstuy Madison,226410657,Nina,Brooklyn,Bedford-Stuyvesant,40.68734,-73.93255,Private room,42,30,0,,,27,248
3038797,2 Queen beds Studio Loft in Brooklyn,7503643,Vida,Brooklyn,Greenpoint,40.7276,-73.94029,Entire home/apt,129,30,4,2019-06-06,0.08,52,337
27596820,Brooklyn Style Hostel RM4 #4,119669058,Melissa,Brooklyn,Bedford-Stuyvesant,40.69245,-73.95541999999999,Shared room,36,1,9,2019-05-05,0.82,34,365
10015258,Beautiful sunny bedroom Upper West,5041830,Edna,Manhattan,Upper West Side,40.80137,-73.9615,Private room,80,3,1,2016-07-06,0.03,1,0
22152232,Beautiful room with comfy bed in Bushwick,10018530,Nicole,Brooklyn,Bushwick,40.70328,-73.91429000000001,Private room,50,2,2,2018-07-19,0.1,1,0
6553874,"PERFECT 1 BR, Elevator, BEST Area!!",34276823,Mike,Manhattan,West Village,40.73626,-74.00180999999999,Entire home/apt,264,2,5,2017-01-01,0.12,1,0
424767,"Chic, Spacious Loft + Backyard",2103888,Akari,Manhattan,Midtown,40.74406,-73.98273,Entire home/apt,325,2,197,2019-06-20,2.25,1,207
20688359,GRAMERCY EAST 22ND-REFURBISHED WITH LIVE IN SUPER,76104209,Rated,Manhattan,Gramercy,40.73638,-73.98089,Entire home/apt,239,30,0,,,33,242
30710341,Zohar’s Apartment,229872448,Zohar,Manhattan,Upper West Side,40.78791,-73.97404,Entire home/apt,180,5,1,2018-12-26,0.15,1,0
29926001,Room next to Central Park,158970615,Lia,Manhattan,Upper East Side,40.76464,-73.9593,Private room,115,1,54,2019-05-27,7.47,1,0
31053208,Boutique Brooklyn Loft,231959634,Eleanor And Alex,Brooklyn,Bushwick,40.69488,-73.93115,Private room,55,1,23,2019-06-10,3.77,2,28
19948618,Amazing studio step away from Time Square/54B,48146336,Irina,Manhattan,Hell's Kitchen,40.763090000000005,-73.99214,Entire home/apt,130,30,7,2019-06-29,0.34,20,311
13093642,Ivy Tower,72296750,Carla,Manhattan,Hell's Kitchen,40.75798,-73.99155999999999,Entire home/apt,239,30,0,,,1,365
24117055,Enjoy a beautiful room in this bohemian duplex,181651082,Fran,Queens,Rosedale,40.66021,-73.73709000000001,Private room,60,1,10,2019-07-01,0.92,3,164
13508567,"spacious, clean place in quiet building",75398380,Maris,Bronx,University Heights,40.86048,-73.91181,Entire home/apt,120,1,0,,,1,0
32238473,Sonder | Stock Exchange | Sleek Studio + Kitchen,219517861,Sonder (NYC),Manhattan,Financial District,40.70581,-74.01226,Entire home/apt,241,2,5,2019-06-12,1.35,327,284
1891118,Large Studio apartment,9831559,Cassi,Brooklyn,Bedford-Stuyvesant,40.68285,-73.95111999999999,Entire home/apt,100,4,10,2017-06-06,0.24,1,0
20655777,"Studio apartment by prospect park, catslovers only",147694745,Svetlana,Brooklyn,Flatbush,40.65099,-73.96283000000001,Entire home/apt,80,60,46,2019-01-01,2.05,1,54
6688617,"Quiet, Spacious, Safe Studio in BK",35008385,Abe,Brooklyn,Williamsburg,40.71366,-73.94021,Entire home/apt,49,7,1,2015-06-09,0.02,1,0
19475005,Fun Eclectic Home for Summer in the City,5180222,Maya,Manhattan,Inwood,40.8688,-73.92256,Entire home/apt,150,3,4,2017-08-21,0.16,1,0
19384126,Two Private Floors in brownstone by Prospect Park,11370189,Brandon,Brooklyn,Prospect Heights,40.67602,-73.96593,Private room,225,5,0,,,2,1
20818523,"Cute, airy attic room",28589041,Frankie,Brooklyn,Bedford-Stuyvesant,40.69332,-73.95085,Private room,50,1,1,2017-09-21,0.05,2,0
31121622,Artists Home and Studio in Gramercy Park 2,307241,E. Adam,Manhattan,Gramercy,40.73583,-73.98037,Entire home/apt,155,3,18,2019-06-21,3.1,1,70
34453830,Quiet Room * Family Friendly * Near Times Square,260191397,Hotel Mela,Manhattan,Theater District,40.75612,-73.98621999999999,Private room,100,1,0,,,7,256
28779900,Brooklyn House at 443 linden Bedroom 2,216304678,Bryan,Brooklyn,East Flatbush,40.65267,-73.94293,Private room,46,3,10,2019-06-28,1.05,5,311
35835936,BEAUTIFUL WEST VILLAGE APARTMENT,22550881,Graham,Manhattan,West Village,40.73895,-74.00393000000001,Entire home/apt,151,1,1,2019-07-05,1.0,1,8
23700385,Two bedroom near the Cloisters,8335684,Mary,Manhattan,Inwood,40.86302,-73.92981999999999,Entire home/apt,91,1,2,2018-04-01,0.13,3,0
25232008,Central Park South Better than a 5-Star Hotel,47100454,Val,Manhattan,Midtown,40.76457,-73.97518000000001,Entire home/apt,166,30,0,,,1,0
34777870,Cosy 2-bedroom apartment on UES/East Harlem,41348157,Petra,Manhattan,East Harlem,40.7927,-73.94033,Entire home/apt,300,3,0,,,3,17
24287062,Sally's hideaway,180289633,Aleksej,Queens,Woodside,40.7466,-73.89175999999999,Entire home/apt,150,4,27,2019-06-23,2.0,1,321
21423426,Peaceful 1 Bedroom in the East Village,10391716,Sasha,Manhattan,East Village,40.72171,-73.98307,Entire home/apt,190,4,68,2019-06-24,3.34,1,41
15790640,Large 1 Bedroom Three Blocks from Central Park,66823224,Nathan,Manhattan,Upper West Side,40.79386,-73.97223000000001,Private room,80,1,111,2019-07-01,3.51,1,42
36259636,2 Bedroom Family Apartment in a Quiet Neighborhood,85261578,Ted,Brooklyn,Flatbush,40.64105,-73.9595,Entire home/apt,195,5,0,,,1,6
16228346,ENTIRE UNIT: MID TOWN NYC - GRAND CENTRAL STATION,43828940,James,Manhattan,Midtown,40.75343,-73.97313,Entire home/apt,119,3,0,,,1,0
13544302,Park Avenue 4 Bedroom 1 Bath,50760546,CRNY Monthly Rentals,Manhattan,Midtown,40.74564,-73.98174,Entire home/apt,250,30,1,2017-05-14,0.04,31,215
32740475,Sonder | The Nash | Cozy Studio + Grilling Area,219517861,Sonder (NYC),Manhattan,Murray Hill,40.74835,-73.97612,Entire home/apt,244,2,9,2019-06-13,2.31,327,133
26387674,Cozy Entire Floor Private 2 Bedroom & Bath,37274021,Nuno,Brooklyn,Bedford-Stuyvesant,40.68497,-73.9543,Private room,110,3,38,2019-06-23,3.25,1,101
20810529,A CLASSIC NYC NEIGHBORHOOD-EAST 86TH/5TH AVENUE,76104209,Rated,Manhattan,Upper East Side,40.78098,-73.95854,Entire home/apt,225,30,0,,,33,315
12537221,Great Location,67884746,Linda,Brooklyn,Prospect Heights,40.67947,-73.96466,Private room,105,2,172,2019-06-24,4.5,1,83
16449480,Entire 1BR Apt in Manhattanville,43490434,Corey,Manhattan,Harlem,40.82003,-73.95194000000001,Entire home/apt,100,2,68,2019-06-11,2.33,1,9
973535,"Garden Apt, 5 mins from LaGuardia",3179866,Gonzalo And Nora,Queens,East Elmhurst,40.76356,-73.8885,Entire home/apt,99,3,158,2019-07-02,2.08,2,322
32266199,2400 sq. ft. Luxury Tribeca Loft,4471865,Cuitlahuac,Manhattan,Tribeca,40.71683,-74.00574,Private room,225,1,1,2019-03-21,0.27,1,66
24313537,Cozy & quiet 2 bedroom apt in a great location!,9973967,Gahee,Manhattan,East Village,40.72626,-73.98784,Entire home/apt,310,2,78,2019-06-23,5.49,1,169
33310428,Confortable y limpio,250896604,Cristina,Manhattan,Washington Heights,40.85487,-73.92759000000001,Private room,32,2,26,2019-07-03,8.48,1,280
30348712,"Huge, modern apt 20 mins from Manhattan JMZ metro",40004714,Ruth,Brooklyn,Bushwick,40.69657,-73.93274,Entire home/apt,190,2,0,,,2,11
34447510,Prime apt in the heart of the LES,16212805,Helee,Manhattan,Lower East Side,40.71967,-73.9853,Entire home/apt,130,5,0,,,1,0
14737992,Large bedroom in Luxury bldg West Harlem,91804427,Laura,Manhattan,Harlem,40.82483,-73.95394,Private room,41,14,25,2019-06-05,0.75,1,6
8125640,Amazing Water View from Midtown Apt,8301365,Jacob,Manhattan,Murray Hill,40.74553,-73.97301999999999,Private room,100,6,5,2019-05-21,0.14,1,25
11282499,Hells Kitchen private room 3BR/2BA,5408649,Steven,Manhattan,Hell's Kitchen,40.76508,-73.99087,Private room,55,10,0,,,1,0
30506672,Peaceful Haven in NYC!,24419496,Melissa,Manhattan,Upper East Side,40.77604,-73.94524,Entire home/apt,125,3,1,2019-01-03,0.16,1,0
1583653,Private room and bathroom,8434244,William,Manhattan,East Harlem,40.79255,-73.93842,Private room,125,2,59,2019-06-16,0.84,1,360
9451768,New Years in Hudson Heights!,48977782,Miriam,Manhattan,Washington Heights,40.85128,-73.93907,Private room,150,1,0,,,1,0
16141887,Chateau Retreat in Artsy Bushwick Brooklyn,33651056,Danielle,Brooklyn,Bushwick,40.68778,-73.91381,Private room,120,3,1,2017-01-04,0.03,1,0
30556230,THE BEST LOCATION TO EXPERIENCE NYC!  B/3,229147376,Melly,Brooklyn,Bedford-Stuyvesant,40.68736,-73.95777,Private room,59,15,5,2019-05-18,0.94,11,343
28251042,"Great energy, XL,clean, plants, comfortable bed,",6048765,Raz,Manhattan,Harlem,40.81835,-73.93925,Private room,86,2,7,2018-10-05,0.69,2,87
25206790,Heart of bay ridge Brooklyn,41762539,Maria,Brooklyn,Fort Hamilton,40.621390000000005,-74.0319,Entire home/apt,125,1,1,2018-07-26,0.09,1,0
35968049,Single Room on the Upper West Side,16486125,Hj,Manhattan,Upper West Side,40.79906,-73.96517,Private room,60,1,0,,,1,7
12814578,Colorful Brooklyn Garden Casita,40332331,Joyce,Brooklyn,Windsor Terrace,40.65827,-73.97962,Entire home/apt,125,2,117,2019-07-08,3.08,2,262
20089962,"Cozy room weekly , 35 minutes far to Manhattan",142851497,Selçuk,Brooklyn,Sheepshead Bay,40.58632,-73.95335,Private room,45,7,34,2019-05-23,1.47,1,36
17140782,Williamsburg Loft,16868847,Sophie,Brooklyn,Williamsburg,40.71779,-73.96337,Private room,129,2,0,,,1,0
32260219,private room for up to 2 guests,242094791,Lizhen,Queens,Elmhurst,40.74311,-73.88098000000001,Private room,300,1,1,2019-02-18,0.21,1,89
7517579,Super Cute Brooklyn Loft,15772306,Jasmine,Brooklyn,Clinton Hill,40.69188,-73.9607,Private room,45,5,0,,,1,0
15294943,Beautiful Private Room near Columbia University,21594748,Gabriel,Manhattan,Morningside Heights,40.80751,-73.96619,Private room,110,2,5,2017-09-15,0.15,2,0
23748601,"Spacious Park View Parlor Floor, Artists Townhouse",477787,Juliette,Brooklyn,Bedford-Stuyvesant,40.68352,-73.92009,Entire home/apt,112,2,48,2019-05-26,3.04,1,0
17618446,SOHA 2 bedroom Beauty! Sleeps 5,119779683,Julian,Manhattan,Harlem,40.80859,-73.94216,Entire home/apt,158,3,61,2018-08-03,2.21,1,62
12972533,Gorgeous Grand 2 BR LES Gem!,71382423,Jules,Manhattan,Lower East Side,40.71772,-73.98881999999999,Entire home/apt,329,3,104,2019-06-23,2.79,1,205
34485283,"High floor king bed, your sanctuary in SoHo",260861596,The James New York - SoHo,Manhattan,SoHo,40.72172,-74.00435999999999,Private room,100,1,1,2019-06-26,1.0,7,270
1831227,Brownstone Penthouse Apartment,6499364,David,Manhattan,Harlem,40.80964,-73.94098000000001,Entire home/apt,149,4,35,2019-06-19,0.52,1,16
34537321,Pleasant & comfortable furnished studio apartment,83786650,Bridge,Manhattan,Upper East Side,40.75972,-73.96146999999999,Entire home/apt,110,30,0,,,8,331
26121109,Boho Haven with Private Balcony in Bushwick,33592161,Dakota,Brooklyn,Bushwick,40.69777,-73.92251999999999,Entire home/apt,95,3,5,2019-04-27,0.39,1,0
25374003,Spacious room brand new.Beautiful yard also avlble,191577969,Nikolas,Queens,Ditmars Steinway,40.78331,-73.91615,Private room,110,2,5,2018-10-27,0.48,1,90
16260117,"Queen Room in Great 2BR Apt, 20min to Times Sq",336228,Victoria,Queens,Sunnyside,40.74673,-73.91564,Private room,95,1,2,2018-02-10,0.09,1,0
20250864,"Chelsea, Minutes to Time Square, Next to Subway",144317997,Luis,Manhattan,Chelsea,40.74648,-73.99286,Private room,40,3,23,2018-05-03,1.03,1,0
26238688,Super Cozy Studio Apartment,6141162,Myrto,Queens,Woodside,40.742,-73.89505,Entire home/apt,60,14,3,2019-01-07,0.3,1,4
14469621,★ Comfy Room ★ w/ Parking | Quiet Area | Near Park,87601091,Matthew,Queens,Flushing,40.77063,-73.8098,Private room,75,2,85,2019-06-30,2.42,1,159
34834620,Fully Renovated 1 Bedroom- Washer Dryer,61396454,Ash,Manhattan,Midtown,40.7554,-73.96474,Entire home/apt,200,30,1,2019-06-14,1.0,14,289
23624930,Lisa's Comfort Zone,176763105,Lisa,Queens,Jamaica,40.6743,-73.78471,Private room,70,1,41,2019-05-05,2.76,1,67
11522815,Cute 1bd w/balcony E Williamsburg,60753668,Therese,Brooklyn,Williamsburg,40.71946,-73.94193,Entire home/apt,130,30,42,2018-06-29,1.06,1,0
747538,"HUGE mid-century modern, sunny flat w/ amazing cat",2293050,Nick,Brooklyn,Crown Heights,40.67652,-73.9614,Private room,61,2,167,2019-07-03,4.16,1,320
21649044,Brownstone Diamond in Clinton Hill,157563838,Ion,Brooklyn,Bedford-Stuyvesant,40.6886,-73.95906,Entire home/apt,99,2,0,,,1,0
19720907,"Cozy bedroom in Harlem, NY",54283436,Maurice,Manhattan,East Harlem,40.7993,-73.94164,Private room,60,3,6,2018-07-26,0.25,1,0
4795390,Cozy Private Room,16151285,Carol,Bronx,Williamsbridge,40.88016,-73.84923,Private room,43,28,15,2019-05-31,0.3,4,336
33641091,Charming Williamsburg 30 day min stay 2 br /2 bath,10951481,Ann,Brooklyn,Williamsburg,40.71095,-73.96717,Entire home/apt,183,30,0,,,5,249
22290967,(Room 102)法拉盛舒适轻奢套房,75216989,Wenqin,Queens,Flushing,40.76475,-73.83,Private room,79,2,14,2019-06-12,1.71,4,320
34931431,Cozy Room in Gorgeous Home in Bronx Little Italy,153376583,Joseph,Bronx,Belmont,40.85413,-73.88387,Private room,55,1,0,,,1,236
30064760,Spacious Sunny Bedroom in Bushwick/Ridgewood,12625398,Marcela,Queens,Ridgewood,40.70581,-73.90978,Private room,43,2,4,2019-04-21,0.55,1,0
12846033,Spacious West Village Loft Studio,62225580,Elin,Manhattan,West Village,40.73326,-74.00844000000001,Entire home/apt,225,14,0,,,1,0
35066800,Highly nice area beautiful place too visit,264156969,Neal,Queens,Arverne,40.59279,-73.79993,Private room,80,1,1,2019-07-06,1.0,1,90
31926655,SPACIOUS- 3 Bedroom Harlem gem 5 mins from train,115075522,Christian,Manhattan,Harlem,40.82656,-73.94648000000001,Entire home/apt,225,1,13,2019-07-01,3.22,1,83
22124086,Airy Brooklyn Pad,47423579,Analise,Brooklyn,Flatbush,40.64366,-73.95794000000001,Shared room,45,2,1,2017-12-07,0.05,1,0
1001447,Comfy twin bed/Cosy apartment/East Harlem / Subway,214794,Pete & Marcos,Manhattan,East Harlem,40.79307,-73.95138,Shared room,56,2,117,2019-06-24,1.53,1,303
8542461,JFK Airport Spacious and gorgeous Room,14046692,Pedro J,Queens,Howard Beach,40.65918,-73.83038,Private room,50,1,5,2017-10-20,0.24,2,0
4775547,"Private Studio On Roof, Private bath + Deck",4601412,Mia,Brooklyn,Bushwick,40.69437,-73.92607,Private room,90,5,107,2018-04-13,2.03,2,133
34946772,Beyond the Valley of the Doll House,263331130,Vanessa,Brooklyn,Bushwick,40.69969,-73.9199,Private room,65,1,7,2019-06-25,4.77,1,79
13802334,Bright chic room in Clinton hill,35775878,Lisa,Brooklyn,Clinton Hill,40.68366,-73.96563,Private room,65,7,10,2017-12-10,0.28,1,0
18004987,Warm cozy green house,109854433,Careen,Brooklyn,Bushwick,40.68815,-73.91032,Entire home/apt,120,2,76,2019-06-24,2.78,2,270
6233779,Cozy South Williamsburg Bedroom off Bedford Ave!,32345728,Michael,Brooklyn,Williamsburg,40.70834,-73.96646,Private room,60,2,0,,,1,339
13810048,Brooklyn - Bushwick - NYC,81274648,Ming,Brooklyn,Bushwick,40.69677,-73.93027,Private room,46,2,126,2019-06-24,3.51,4,80
7686940,The Wielingen,40371157,Jimmy,Bronx,Longwood,40.82417,-73.90156,Private room,95,1,182,2019-01-01,3.82,2,0
2835738,Apt Lincoln Center And Central Park! Best location,2074433,Anna,Manhattan,Upper West Side,40.77397,-73.98241999999999,Entire home/apt,299,2,155,2019-06-21,2.46,1,267
9810696,MANNYS' PLACE,50541121,Jesus,Manhattan,Hell's Kitchen,40.76385,-73.98669,Entire home/apt,199,2,137,2019-06-24,3.14,1,317
4457556,cozy queen for 2 in el barrio,22904933,Charlene,Manhattan,East Harlem,40.79849,-73.93843000000001,Private room,92,3,48,2019-06-17,0.94,2,115
3249253,Panoramic Penthouse - 30% OFF,14369316,Jon,Manhattan,Chelsea,40.74156,-73.99476,Entire home/apt,289,2,1,2014-06-28,0.02,1,0
35999656,Cosy LES Apartment,270829432,Andrea,Manhattan,East Village,40.72309,-73.98519,Entire home/apt,195,1,0,,,1,25
22486540,Spacious Queen Room close to Prospect Park,1512819,Sydney,Brooklyn,Flatbush,40.65275,-73.95456999999999,Private room,50,10,8,2018-10-10,0.44,5,153
623747,Great deal! Manhattan 1-bedroom 1 month sublet,3050955,Laura And Bernard,Manhattan,Kips Bay,40.74285,-73.97986,Entire home/apt,50,30,8,2018-08-21,0.11,1,91
9492969,Spacious Prospect Heights Room,826493,David,Brooklyn,Crown Heights,40.67252,-73.96154,Private room,58,1,0,,,1,0
13742783,Spacious Top Floor 2 BR Unit with Balcony,80463005,Anita,Brooklyn,Flatbush,40.63316,-73.96606,Entire home/apt,120,2,48,2018-04-08,1.36,1,53
9696357,Huge 1BD near Central Park Sleeps 5,48678883,D,Manhattan,Upper East Side,40.76871,-73.95479,Entire home/apt,177,1,136,2019-06-19,3.12,1,258
21344762,Modern Manhattan 1 Bedroom 15 Mins from Midtown,34867672,Robert,Manhattan,East Harlem,40.80891,-73.93798000000001,Entire home/apt,100,30,22,2019-01-31,1.05,1,0
1892319,Private BR in Chelsea (women or couples only),3416555,Anya,Manhattan,Chelsea,40.74793,-74.00690999999999,Private room,84,2,143,2019-05-04,2.13,1,311
6627254,Private room - Perfect location!,10899109,Dave & Nat,Brooklyn,South Slope,40.66526,-73.98449000000001,Private room,100,2,1,2015-06-26,0.02,1,0
13446124,Cozy front room in a 2 bedroom family apt near CU,18419593,Anna & Keith,Manhattan,Morningside Heights,40.81353,-73.95878,Private room,76,2,126,2019-06-14,3.4,1,12
21899939,Alluring Two- Bedroom in Highland Park,4089207,Mondell,Brooklyn,Cypress Hills,40.67842,-73.88768,Entire home/apt,155,3,64,2019-06-29,3.41,2,287
19385941,Spotless Clean room private entrance  paid parking,124860677,Jim&Lisa,Queens,Flushing,40.75712,-73.8122,Private room,120,2,45,2019-07-01,1.87,6,365
33744142,"6 Guests! Close to JFK-Manhattan(30 min ""A"" train)",67746251,Gasminee,Queens,Ozone Park,40.68268,-73.84976999999999,Entire home/apt,149,1,0,,,4,113
21265363,"2 Bedrooms For Groups, GREAT LOCATION",14552154,Leslie,Manhattan,Midtown,40.74517,-73.98484,Private room,231,2,12,2019-06-15,0.65,4,165
23762605,"Luxury Bedroom in  a Cozy, Relaxed NYC Atmosphere!",109551284,Saphira,Manhattan,Upper West Side,40.80172,-73.96177,Private room,120,5,9,2019-04-30,0.62,2,0
13822434,Private Room in Hamilton Heights,14078461,Emma,Manhattan,Harlem,40.82421,-73.95425999999999,Private room,40,7,1,2016-08-02,0.03,1,0
6892731,"Clean Safe Apartment  Kitchen, Wifi  Parking +more",36119026,Mila,Brooklyn,Sheepshead Bay,40.58804,-73.95674,Entire home/apt,120,2,15,2019-06-23,0.4,1,334
25625417,The Palace of Perhaps (Bushwick / Ridgewood),21061846,Briana,Queens,Ridgewood,40.69943,-73.90711999999999,Private room,40,2,13,2019-06-28,0.99,1,0
35617028,Huge room @ a Gorgeous apt + beautiful back yard,6997690,Gregg,Brooklyn,Greenpoint,40.73259,-73.95611,Private room,100,3,1,2019-06-23,1.0,1,65
24808312,"MARTIAL LOFT 3: REDEMPTION (upstairs, 3rd room)",15787004,Martial Loft,Brooklyn,Bushwick,40.69501,-73.92296,Private room,40,3,2,2018-10-24,0.14,5,0
27920036,Penthouse 1 bedroom in LIC,32604201,Cherie,Queens,Long Island City,40.75094,-73.93806,Entire home/apt,107,3,4,2018-11-25,0.38,1,0
29216706,NEW Perfect cozy 1 BDRM near JFK & Casino NYC LGA,220129825,Carlton,Queens,Jamaica,40.67379,-73.78187,Entire home/apt,150,1,75,2019-07-01,9.3,2,69
11337187,"Cute, cozy, hip Williamsburg nest",22570120,Charles,Brooklyn,Williamsburg,40.70969,-73.9592,Entire home/apt,95,30,10,2019-02-09,0.3,2,27
16526927,Charming cozy Studio - Discounted !!,71490429,Corrado,Brooklyn,Flatbush,40.64972,-73.96363000000001,Entire home/apt,56,20,3,2018-07-15,0.1,1,0
30235273,*Easy check in Budget Room!,226339724,David And Annette,Brooklyn,Bedford-Stuyvesant,40.68197,-73.91235,Private room,40,2,11,2019-07-04,3.17,10,317
18959626,"Grand Central. Clean, Quiet & Elevator. 
Park Ave.",21706118,Yogita,Manhattan,Murray Hill,40.75071,-73.97995,Private room,138,2,41,2019-06-21,1.9,1,66
6259989,Large room in Prospect Heights,11131161,Tina,Brooklyn,Crown Heights,40.67822,-73.96069,Private room,60,7,0,,,1,0
10096352,West Village Dream *Newly Renovated,12485770,Raanan,Manhattan,West Village,40.7313,-74.00154,Entire home/apt,166,30,5,2018-12-31,0.13,9,332
18196956,Beautiful 1 BR 1 Bath in Boerum Hill Brooklyn,3859890,Aditi,Brooklyn,Boerum Hill,40.6891,-73.9874,Private room,53,1,10,2019-03-21,0.38,1,0
15423552,Manhattan Upper West Side 1 BR by Central Park,98853519,Joe,Manhattan,Upper West Side,40.80209,-73.96195999999999,Entire home/apt,174,4,12,2019-01-03,0.44,1,0
24826817,Fun tourist family friendly Flatiron Loft,187684303,Alexis,Manhattan,Kips Bay,40.73992,-73.98272,Entire home/apt,200,2,16,2019-05-09,1.57,1,6
6069703,Urban sanctuary near Bedford L!,17958459,Maria,Brooklyn,Williamsburg,40.71462,-73.96309000000001,Entire home/apt,179,8,39,2019-01-01,0.77,1,113
20574057,"Spacious BK Heights room, walk to Brooklyn Bridge",3376018,William,Brooklyn,Brooklyn Heights,40.69093,-73.9929,Private room,64,7,6,2019-06-11,0.7,1,0
34490361,Deluxe King Bed Mobility Accessible Roll-in Shower,260618374,The Knickerbocker,Manhattan,Midtown,40.75471,-73.98781,Private room,100,1,0,,,13,352
4550747,Cozy & Clean #4,23533897,Fatou,Brooklyn,Crown Heights,40.67565,-73.95121,Private room,85,2,37,2019-05-19,0.67,7,325
12001322,NYC Midtown-West Luxury 1BR Apt.,30283594,Kara,Manhattan,Midtown,40.76554,-73.98289,Entire home/apt,239,30,0,,,121,352
15154905,"Huge bedroom suite in Greenpoint, Brooklyn",1103252,Arin,Brooklyn,Greenpoint,40.73287,-73.95211,Private room,130,1,104,2019-06-21,3.2,1,146
8067738,Rm @Top Floor of a Luxury Building!,3958647,Yegor,Brooklyn,Bushwick,40.69955,-73.92225,Private room,90,3,0,,,1,0
10771369,Awesome Midtown Get-A-Way,55713233,Ryan,Manhattan,Murray Hill,40.7462,-73.97707,Entire home/apt,105,3,3,2016-09-06,0.08,1,0
31445758,TRENDi 3 Bed Duplex in Heart of  Historic Harlem,133234099,Gemma,Manhattan,Harlem,40.80761,-73.94366,Entire home/apt,250,3,11,2019-06-16,1.94,2,110
28001862,Garden Oasis,8056254,Lou,Manhattan,East Village,40.72795,-73.97768,Entire home/apt,225,2,2,2019-01-02,0.22,1,0
25996892,"Lovely Apartment in Greenwich Village, NYC",155627,Katherine,Manhattan,Greenwich Village,40.73177,-73.99936,Entire home/apt,90,42,2,2019-05-04,0.41,1,91
23595013,Studio Apartment in Manhattan,5709606,Megan,Manhattan,Upper East Side,40.77154,-73.95573,Entire home/apt,175,3,24,2019-01-01,1.48,1,0
31303661,New York Safe Haven (Females Only),222476614,Melanie,Manhattan,Kips Bay,40.74535,-73.97898,Shared room,39,2,0,,,3,348
18327630,Gigantic 2 Bed/2 Bath Step to Columbus Circle&Park,125545452,Tasny,Manhattan,Hell's Kitchen,40.76597,-73.98379,Entire home/apt,325,5,84,2019-06-24,3.15,1,69
57740,Quiet & Clean Retreat in the City,275459,I,Manhattan,East Village,40.73012,-73.99053,Entire home/apt,239,3,7,2019-05-24,0.07,1,351
32020853,"★ Clean, Private BR in Little Italy/Chinatown ★",14249909,Evan,Manhattan,Chinatown,40.71825,-73.99651,Private room,169,3,3,2019-05-19,0.67,1,0
17667639,Your 1 bedroom home away from home!,43907907,Elle,Manhattan,Upper West Side,40.79563,-73.97634000000001,Entire home/apt,215,3,38,2019-06-10,1.4,1,31
34257861,2 Bedroom Empire State Building Apartment,258133009,Rovena,Manhattan,Murray Hill,40.74553,-73.97699,Entire home/apt,239,1,8,2019-06-24,4.53,1,140
17459791,Bedroom Upper West Side 10min walk to Central Park,12588825,Kyle,Manhattan,Upper West Side,40.79358,-73.97452,Private room,175,4,3,2017-11-05,0.11,1,0
924600,"Sunny, private room in Brooklyn!",4973668,Gloria,Brooklyn,Bedford-Stuyvesant,40.68713,-73.93659,Private room,35,5,69,2019-06-15,0.91,3,244
7928917,Studio in Full Service Chelsea Bldg,41810578,Anisha,Manhattan,Chelsea,40.7393,-73.99609,Entire home/apt,215,1,0,,,1,0
23485307,Hotel-like Studio- loft Wall Street,170477315,Tanya,Manhattan,Financial District,40.70234,-74.01047,Entire home/apt,130,2,77,2019-06-30,4.7,1,85
30060150,Private room in trendy neighborhood,129902279,Catalina,Brooklyn,Sunset Park,40.65977,-73.99087,Private room,40,8,7,2019-06-12,0.96,1,66
22241250,Newly renovated 1br in the heart of NY,4148879,Carlos,Manhattan,Flatiron District,40.74212,-73.99042,Entire home/apt,249,4,3,2019-05-22,0.16,1,0
2346335,Spacious and bright 2 or 3 bedroom,10672341,Emily,Brooklyn,Crown Heights,40.66732,-73.95794000000001,Entire home/apt,145,2,0,,,2,0
511436,"Wake up to the skyline of the city, prime location",2519356,Darya,Brooklyn,Williamsburg,40.7139,-73.96553,Entire home/apt,96,3,1,2018-05-26,0.07,1,0
15233387,#Bluebird Elegant 1-BR Apartment Near Times Square,95459395,Bluebird,Manhattan,Midtown,40.7671,-73.98148,Entire home/apt,300,30,0,,,18,364
32492910,JFK LUXURY BEDROOM # 2,244082709,Jfk,Queens,Springfield Gardens,40.65973,-73.77125,Private room,55,1,17,2019-06-25,3.92,7,161
30937759,Sonder | The Nash | Bohemian 1BR + Rooftop,219517861,Sonder (NYC),Manhattan,Murray Hill,40.74846,-73.97610999999999,Entire home/apt,263,2,5,2019-05-18,0.99,327,62
13727995,Large Bedroom in Bushwick,579391,Yuan,Brooklyn,Bushwick,40.70091,-73.93809,Private room,65,2,12,2018-10-02,0.34,1,0
21848241,Artsy and charming retreat in Lefferts Garden,41911368,Katie,Brooklyn,Prospect-Lefferts Gardens,40.65684,-73.96042,Private room,95,1,48,2019-06-23,2.63,2,77
21937451,AMAZING STUDIO IN CHELSEA (up to 4) Special price!,21621745,Paulina,Manhattan,Chelsea,40.74927,-74.00121999999999,Entire home/apt,200,1,7,2019-03-04,0.37,1,0
255601,Cozy 2 Bedroom 20 Min from City,1343630,Antonio,Brooklyn,Bedford-Stuyvesant,40.69241,-73.94885,Entire home/apt,170,2,190,2019-06-23,2.04,1,315
32420737,"Classic UWS doorman 3 BR. River, elevator, dogs",231704,Judith,Manhattan,Upper West Side,40.7897,-73.97909,Entire home/apt,317,30,0,,,3,358
18792285,Clean and Comfortable Room near Columbia,55377720,Dan,Manhattan,Morningside Heights,40.81233,-73.95716999999999,Private room,69,3,0,,,1,0
28513774,Cozy 2 Bedroom Apt w/ Patio & Hot Tub near Trains,108249932,Yngrid And Jiovanni,Brooklyn,East New York,40.6757,-73.88925,Entire home/apt,175,3,22,2019-06-30,2.89,2,285
17461591,"Cozy, Quiet Abode near Times Square",2522596,Nina,Manhattan,Hell's Kitchen,40.76051,-73.99183000000001,Entire home/apt,103,2,12,2017-08-14,0.42,1,0
8213015,Crown Heights Stunner,13563861,Mandi,Brooklyn,Crown Heights,40.67211,-73.94946999999999,Entire home/apt,200,2,0,,,1,0
25517407,Spacious room in prime Willyb! Steps 2 Bedford L,1034976,Katie,Brooklyn,Williamsburg,40.71777,-73.95824,Private room,100,1,18,2019-05-08,1.36,2,33
32343903,East Williamsburg Quiet Getaway or Workspace,241870258,Reesey,Brooklyn,Williamsburg,40.71536,-73.93661999999999,Private room,80,1,10,2019-05-07,2.11,2,0
25967331,Cozy and Convenient Spot in Washington Heights,152442590,Nick,Manhattan,Washington Heights,40.85108,-73.93911999999999,Private room,60,1,8,2018-07-08,0.62,1,0
1275942,nice room in bedstuy H,6885157,Randy,Brooklyn,Bedford-Stuyvesant,40.6824,-73.95039,Private room,55,1,127,2019-06-14,1.77,15,318
6765697,Cozy bedroom for 2 in Astoria,35417042,Maria,Queens,Astoria,40.76855,-73.92583,Private room,86,4,28,2019-04-23,0.59,1,364
12953234,Sofa Bed Available in Midtown Manhattan,3664485,Arnie,Manhattan,Hell's Kitchen,40.76455,-73.99128,Shared room,30,3,0,,,1,0
18297633,"Charming, small and cozy",13540183,Ashley,Brooklyn,East Flatbush,40.63676,-73.95033000000001,Private room,150,2,0,,,1,0
18526162,Gone with the Wind,75360607,Fernando,Queens,Sunnyside,40.74215,-73.92633000000001,Entire home/apt,199,5,91,2019-06-21,3.48,2,57
20423928,Artistic Bedstuy Apartment,12570239,Rachel,Brooklyn,Bedford-Stuyvesant,40.68653,-73.9438,Private room,85,4,2,2017-10-09,0.09,1,0
12145578,Spacious Parkside Abode,2589215,Caroline,Brooklyn,Flatbush,40.65206,-73.96149,Private room,100,4,5,2018-11-09,0.14,1,7
27700747,Beach-side basement media room,145245549,Dawid,Staten Island,New Dorp Beach,40.56629,-74.10331,Private room,36,2,18,2019-06-07,1.67,1,178
6768399,3)Cozy Sunny Warm Room  阳光温馨单房 停车容易,30616879,Anna,Queens,Flushing,40.75443,-73.80787,Private room,48,2,53,2019-04-07,1.07,3,153
4904582,Boutique Retreat,25249481,Jacqueline,Bronx,Mount Hope,40.85062,-73.90250999999999,Private room,40,14,5,2017-06-17,0.13,1,322
1045491,Prime Williamsburg. Brand new,1356046,Daniel,Brooklyn,Williamsburg,40.71454,-73.9507,Private room,75,3,179,2019-06-09,2.39,2,136
3841033,"Bright, clean studio by subway",9708374,Anaïs,Brooklyn,Bay Ridge,40.63592,-74.02704,Entire home/apt,119,1,1,2016-01-09,0.02,1,0
29418601,Great New York shared room 3-6,179336958,Ruby,Manhattan,Midtown,40.74757,-73.98671,Shared room,65,3,20,2019-06-14,2.51,6,169
22289185,VERY LARGE STUDIO APT BEST LOCATION  IN NYC,24715671,Julia,Manhattan,Midtown,40.74197,-73.98328000000001,Entire home/apt,199,30,1,2018-06-27,0.08,4,177
15969097,Big Bright Alcove Studio in Upper East Side,64442357,Jaimie,Manhattan,Upper East Side,40.76323,-73.95916,Entire home/apt,200,4,2,2018-10-18,0.07,1,0
11697308,Spacious 1 BR Upper East Side,61391963,Corporate Housing,Manhattan,Upper East Side,40.78002,-73.95284000000001,Entire home/apt,125,30,8,2019-05-31,0.23,91,343
30394494,"Charming Chelsea 1BR w/ Office nook, near Union Sq by Blueground",107434423,Blueground,Manhattan,Chelsea,40.73795,-73.99753,Entire home/apt,316,30,0,,,232,339
17239807,Private entrance large room BK for your NYC stay!,40146897,Eric,Brooklyn,Crown Heights,40.67203,-73.922,Private room,45,2,18,2018-06-04,0.63,5,0
36103059,Lovely room with full size bed(suit3),255641440,Li,Queens,Flushing,40.76393,-73.80895,Private room,42,1,0,,,7,4
24493582,Charming beautiful studio perfect location!!,26584499,Ofir,Manhattan,Upper West Side,40.78382,-73.98235,Entire home/apt,135,30,0,,,8,290
19343700,Modern Upper East Side Apartment near Central Park,135522817,Shaun,Manhattan,Upper East Side,40.77412,-73.95695,Entire home/apt,198,1,143,2019-06-15,5.91,1,300
10267242,Cinque Terre Room.  Clean and Quiet Queen Bedroom,2787,John,Brooklyn,Gravesend,40.6081,-73.97541,Private room,149,1,24,2019-05-11,0.64,6,180
12966974,Flatiron Oasis,71321195,Sonia,Manhattan,Chelsea,40.73737,-73.99475,Entire home/apt,225,1,0,,,1,0
28805245,Just Peachy: East Village. Come home already!,217251565,Just,Manhattan,East Village,40.7237,-73.98514,Private room,125,1,25,2019-06-30,2.68,1,68
5861303,"Pet friendly, homey 1 BR in Lower East Side, NYC",30432695,LisaMarie,Manhattan,Lower East Side,40.71832,-73.98325,Entire home/apt,125,7,11,2019-06-28,0.22,1,20
19634067,"Gigantic, convenient loft in S Williamsburg!",13785996,David,Brooklyn,Williamsburg,40.70857,-73.96618000000001,Private room,42,3,1,2018-02-14,0.06,1,0
21450636,Exposed brick 1BR apartment in upper Manhattan,21341524,Harold,Manhattan,East Harlem,40.79104,-73.94144,Entire home/apt,180,2,3,2018-06-16,0.16,1,41
32186503,Spacious two bedroom in Hell's Kitchen,241366983,Jack,Manhattan,Hell's Kitchen,40.7647,-73.99516,Entire home/apt,250,2,0,,,1,0
2776119,Studio Apt Avail - Convenient to City & Hot Spots,14197781,Bruce,Brooklyn,Bedford-Stuyvesant,40.69707,-73.93914000000001,Entire home/apt,68,30,3,2016-12-13,0.09,1,0
16444320,Upper West Side - Two Private Rooms!,6897064,Paula,Manhattan,Upper West Side,40.78142,-73.98418000000001,Private room,87,3,1,2017-01-02,0.03,2,0
17554298,The Sweet Pea Cottage,76840423,Kathleen,Staten Island,Huguenot,40.53871,-74.16966,Entire home/apt,180,1,136,2019-07-07,4.81,1,136
33419280,Beautiful and Modern 2 Bed- 20 Min To Manhattan,240217000,Toni,Brooklyn,Bedford-Stuyvesant,40.68523,-73.9384,Entire home/apt,89,1,2,2019-06-24,0.92,1,194
22217757,3-BR duplex in Bed-Stuy Brownstone,3616251,Michael,Brooklyn,Bedford-Stuyvesant,40.68376,-73.95109000000001,Entire home/apt,66,3,41,2019-06-25,3.3,1,219
27910595,"Cozy&Clean Suite-private entry, bedroom & bathroom",210843289,Tajudeen,Staten Island,Mariners Harbor,40.63068,-74.15521,Private room,40,2,86,2019-06-25,10.12,1,56
15896468,Charming Loft,2089329,Emanuele,Manhattan,East Harlem,40.79084,-73.93961999999999,Entire home/apt,250,3,6,2019-01-06,0.22,1,0
35935675,Spacious Room w/Kitchen  in Prime Manhattan,436365,Jessica M.,Manhattan,Upper East Side,40.76924,-73.95323,Private room,100,3,0,,,3,37
30820590,Sun-Soaked Historic Brownstone Apartment,4408261,Peter,Brooklyn,Bedford-Stuyvesant,40.68191,-73.95812,Entire home/apt,130,3,1,2019-01-02,0.16,1,0
27890556,Beautiful Historic Brooklyn!,51954926,Kc,Brooklyn,Bedford-Stuyvesant,40.69652,-73.94821,Private room,45,2,46,2019-06-23,4.68,4,36
23683924,Stunning designer loft in the heart of Downtown,6238348,Patrizio,Manhattan,Civic Center,40.71353,-73.99925,Entire home/apt,220,15,4,2019-05-01,0.25,1,9
19272890,1 bedroom apt with private terrace on UWS.,134961952,Ilona,Manhattan,Upper West Side,40.7765,-73.97914,Entire home/apt,230,5,0,,,1,0
32350835,Sunnyside room mins to Times Square & JFK.,137358866,Kazuya,Queens,Sunnyside,40.74658,-73.92007,Private room,42,30,1,2019-04-22,0.38,103,0
7411421,Hip & Trendy Williamsburg 2 BR 2BA Apartment,3750905,Louis,Brooklyn,Williamsburg,40.71303,-73.9558,Entire home/apt,109,2,28,2019-06-22,0.61,1,170
2453730,"Sunny, charming duplex in best Brooklyn 'hood",10232293,Georgia,Brooklyn,Gowanus,40.67906,-73.99093,Entire home/apt,180,6,1,2019-07-05,1.0,1,26
21139175,Yinka's Guest house,152493041,Clover,Brooklyn,East Flatbush,40.66197,-73.92586999999999,Entire home/apt,180,3,14,2019-06-01,0.69,1,175
11198278,2BR WITH PRIVATE PATIO EAST VILLAGE,2856748,Ruchi,Manhattan,Greenwich Village,40.73455,-73.99171,Entire home/apt,245,30,0,,,49,364
16805869,Windowside Orchard Street Room in Lower East Side!,16664377,D,Manhattan,Lower East Side,40.71863,-73.98958,Private room,100,1,66,2019-06-22,2.19,3,334
22431770,Freehand New York- Queen Room,164291123,Freehand,Manhattan,Flatiron District,40.74077,-73.98718000000001,Private room,129,1,47,2019-06-05,2.8,3,364
21710003,Garden 1-Bedroom Apartment in Greenpoint,848748,Sarah,Brooklyn,Greenpoint,40.72365,-73.95188,Entire home/apt,200,3,30,2019-06-17,1.52,2,101
26012,Sunny 2-story Brooklyn townhouse w deck and garden,109589,Jessica,Brooklyn,Gowanus,40.68157,-73.98989,Entire home/apt,200,30,19,2017-03-17,0.2,1,208
31553305,Private Loft-Style Bedroom w/ your own Bathroom,15058648,Shola,Brooklyn,Bushwick,40.69866,-73.92929000000001,Private room,70,3,4,2019-05-31,0.73,3,21
27195600,Reign in your castle,204773816,Marisa,Queens,Flushing,40.75785,-73.81948,Entire home/apt,120,3,21,2019-06-13,2.09,1,152
9938066,Madison Avenue Studio Suite (4),50760546,CRNY Monthly Rentals,Manhattan,Midtown,40.74892,-73.9828,Entire home/apt,110,30,7,2018-12-15,0.17,31,179
15974157,Gorgeous sun drenched 2BR in Jackson Heights,1753251,Abeer,Queens,Jackson Heights,40.751090000000005,-73.88049000000001,Entire home/apt,100,4,4,2018-11-11,0.13,1,157
30457958,East village renovated studio,15397994,Samantha,Manhattan,East Village,40.72715,-73.9848,Entire home/apt,175,2,7,2019-06-30,1.1,1,38
6386823,Cozy Manhattan room ★ 3 mins to subway,21361229,Vivian Yuen Ting,Manhattan,Washington Heights,40.83998,-73.94295,Private room,70,1,88,2019-06-30,3.66,1,0
292121,1 bedroom apt in Midtown West,169927,Hubert,Manhattan,Hell's Kitchen,40.7625,-73.9869,Entire home/apt,199,3,4,2018-09-12,0.07,1,200
35903391,1 Bedroom in a Washington Heights Apartment,129301317,Natalie,Manhattan,Washington Heights,40.84191,-73.93705,Private room,50,2,1,2019-06-30,1.0,1,26
31175570,Charming garden level apt in Brooklyn Townhouse,29129194,Ferris,Brooklyn,Bedford-Stuyvesant,40.68483,-73.94745,Entire home/apt,90,3,17,2019-06-15,4.15,1,91
11756047,Beautiful Room for Rent! L Train!,41616878,Melissa,Brooklyn,Bushwick,40.69164,-73.90968000000001,Private room,45,30,16,2019-03-31,0.43,4,334
28981827,Beautiful Luxury 1 Bedroom,7021189,Sachin,Manhattan,Chelsea,40.74463,-73.9923,Entire home/apt,200,100,1,2018-10-02,0.11,1,0
10039250,"JFK,LGA,Manhattan,TimeSq,privateBathroom,Queens",36577517,Nan,Queens,Elmhurst,40.74556,-73.88118,Private room,49,2,1,2016-03-11,0.02,2,83
28074191,"Bright Room, Vibrant Area, 2 Blocks From Train",71177383,Chris,Brooklyn,Bushwick,40.70028,-73.93928000000001,Private room,78,2,18,2019-07-02,1.8,2,266
8401484,Private Rm in Cozy Williamsburg Apt,1278978,Nelly,Brooklyn,Williamsburg,40.71602,-73.94645,Private room,70,3,1,2017-10-10,0.05,1,0
28250130,Gorgeous 1 bedroom with 300 sqf patio and balcony,3768359,Piret,Manhattan,Lower East Side,40.72177,-73.98898,Entire home/apt,300,3,7,2019-02-21,0.71,1,12
11031059,Private Room in Bedstuy Brownstone,44776542,Danielle,Brooklyn,Bedford-Stuyvesant,40.68627,-73.94898,Private room,66,1,0,,,1,0
21181643,"Midtown Manhattan shared Apartment,Prime Location",152948553,Lexy,Manhattan,Chelsea,40.75133,-73.99671,Private room,99,1,77,2019-06-17,3.64,1,101
26735765,Bright room in beautiful Park Slope apartment,15500498,Tiffany,Brooklyn,Sunset Park,40.65828,-73.98983,Private room,55,2,7,2018-11-04,0.58,1,0
35337525,Charming One Bedroom in Central Williamsburg,18826598,Holly,Brooklyn,Williamsburg,40.71413,-73.96075,Entire home/apt,121,3,7,2019-07-06,6.0,1,6
23166555,Upper East Side Triplex Penthouse Rooftop,162153626,S,Manhattan,Upper East Side,40.77394,-73.95251999999999,Entire home/apt,127,1,1,2018-07-06,0.08,1,0
18326156,"Beautiful modern Brooklyn room, 20mins to city",42928837,Reuben,Brooklyn,Williamsburg,40.70733,-73.92996,Private room,50,4,6,2018-10-08,0.23,1,0
34749431,Brooklyn Art Cove,60434059,Samantha,Brooklyn,Bushwick,40.69055,-73.91035,Private room,80,1,1,2019-06-02,0.79,2,314
10682316,Spacious Sanctuary in Bushwick,8655790,Romany,Brooklyn,Bushwick,40.69887,-73.9227,Private room,75,20,1,2018-10-19,0.11,1,93
15133721,"A Clean, Quite, Great room for NY visit.",95936966,Yenpo,Queens,Forest Hills,40.71871,-73.8532,Private room,59,3,9,2017-02-19,0.27,1,95
8342009,Cozy apartment with lots of light,43375242,Gabriela,Queens,Long Island City,40.75653,-73.93268,Private room,120,2,9,2019-04-22,0.2,2,89
35652031,Comfortable private bedroom in Apartment,13830544,Renee,Brooklyn,Bedford-Stuyvesant,40.695240000000005,-73.93234,Private room,54,4,2,2019-06-24,2.0,3,330
1635672,Cute studio apt in West Village,8687489,Adam,Manhattan,West Village,40.7338,-74.00328,Entire home/apt,150,7,40,2017-11-25,0.57,1,0
15222861,"Private! entire studio, private bath, own entrance",33614329,Walter,Brooklyn,Bushwick,40.69555,-73.93069,Entire home/apt,95,1,81,2019-07-03,2.42,4,193
2835159,Large studio,7915183,Alfonso,Manhattan,Midtown,40.75546,-73.96762,Entire home/apt,240,1,1,2014-05-19,0.02,1,0
35683776,"Cozy 1 BR by St. George Ferry., 2nd Floor apt.",268430876,Edilma,Staten Island,St. George,40.63772,-74.08315,Private room,42,1,0,,,1,87
10731618,Gramercy Apartment,29880001,Saket,Manhattan,Flatiron District,40.74095,-73.98554,Private room,85,1,0,,,1,0
1128681,Sunny Room in Lower East Side Apt!,302772,Cheryl,Manhattan,Lower East Side,40.71446,-73.98833,Private room,115,3,29,2019-06-29,0.48,2,339
16396507,Full 1 bedroom apt in an awesome area!,1175504,Verun,Manhattan,Kips Bay,40.74301,-73.98037,Entire home/apt,120,4,2,2017-05-27,0.07,1,0
15507436,BEAUTIFUL RENOVATED APT. 208,99539943,Grand,Manhattan,Midtown,40.74828,-73.98401,Private room,189,1,4,2018-02-15,0.12,1,365
13981865,纽约之家(Sunny Home4),27673980,Amy,Queens,Flushing,40.74447,-73.83185999999999,Private room,50,1,60,2019-06-23,1.68,8,53
17743697,Glam Private Bedroom 6 stops to Time Square,14746465,Brooklyn,Manhattan,Harlem,40.81184,-73.94488,Private room,89,3,49,2018-07-15,1.76,1,157
35800352,"close to LGA, JFK LIRR , (private parking)",26802715,Wu,Queens,Flushing,40.7664,-73.8227,Private room,49,4,0,,,2,63
765315,Bed & Bathroom in Williamsburg Loft,4034995,Susan,Brooklyn,Williamsburg,40.71203,-73.95993,Private room,115,2,91,2017-04-30,1.18,1,258
8720865,Spacious Brooklyn Home w/ Backyard,2636827,Erin,Brooklyn,Williamsburg,40.7171,-73.94289,Entire home/apt,350,3,2,2016-01-02,0.04,2,0
14489615,Cozy 1br mins from CASINO JFK & NYC (2nd Apt),8552126,Claudius,Queens,Jamaica,40.66933,-73.77818,Entire home/apt,60,3,60,2019-05-12,1.71,2,0
4907861,Huge Brooklyn Oasis only 1 block from subway!,25268900,Jessica,Brooklyn,Bushwick,40.70083,-73.91679,Entire home/apt,126,3,98,2019-06-13,1.95,1,180
30392834,"Charming West Village Studio Oasis w/ Doorman, Gym by Blueground",107434423,Blueground,Manhattan,West Village,40.73021,-74.00379000000001,Entire home/apt,305,30,0,,,232,1
13416840,Modern Luxury apt in Design Centric Building,65590212,Andrew,Brooklyn,Downtown Brooklyn,40.69805,-73.9846,Entire home/apt,150,2,16,2016-11-16,0.43,1,0
5414911,“纽约之家 ”独立洗手间PrivateBathroom,27673980,Amy,Queens,Flushing,40.74428,-73.8333,Private room,65,1,76,2019-04-08,1.46,8,25
14887025,Upscale Furnished Studio near Union Square!!,30283594,Kara,Manhattan,Chelsea,40.74615,-73.99181999999999,Entire home/apt,109,30,0,,,121,184
8750772,Charming East Village Corner 2 BD,24032852,Jessica,Manhattan,East Village,40.72774,-73.97934000000001,Entire home/apt,260,2,170,2019-07-01,3.85,1,236
30689655,Light Drenched Brooklyn Haven,13108315,Max,Brooklyn,Park Slope,40.67409,-73.97546,Entire home/apt,100,8,3,2019-04-30,0.48,1,7
33787778,Uptown 1-bdr apartment. 2 stops to Times Sq!,222763653,Vaz,Manhattan,Morningside Heights,40.81342,-73.9565,Entire home/apt,165,1,15,2019-06-16,5.11,1,27
24940447,"Charming Harlem Nook /Coin Charmant de Harlem, NYC",62026191,Olivier,Manhattan,Harlem,40.81585,-73.94272,Private room,79,1,67,2019-06-29,4.82,1,78
5075659,Cozy New York Studio,192852,Dim,Manhattan,Upper East Side,40.77407,-73.95238,Entire home/apt,125,3,211,2019-06-22,3.95,1,230
35037586,Spacious home with views of Gramercy Park,72686340,Anne-Marie,Manhattan,Gramercy,40.73891,-73.98657,Entire home/apt,136,4,0,,,1,148
5872177,Sunny One Bedroom-Amazing Location,9893040,Sari,Manhattan,Chelsea,40.74302,-74.00015,Entire home/apt,163,3,12,2016-05-12,0.24,1,0
6357128,Private Bedroom in Beautiful Apartment,20156894,Florence And Peter,Manhattan,Harlem,40.80627,-73.94896,Private room,95,4,20,2018-10-02,0.51,1,69
9015649,Charming duplex  Morningside Heights-Private Floor,47076540,Edlira,Manhattan,Morningside Heights,40.81111,-73.95465,Private room,125,1,27,2019-05-28,2.87,1,80
33627195,East Village Bedroom,192956786,Brian,Manhattan,East Village,40.72585,-73.98831,Private room,50,4,9,2019-06-16,3.14,1,48
4807899,Complete 1 bedroom near Columbia U,3422859,Martin,Manhattan,Harlem,40.80434,-73.95476,Entire home/apt,95,3,9,2016-07-16,0.16,1,0
20874344,Green Oasis 15 min from Downtown Manhattan!,36920690,Nik,Brooklyn,Williamsburg,40.71244,-73.94384000000001,Entire home/apt,114,6,2,2018-12-29,0.11,1,0
1856027,"Hip, Brick East Village Apartment",267955,Peter,Manhattan,East Village,40.72485,-73.98349,Private room,95,3,97,2019-06-24,1.45,1,11
26663094,"Great room in Bushwick, Brooklyn.",107579819,Tal,Brooklyn,Bushwick,40.69417,-73.92589,Private room,55,5,6,2019-05-01,0.51,2,0
28960086,Tudor Village,218289083,Faysal,Queens,Ozone Park,40.68334,-73.85837,Entire home/apt,90,7,2,2018-10-26,0.22,1,90
19013218,Large Private 1 Bedroom Apt in Hell's Kitchen Area,10903067,Justin,Manhattan,Hell's Kitchen,40.76619,-73.98987,Entire home/apt,179,3,17,2019-05-11,0.67,1,5
33676336,"Light-Filled Studio, Steps to Subway",4128255,Lily,Brooklyn,Fort Greene,40.68694,-73.97435,Entire home/apt,104,2,7,2019-06-24,3.33,1,2
1335036,Charming 2 Bedroom Little Italy Apt,4581902,Magi,Manhattan,Little Italy,40.71833,-73.99826,Entire home/apt,250,3,155,2019-06-22,2.18,1,159
33680582,Beautiful Apt in the Heart of the Upper East Side,245174862,Alexandra,Manhattan,Upper East Side,40.78091,-73.95384,Entire home/apt,175,2,0,,,1,38
1262053,Stylish Park Slope Townhouse,6873370,Thomas,Brooklyn,Sunset Park,40.66134,-73.98844,Entire home/apt,102,2,24,2019-01-08,0.34,1,0
3202590,The Lincoln,9209820,Althea,Brooklyn,Crown Heights,40.67138,-73.94949,Entire home/apt,225,3,76,2019-05-18,1.24,3,275
1101224,THE PUTNAM,2571,Teedo,Brooklyn,Bedford-Stuyvesant,40.68674,-73.93845,Entire home/apt,182,9,27,2019-05-21,0.37,1,23
36137613,Modern and Hip Brooklyn Brownstone!,206115,Christian,Brooklyn,Bedford-Stuyvesant,40.68605,-73.92436,Entire home/apt,110,2,0,,,1,182
763809,Mermaid Oasis in the Heart of Brooklyn,3604585,Jenny,Brooklyn,Flatbush,40.64232,-73.9572,Private room,55,3,66,2019-06-07,1.16,3,264
19057619,living room in a 1br apt for rent  MANHATTAN,133037177,Ben,Manhattan,Inwood,40.86556,-73.92656,Private room,36,28,28,2019-05-31,1.12,1,106
9966717,"Spacious, Sunny, Holiday in Brklyn!",51216049,Natalie,Brooklyn,Crown Heights,40.67758,-73.93547,Private room,49,1,2,2016-01-02,0.05,1,0
19806105,"Beautiful, Private 3BR Apt EAST VILLAGE",69891628,Daniel,Manhattan,East Village,40.72838,-73.97943000000001,Entire home/apt,305,2,29,2019-07-01,1.29,1,58
2028432,Sunny Private Studio With Backyard Close 2 Subway!,10243387,Mirlet,Queens,Long Island City,40.75832,-73.92874,Private room,72,3,26,2019-03-14,0.41,2,307
4677469,Cozy 1-BDR apartment on Manhattan,24191104,Timur,Manhattan,Morningside Heights,40.81099,-73.95759,Entire home/apt,125,4,0,,,1,0
16438038,Cosy room in Williamsburg,40630037,Clara,Brooklyn,Williamsburg,40.70786,-73.94821,Private room,60,2,8,2017-10-03,0.26,1,0
29674137,SOUTH RIVER VIEWS/DOORMAN-E 52nd ST,2856748,Ruchi,Manhattan,Midtown,40.75565,-73.9634,Entire home/apt,330,30,0,,,49,365
26084024,"Quiet, sunlit apartment in heart of Brooklyn",23718772,Allan,Brooklyn,Crown Heights,40.67415,-73.96291,Entire home/apt,139,2,2,2019-05-26,0.7,1,12
27470676,Country Living Magazine's Inn of the Month!,56283770,Lia,Manhattan,Upper East Side,40.76389,-73.96808,Entire home/apt,135,30,0,,,6,178
25292558,Sunny and Zen room in Chelsea,15668272,Pedro,Manhattan,Chelsea,40.74194,-73.99914,Private room,100,2,1,2018-06-25,0.08,1,0
753622,1 Private Bedroom / East Village,869880,Karen,Manhattan,East Village,40.73233,-73.98695,Private room,95,5,64,2019-06-29,0.88,1,316
8630662,Most desired EastVillage retreat,45391169,Tania,Manhattan,East Village,40.72781,-73.98398,Private room,99,2,78,2019-06-20,1.71,1,363
27405333,Entire 2 BD apartment in heart of lower east side,52050220,Brooke,Manhattan,Lower East Side,40.71796,-73.98445,Entire home/apt,226,1,1,2018-08-05,0.09,2,0
21491460,Bronx room near mall,66807235,Dexter,Bronx,Melrose,40.82251,-73.91125,Private room,60,3,0,,,1,90
30511114,Astoria Luxury RM w/ Priv Bath 3 mins from subway!,137358866,Kazuya,Queens,Astoria,40.76677,-73.92408,Private room,57,30,0,,,103,238
15531889,Charming & Cool Bushwick 2 Bedroom,30380688,Ashley,Brooklyn,Bushwick,40.68502,-73.90883000000001,Entire home/apt,145,2,142,2019-07-05,4.41,1,218
23838063,Spacious getaway room in the heart of Bushwick,149073048,Kat,Brooklyn,Bushwick,40.69837,-73.93045,Private room,67,5,34,2019-06-30,2.31,1,102
9394188,Room for 1 Female or Couple,38805180,Maria,Bronx,Mott Haven,40.8113,-73.92465,Private room,65,3,2,2019-01-02,0.05,1,356
22860511,Large Queen Room in Beautiful Artist Loft,501456,Aaron,Brooklyn,Greenpoint,40.73531,-73.95631,Private room,58,3,9,2018-11-24,0.52,4,25
22343079,Sunny and Private Room close to Manhattan!!!,107953084,Ervita,Brooklyn,Prospect-Lefferts Gardens,40.66316,-73.95326,Private room,75,2,61,2019-07-02,3.26,3,265
9756729,Bright new apt in a luxury building,33349807,Dorit,Brooklyn,Bedford-Stuyvesant,40.6801,-73.92873,Entire home/apt,60,13,0,,,1,0
33831129,Charming and Bright Apt. in Heart of Williamsburg,8860345,Riya,Brooklyn,Williamsburg,40.71339,-73.96112,Entire home/apt,175,2,3,2019-06-17,1.14,1,4
25781295,Big private room in Sunnyside NYC 7 min Subway,58234433,Martin,Queens,Sunnyside,40.73575,-73.9206,Private room,89,1,12,2019-06-16,0.93,8,282
12420694,Spacious room with private rooftop!,20471565,Harry,Manhattan,East Village,40.72522,-73.98114,Private room,150,3,0,,,1,0
26717498,studio apartment,51278311,Sven,Brooklyn,Gowanus,40.66873,-73.99263,Entire home/apt,55,9,0,,,1,0
32066991,Studio to yourself! In artsy bushwick railroad apt,33386742,Jayme,Brooklyn,Williamsburg,40.70298,-73.93834,Private room,80,1,0,,,1,5
5562710,CLEAN & COZY EAST VILLAGE PAD,16155254,Lina,Manhattan,East Village,40.73097,-73.98178,Entire home/apt,160,1,169,2019-06-21,3.22,4,238
8456825,Bushwick Oasis,44516268,Tom And Claudia,Brooklyn,Bushwick,40.70337,-73.93070999999999,Entire home/apt,70,2,171,2019-06-22,3.74,1,183
25031116,Bedroom in Bushwick.,189224482,Amanda,Brooklyn,Bushwick,40.68569,-73.9143,Private room,45,7,0,,,1,0
18790512,Private Room in Beating Heart of NYC Art Scene,110349355,Justin,Brooklyn,Bushwick,40.70439,-73.92619,Private room,51,3,5,2017-09-19,0.19,1,0
15931762,Vacation Music Studio + 1Bedroom in Bedstuy!,51035062,Matt,Brooklyn,Bedford-Stuyvesant,40.69543,-73.94448,Private room,200,2,0,,,1,89
21486201,Private Bedroom in Heart of Williamsburg,16572580,Travis,Brooklyn,Williamsburg,40.70907,-73.9495,Private room,184,2,1,2017-10-25,0.05,2,0
19176390,"TIMES SQUARE NYC, COZY Jr 1 BR w Private Patio",134114121,Jay,Manhattan,Hell's Kitchen,40.7598,-73.99033,Entire home/apt,219,3,12,2019-06-28,1.33,1,59
30021600,Tasteful Bright Studio Loft in Historic Brownstone,225655167,David,Brooklyn,Bedford-Stuyvesant,40.6887,-73.92742,Entire home/apt,150,5,3,2019-03-15,0.46,1,24
7851219,- A - Cozy Secure Private Room  in a Shared Loft,31304940,John,Brooklyn,Williamsburg,40.71631,-73.96353,Private room,60,2,121,2019-06-18,2.55,8,69
33850661,Amazing private room 5 min time square,45578040,Ryan,Manhattan,Hell's Kitchen,40.76921,-73.99239,Private room,105,1,1,2019-04-18,0.37,2,0
13298512,"Large Bedroom in Clinton Hill/Bed-Stuy, Brooklyn!",6444963,Tiffany,Brooklyn,Bedford-Stuyvesant,40.69041,-73.96025999999999,Private room,50,6,3,2019-02-11,0.08,1,3
2028625,"SB 2014/Winter in NYC, PH, 860 sf!!",10419406,Scott,Manhattan,Harlem,40.82486,-73.93993,Entire home/apt,300,3,0,,,1,0
13039849,"Peaceful, cozy, artistic studio.",283116,Lorie,Queens,Sunnyside,40.74625,-73.91643,Entire home/apt,75,5,0,,,1,0
13497388,Luxury 1 Bedroom in Midtown/Time Square with View,6736799,Sue,Manhattan,Theater District,40.75948,-73.98631,Private room,169,5,19,2018-12-07,0.51,1,88
7561847,Large and sunny 1br in Harlem!,10095503,Sophia,Manhattan,Harlem,40.82112,-73.94962,Entire home/apt,150,1,7,2016-10-30,0.15,1,10
25909160,Simple Private Rm w/ Futon in the Bronx/ Storage,144119993,Charles,Bronx,Fordham,40.85801,-73.88247,Private room,21,1,9,2018-08-05,0.7,2,0
21814527,Large One Bedroom  in Inwood.,51152932,Katelynn,Manhattan,Inwood,40.86794,-73.91629,Entire home/apt,70,1,4,2018-10-07,0.2,1,3
22099954,Cozy 2 Bedroom in Astoria,23385082,Theresa,Queens,Astoria,40.76516,-73.92281,Entire home/apt,112,6,2,2018-03-12,0.11,1,0
4267133,Large private room in huge LES Apt,6793885,Nick,Manhattan,Lower East Side,40.72156,-73.98711999999999,Private room,70,1,2,2015-06-10,0.03,1,0
29514909,Modern and cozy apt in Manhattan,222261103,Brenda And Tim,Manhattan,East Harlem,40.78661,-73.94349,Entire home/apt,240,2,44,2019-06-27,5.22,1,93
20207945,Cozy locked Bedroom - 10 minutes from Times Square,52166457,Jacketta,Queens,Long Island City,40.74715,-73.94605,Private room,70,2,6,2018-10-02,0.26,1,0
12735625,Private Bedroom in 2 BR apartment,69254072,Morgan,Manhattan,Inwood,40.86468,-73.92209,Private room,85,1,0,,,1,0
1380326,Positive Cozy Room!,7475363,Lola,Manhattan,Upper East Side,40.76723,-73.9551,Private room,111,2,77,2019-06-17,1.1,2,259
23876355,Clean an comfortable apartment,16597520,Eliana,Queens,Astoria,40.76641,-73.9193,Private room,60,3,6,2019-04-11,0.42,1,156
25142331,MODERN & CHIC 2 Bedroom Loft**Central Park/Musuems,190028461,Jeff & Elita,Manhattan,Upper West Side,40.78209,-73.97598,Entire home/apt,294,4,34,2019-06-10,2.48,1,179
15052971,"East 12th street, Lux 1bd in Greenwich Village**",22541573,Ken,Manhattan,East Village,40.73193,-73.99126,Entire home/apt,267,30,1,2017-07-30,0.04,87,356
20425579,Beautiful 2 Bedroom apt. close to Times Sq.,72715655,Javier,Manhattan,Hell's Kitchen,40.76347,-73.98785,Entire home/apt,250,2,97,2019-06-21,4.21,1,145
35604447,Empire State Studio Apt,267860635,Jey,Manhattan,Midtown,40.74307,-73.98385999999999,Entire home/apt,170,1,3,2019-06-23,3.0,1,270
33468225,Spacious Two-Bedroom Apartment with Private Garden,5421086,Steven,Manhattan,Harlem,40.82254,-73.9501,Entire home/apt,110,30,0,,,1,102
35972633,New Boutique Sunny Luxury Williamsburg Condo,269112262,Sam,Brooklyn,Williamsburg,40.71443,-73.9527,Entire home/apt,175,2,0,,,1,81
35172821,"For business or pleasure 4 mins to 2,5,3,4 trains",182989977,Sasha,Brooklyn,East Flatbush,40.6541,-73.93834,Private room,69,3,0,,,5,365
9074963,Lovely room available in large apt!,47329500,Mackenzie,Brooklyn,Bedford-Stuyvesant,40.67852,-73.94377,Private room,48,15,0,,,1,0
16011441,15 minute train ride to Times Square,101602599,M,Queens,Woodside,40.74327,-73.90626999999999,Private room,75,3,9,2018-08-26,0.28,2,7
3224913,Private Nook in Bushwick Improved Response Rate,16245414,Shae,Brooklyn,Bushwick,40.69436,-73.9253,Entire home/apt,55,1,115,2019-06-23,1.91,4,64
34743365,Modern and new Duplex next to A train,26319385,Ariadna,Brooklyn,Bedford-Stuyvesant,40.67982,-73.94978,Entire home/apt,175,4,0,,,1,17
29631729,Modern Williambsurg Studio in Prime Location,9358058,Alex,Brooklyn,Williamsburg,40.71131,-73.95669000000001,Entire home/apt,200,3,3,2019-06-30,0.38,1,35
28963068,Manhattan-Bronx Large Studio Apt in Mott Haven,218311373,Yizhak,Bronx,Port Morris,40.80861,-73.93015,Entire home/apt,100,1,25,2019-06-17,2.81,1,39
35732634,Rose's Brooklyn Oasis 2 - Close to Subway!,268757078,Vinette,Brooklyn,East Flatbush,40.64457,-73.94915,Private room,35,1,3,2019-07-07,3.0,2,171
10994530,Cozy Renovated 2br Apartment! Close to Manhattan!,11501945,Victoria,Brooklyn,Flatbush,40.63649,-73.95614,Entire home/apt,92,1,25,2018-01-01,0.63,2,0
6636389,perfect west village location!,27439632,Brian,Manhattan,West Village,40.732040000000005,-74.00399,Entire home/apt,160,4,0,,,1,0
25731392,THE JEWEL OF CROWN HEIGHTS,166269959,Mor,Brooklyn,Crown Heights,40.67031,-73.9354,Private room,95,4,0,,,1,0
6942211,Sunny UWS Apt Steps to Central Park,10124757,Ning,Manhattan,Upper West Side,40.78905,-73.96748000000001,Entire home/apt,185,8,3,2016-01-03,0.06,1,0
23044937,"MINI COZY Room Close to NYU  Langone H/Metro N,R",105640471,Jason,Brooklyn,Sunset Park,40.638000000000005,-74.01619000000001,Private room,39,1,14,2019-05-28,1.0,8,127
28561904,Brand new uber-clean minimalist Bushwick 1BR,1119058,Ruben,Brooklyn,Bushwick,40.70473,-73.92662,Entire home/apt,100,4,17,2019-06-23,1.76,1,0
5695523,Stay European in Brooklyn,36841,Irene & Alban,Brooklyn,Bedford-Stuyvesant,40.68421,-73.92608,Entire home/apt,100,2,107,2019-07-03,2.23,1,41
21184343,"Lovely, charming and clean bedroom in Manhattan.",54198006,Bel And Camila,Manhattan,East Harlem,40.79567,-73.9366,Private room,150,1,44,2019-06-21,2.07,2,305
22686497,"Backyard BK! Live like a NY’er in modern, new reno",24124835,Danielle,Brooklyn,Bedford-Stuyvesant,40.6886,-73.92936999999999,Entire home/apt,130,4,53,2019-07-06,3.66,2,41
5720569,NYC 1-Bedroom Apt in the Heights,29661897,Eric,Manhattan,Washington Heights,40.8558,-73.93025,Entire home/apt,100,5,15,2017-10-23,0.29,1,30
26916746,Brooklyn Home,193502084,Linda,Brooklyn,Borough Park,40.63886,-74.00391,Private room,40,1,26,2019-03-20,2.29,8,0
28834703,Beautiful Brooklyn Brownstone Entire Parlor Floor.,217432173,Dan,Brooklyn,Bedford-Stuyvesant,40.68085,-73.94354,Entire home/apt,130,2,48,2019-06-27,5.12,1,267
16490732,Entire 3rd Fl in Brownstone steps to Prospect Park,107933494,Josie,Brooklyn,Park Slope,40.66763,-73.97485999999999,Entire home/apt,260,3,17,2019-05-29,0.6,2,309
35619784,Patty Home,267951770,Patricia,Queens,Ozone Park,40.68761,-73.84241,Entire home/apt,100,1,0,,,1,189
18647180,Beautiful Dupl Brooklyn Apartment w/ a Big Terrace,7041731,Dee,Brooklyn,Bedford-Stuyvesant,40.69205,-73.95803000000001,Entire home/apt,185,3,1,2017-05-22,0.04,1,0
34974475,#8 Hotel-Like 1 Bedroom Apartment KINGBed near JFK,263504959,David,Queens,Woodhaven,40.69114,-73.86459,Entire home/apt,48,1,8,2019-07-05,6.32,8,305
7858468,The Artist's Experience,8552927,Jeffrey,Manhattan,Hell's Kitchen,40.76425,-73.99162,Private room,99,1,309,2019-07-07,6.61,1,254
20152264,"Spacious, cozy, fully equipped apartment with AC",10461088,Noam,Brooklyn,Carroll Gardens,40.6831,-73.99945,Entire home/apt,180,4,0,,,1,0
9999351,Cozy two bedroom apartment,51368588,Paula,Manhattan,Upper East Side,40.76438,-73.95871,Entire home/apt,170,3,35,2019-04-25,0.82,2,0
23150033,Spacious zen apartment. Close to King's hwy stop.,172067924,Ekaterina,Brooklyn,Midwood,40.61182,-73.95436,Entire home/apt,100,3,0,,,1,0
13622777,Sunny bedroom in Bedstuy,68760676,Gina,Brooklyn,Bedford-Stuyvesant,40.68188,-73.91507,Private room,44,1,1,2016-08-01,0.03,1,0
28587227,Private Studio near LaGuardia Airport and Mahattan,80933709,Jacqueline,Queens,East Elmhurst,40.76533,-73.87873,Private room,54,3,27,2019-06-10,2.83,2,35
7696645,BrooklynBridge/Ft Greene,7590543,Dolores,Brooklyn,Navy Yard,40.69855,-73.97595,Entire home/apt,215,4,99,2019-07-06,2.09,1,0
21802684,30+Day Stay: Designer Home with Skylight & Rooftop,137522531,Ali,Queens,Flushing,40.75759,-73.80815,Entire home/apt,228,5,50,2019-06-07,2.63,7,178
16561990,Cozy one bedroom in Upper East Side Manhattan UES,16860700,Lu,Manhattan,Upper East Side,40.77628,-73.95322,Entire home/apt,91,1,0,,,1,0
4171406,Private room in artist's loft!,6032480,Anna,Brooklyn,Williamsburg,40.7095,-73.94945,Private room,55,2,86,2019-06-11,1.49,2,38
21308792,Large NYC APT on the East River for 1 or 2 people,33776141,Lara,Manhattan,Kips Bay,40.73905,-73.97353000000001,Private room,100,2,1,2018-01-02,0.05,1,0
18917771,Roomy! Clean! 2 Bedroom in Bensonhurst- Sleeps 9,131858158,Dan,Brooklyn,Bensonhurst,40.60683,-73.99743000000001,Entire home/apt,123,2,62,2019-06-30,2.48,2,131
27427898,Private 2 Bd Guest House. Great for Quiet Getaway,34313176,Eddie,Queens,Rego Park,40.71662,-73.85970999999999,Entire home/apt,140,2,11,2019-06-26,1.17,4,335
18561618,Comfy & Cozy Space in the Upper West Side,128860627,Chris,Manhattan,Upper West Side,40.77557,-73.98099,Shared room,65,3,68,2019-06-22,2.6,1,138
28344161,One Bedroom in Midtown East,15736460,Shirley,Manhattan,Midtown,40.76054,-73.96425,Private room,75,5,0,,,1,72
21740756,Brooklyn Large private room  (near Manhattan),90058061,Siyi,Brooklyn,Sunset Park,40.66035,-73.99794,Private room,45,7,2,2018-04-15,0.1,1,0
581421,Pvblic Bath Artist Loft,2861848,Bekah,Brooklyn,Greenpoint,40.73252,-73.95496,Private room,150,2,28,2018-08-05,0.59,1,72
27510869,Staten Island Apartment,113295877,Jonathan,Staten Island,Tompkinsville,40.63461,-74.08937,Private room,55,3,6,2018-10-24,0.55,3,154
20435773,East Village 1 bedroom private apartment,61524907,Matthew,Manhattan,East Village,40.725,-73.97711,Entire home/apt,120,8,6,2018-09-12,0.27,1,0
24834309,Large 2BR apartment in Astoria near Midtown + LGA,6194487,Rocio & James,Queens,Astoria,40.76207,-73.90541,Entire home/apt,149,2,47,2019-06-25,3.46,3,308
35461822,Artsy Private BR in Fort Greene Cumberland,230192510,Zach,Brooklyn,Fort Greene,40.69706,-73.97399999999999,Private room,48,30,0,,,25,67
17494289,Beautiful duplex in Gramercy,118539035,Pilar,Manhattan,Gramercy,40.73746,-73.98338000000001,Entire home/apt,99,120,2,2017-08-13,0.08,1,167
34809450,Fantastic Apartment in Greenpoint,2157562,Athena,Brooklyn,Greenpoint,40.72235,-73.94533,Entire home/apt,120,3,4,2019-06-22,3.33,1,181
1302684,"1 Bedroom, Near Subway, Wash Hts",3003533,Jeff,Manhattan,Washington Heights,40.84346,-73.94471,Entire home/apt,110,29,10,2018-08-20,0.14,1,205
7656308,Large Private Bedroom in Williamsburg Apartment,1311104,Christopher,Brooklyn,Williamsburg,40.71256,-73.95695,Private room,45,30,19,2019-03-21,0.43,1,0
24114389,"Very Spacious bedroom, steps from CENTRAL PARK.",180661875,Salim,Manhattan,Upper West Side,40.768440000000005,-73.98333000000001,Private room,10,1,2,2018-04-23,0.13,1,0
1851767,Luxurious Brownstone Duplex w Outdoor Space,173980,Will And Jo,Brooklyn,Bedford-Stuyvesant,40.69322,-73.94581,Entire home/apt,345,3,181,2019-06-28,2.69,2,213
14532445,Private Room,89855730,Rory,Manhattan,East Village,40.72661,-73.97894000000001,Private room,105,5,4,2017-10-29,0.12,1,0
6161282,Loft in Williamsburg,31963371,Rajan,Brooklyn,Williamsburg,40.71014,-73.96253,Entire home/apt,275,3,78,2018-11-08,1.53,1,0
6400255,Studio in Lux Building on UWS!,5707879,Laura,Manhattan,Upper West Side,40.78017,-73.98317,Entire home/apt,150,16,0,,,1,0
35040805,Amazing Location! 1 Bedroom Apartment Downtown,57291971,Regina,Manhattan,Midtown,40.76044,-73.97012,Entire home/apt,199,2,3,2019-07-01,3.0,1,67
5261913,"Small, Comfortable Bedroom w/Private Bathrm for 2",27238076,Stephanie,Manhattan,Hell's Kitchen,40.76432,-73.98599,Private room,135,2,195,2019-06-28,3.69,1,241
849567,Your own large 1BR apt in Manhattan,52394,Geraldine,Manhattan,Inwood,40.86585,-73.92693,Entire home/apt,80,4,16,2018-05-11,0.2,1,0
33197913,Entire place on the upper east side,130827164,Julia,Manhattan,Upper East Side,40.77195,-73.9537,Entire home/apt,199,2,0,,,2,364
8014811,1 bedroom/1 Bath/Balcony/Wash-Dryer,42320409,Timothy,Brooklyn,Williamsburg,40.7076,-73.94072,Entire home/apt,87,1,3,2015-10-24,0.07,1,0
5678143,Perfect Studio on Ft. Green Park!,93781,Devin,Brooklyn,Fort Greene,40.6918,-73.9729,Entire home/apt,130,7,83,2019-06-21,1.59,1,67
34009172,Charming NoMad Studio w/ Gym + Doorman by Blueground,107434423,Blueground,Manhattan,Midtown,40.74403,-73.98701,Entire home/apt,274,30,0,,,232,353
6988905,A Perfect Midtown Studio (24/hr Doorman),36133913,Matt,Manhattan,Midtown,40.7544,-73.97345,Entire home/apt,190,2,25,2018-11-19,0.51,1,4
1654551,"West Village: Cozy, Quiet 1BR Apt",8772693,Billy,Manhattan,West Village,40.731190000000005,-74.00615,Entire home/apt,200,3,20,2016-10-01,0.29,1,0
21959796,Gorgeous Apt In Central Manhattan,90956690,Dean,Manhattan,Murray Hill,40.74661,-73.97698000000001,Entire home/apt,200,4,2,2018-01-01,0.1,1,0
35315271,Design haven with private backyard & greenhouse,19689128,Billy,Brooklyn,Williamsburg,40.71413,-73.93701,Entire home/apt,131,3,2,2019-06-23,2.0,1,137
33956883,Beautiful Cozy Private Room!,256403429,Brenda,Brooklyn,East Flatbush,40.65214,-73.95159,Private room,53,1,15,2019-07-06,5.56,5,77
32493112,JFK LUXURY BEDROOM # 1,244082709,Jfk,Queens,Springfield Gardens,40.65953,-73.76923000000001,Private room,75,1,8,2019-06-20,1.86,7,179
19239064,Cozy BedStuy/Bushwick Brownstone Apartment,3452241,Sadé,Brooklyn,Bedford-Stuyvesant,40.68524,-73.92183,Private room,125,2,0,,,1,0
14713599,Williamsburg Dream Loft,5213766,Itay,Brooklyn,Williamsburg,40.70774,-73.94819,Private room,120,2,157,2019-07-01,4.54,1,68
33273525,"Beautiful, large, sunny private bedroom available",24204269,Alexis,Brooklyn,Prospect Heights,40.67953,-73.97334000000001,Private room,70,20,1,2019-05-09,0.49,1,0
23045850,Private room in Brooklyn with laundry,157977326,Ilyas,Queens,Maspeth,40.71415,-73.91426,Private room,45,1,55,2019-06-24,3.26,2,27
23881522,Local hosts. Luxurious room few blocks to Q train,179442361,Derek,Brooklyn,Midwood,40.61962,-73.96262,Private room,75,3,5,2018-09-26,0.36,1,67
15734642,"Sunny huge room, 15m away from Manhattan",8076786,Suri,Brooklyn,Sunset Park,40.65888,-74.00044,Private room,89,1,2,2019-06-25,0.1,3,281
1343532,Room2 in a Good Vibe Apartment,3239771,Olivia,Brooklyn,Crown Heights,40.67275,-73.95144,Private room,40,7,14,2019-03-02,0.2,2,221
30133610,Cozy Mid-Town East Penthouse With Terrace,3202935,Cricket,Manhattan,Midtown,40.75199,-73.9725,Entire home/apt,350,3,17,2019-05-30,2.49,1,33
31809829,Beautiful Room in Bushwick,11672284,Hea,Brooklyn,Bushwick,40.70471,-73.92477,Private room,89,2,0,,,2,0
9445501,Modern reno 2 room Times Sq quiet!,48866651,Nissim,Manhattan,Hell's Kitchen,40.76376,-73.99323000000001,Entire home/apt,80,30,5,2018-06-16,0.12,5,365
26845312,10 MINUTES FROM MANHATTAN (Big),47015275,Kathy,Queens,Elmhurst,40.74503,-73.88761,Private room,80,1,3,2018-10-07,0.29,2,317
30527900,Amazing large 1BR Brand New quiet moderm Charm!!!!,52671461,Andrea,Manhattan,Kips Bay,40.73963,-73.98002,Entire home/apt,200,2,5,2019-04-20,0.72,2,338
1420559,Great 1BR apartment in a convenient location,3349838,Tom,Queens,Long Island City,40.74449,-73.95201,Entire home/apt,138,1,4,2016-07-05,0.06,1,41
29943909,Cozy and spacious room in the heart of NYC❤️,168184878,Daria,Manhattan,Hell's Kitchen,40.76423,-73.98891,Private room,145,2,12,2019-06-06,1.59,1,37
21785385,3.5 MLN usd 2 bedroom LOFT in TriBeCa  (2),68707439,Gipsy Properties,Manhattan,Tribeca,40.71953,-74.00386,Entire home/apt,339,14,10,2019-02-25,0.53,3,335
23900919,Welcoming and Beautiful bedroom in Brooklyn.,20134221,Jon,Brooklyn,Flatbush,40.6478,-73.96831,Private room,40,3,10,2019-05-30,0.63,1,0
18412771,Great room for students and tourists,127583166,Maite,Manhattan,Washington Heights,40.8398,-73.94384000000001,Private room,55,21,8,2018-11-18,0.52,2,38
5309460,Spacious Room in Uptown Manhattan,7989115,Nikki,Manhattan,Washington Heights,40.83299,-73.94527,Private room,150,2,8,2018-06-23,0.16,1,364
35873124,Bright and Spacious Apartment in East Williamsburg,269818165,Michael,Brooklyn,Williamsburg,40.71171,-73.9454,Private room,60,3,0,,,1,0
31672538,Home away from home,237482248,Jacob,Queens,Sunnyside,40.74372,-73.92416,Entire home/apt,200,1,1,2019-06-21,1.0,1,179
4720326,Gramercy/Kips Bay 1BR- the best! ,5279180,Jane,Manhattan,Kips Bay,40.73951,-73.9827,Entire home/apt,170,3,0,,,1,0
7573221,"Cozy, clean in Greenpoint Brooklyn!",5287536,Kaya,Brooklyn,Greenpoint,40.72961,-73.95656,Entire home/apt,120,1,0,,,1,0
35604423,Battery Park Studio with a View,241551759,Artemis,Manhattan,Financial District,40.70417,-74.01510999999999,Entire home/apt,200,9,0,,,1,15
34835072,High End Renovated Apartment - Sutton place,61396454,Ash,Manhattan,Midtown,40.75669,-73.96199,Entire home/apt,300,30,0,,,14,329
7801262,"COZY ZEN 1 bedroom, top of CENTRAL PARK!  safe :)",2083759,Mei,Manhattan,Harlem,40.79996,-73.95485,Entire home/apt,104,3,42,2019-06-08,0.89,1,219
3812133,"Sunny, Central, Quiet, UWS, 72&Bway",1529179,Gs,Manhattan,Upper West Side,40.77885,-73.98178,Entire home/apt,169,7,0,,,1,0
28330508,East village sanctuary,2244813,Matthew,Manhattan,East Village,40.72778,-73.98747,Entire home/apt,250,31,1,2018-10-07,0.11,1,156
24114571,Studio for the Summer,6568865,Adam,Queens,Forest Hills,40.72385,-73.85124,Entire home/apt,69,30,0,,,1,99
21897845,One room.,159769278,Musieka,Bronx,Pelham Gardens,40.86706,-73.84674,Private room,40,2,17,2019-06-04,1.23,1,17
1300950,Great Room and Private Bathroom,7073209,Jackie,Brooklyn,Fort Greene,40.68846,-73.97567,Private room,115,2,57,2019-06-30,2.67,2,288
29337285,Studio in Prime Williamsburg w/ Private Balcony,220688207,Alan,Brooklyn,Williamsburg,40.709590000000006,-73.96110999999999,Entire home/apt,150,1,77,2019-07-02,8.95,1,77
30430163,Apartment in south Williamsburg,96089493,Masashi,Brooklyn,Williamsburg,40.71282,-73.95742,Private room,60,1,1,2018-12-08,0.14,1,0
4813832,Cozy room in Prospect Heights,13486673,David,Brooklyn,Prospect Heights,40.67904,-73.97289,Private room,79,13,8,2019-03-13,0.19,3,24
4753571,Your own West Village/ Soho home,24529969,Ellie,Manhattan,SoHo,40.72704,-74.00558000000001,Entire home/apt,200,3,10,2017-03-31,0.21,1,0
32399591,Cozy bedroom in the best location in New York,243297214,Coronado,Brooklyn,Williamsburg,40.710840000000005,-73.95875,Private room,60,4,3,2019-06-09,0.76,1,0
28660377,Gorgeous Bedroom in the heart of Bushwick Him-2R-1,216235179,Nina,Brooklyn,Bushwick,40.69938,-73.91953000000001,Private room,55,30,1,2018-12-21,0.15,17,339
33486731,"Sunny, spacious Apt. near Prospect Park",21877010,Clara,Brooklyn,Prospect-Lefferts Gardens,40.66075,-73.95926,Entire home/apt,120,4,3,2019-05-26,1.15,1,0
26037255,Private Room! AMAZING area in SoHo!,192951036,Jasmine,Manhattan,West Village,40.72918,-74.00482,Private room,209,1,40,2019-07-01,3.09,10,247
35975325,"50% off! Futon, yard access,  trendy wburg",3360618,Tc,Brooklyn,Williamsburg,40.71246,-73.94014,Private room,57,2,1,2019-07-01,1.0,3,16
14324811,Excellent Location! Sunny & Cozy!,4131257,Abeni,Brooklyn,Bedford-Stuyvesant,40.68489,-73.95203000000001,Private room,55,6,7,2019-01-07,0.54,1,179
35878473,"Eclectic Love Boat, ""VACILANDA"" Far Rockaway",110721237,Kathryn,Queens,Arverne,40.595490000000005,-73.78856999999999,Entire home/apt,120,1,0,,,1,81
12590964,"Private room in Charming, Cozy and Sunny Apt",1520629,Pillo,Brooklyn,Clinton Hill,40.68374,-73.96719,Private room,60,1,67,2019-06-22,1.85,1,310
36037692,Charming and Spacious 2 Bedroom Midtown Apt,270309706,Axay,Manhattan,Hell's Kitchen,40.76496,-73.98928000000001,Entire home/apt,244,3,0,,,1,167
33903781,Sunny and spacious home in Greenpoint,114589786,Pamela,Brooklyn,Greenpoint,40.72215,-73.94317,Private room,75,5,2,2019-06-28,1.2,1,0
24695406,Spacious Private Basement Apartment,98157128,Michael,Bronx,Wakefield,40.887640000000005,-73.8558,Entire home/apt,100,2,38,2019-06-19,2.66,1,107
25074072,"Family Gather
 5 bedrooms 3 full baths 2 floors",49950511,Daveth,Brooklyn,East Flatbush,40.64351,-73.95167,Entire home/apt,350,4,32,2019-07-01,2.63,1,69
867721,Comfortable Modern Room in Bed-Stuy,4509849,Ines,Brooklyn,Bedford-Stuyvesant,40.68344,-73.92189,Private room,65,3,132,2019-06-30,1.68,3,35
5013556,"Sunny, modern 1BR in Crown Heights",1387175,David,Brooklyn,Crown Heights,40.67279,-73.96033,Entire home/apt,148,7,56,2019-06-14,1.05,1,44
25157541,Great home for Families and Couples,137146680,Leticia,Queens,Glendale,40.69988,-73.89504000000001,Entire home/apt,190,3,15,2019-07-01,1.76,1,36
20418684,East Village / Alphabet City 1BR,33827790,Kevin,Manhattan,East Village,40.72208,-73.97779,Entire home/apt,185,1,17,2019-05-05,0.77,1,11
19758402,CITY ISLAND VACATION HOME NEAR THE BEACH,139415761,Deb,Bronx,City Island,40.85306,-73.78948000000001,Entire home/apt,85,2,42,2019-07-06,1.76,1,168
35768121,Murray Hill studio,2448443,Alex,Manhattan,Murray Hill,40.74849,-73.97708,Entire home/apt,140,3,1,2019-06-17,1.0,1,3
272738,Guest Room in Authentic Williamsburg Factory Loft,1427381,Elizabeth,Brooklyn,Williamsburg,40.70513,-73.95505,Private room,60,2,35,2019-06-30,0.38,2,161
1707823,Private Room in the Heart of Greenpoint,9010955,Lindsey,Brooklyn,Greenpoint,40.73487,-73.95789,Private room,75,1,69,2019-06-30,4.43,2,49
12587102,Spacious Loft in Williamsburg,1623346,Christopher,Brooklyn,Williamsburg,40.71468,-73.95841,Private room,53,2,2,2018-05-21,0.14,1,0
35575853,"Great view, 1 BR right next to Central Park!",35965489,Meygan,Manhattan,East Harlem,40.79755,-73.94797,Private room,100,2,0,,,1,7
4901269,Brooklyn Heights  ,6285979,Alexandra,Brooklyn,Brooklyn Heights,40.6945,-73.99543,Entire home/apt,200,3,6,2016-11-10,0.11,1,0
12071454,TRENDY Brooklyn room,48764969,Alina,Brooklyn,Bushwick,40.6826,-73.90411,Private room,40,6,28,2019-04-14,0.7,2,298
1127040,spacious PARK SLOPE room available ,835112,Leah,Brooklyn,South Slope,40.668420000000005,-73.98659,Private room,40,90,0,,,2,311
12422969,Huge Flatiron Designer Studio,22627365,Chin-Feng,Manhattan,Flatiron District,40.74047,-73.98931999999999,Entire home/apt,154,1,0,,,1,0
19699596,Intimate and Welcoming,138785704,Andrea,Manhattan,East Harlem,40.81661,-73.93471,Entire home/apt,150,2,60,2019-06-16,2.61,1,94
16164699,"home away from home :-) English, русский, עברית",42814202,Irisha,Queens,Fresh Meadows,40.74271,-73.78749,Entire home/apt,94,1,18,2019-05-02,0.6,3,173
31314273,"Private bedroom in the Upper West Side, Manhattan",6391001,Maria,Manhattan,Upper West Side,40.8024,-73.96495999999999,Private room,59,1,39,2019-06-30,6.5,1,106
742026,NOLITA&SOHO BEST LOCATION&GREAT APT,132132,Rachel,Manhattan,Nolita,40.7229,-73.99574,Entire home/apt,199,7,66,2019-06-09,0.83,1,142
6760893,Central Park / Full Apartment / 5th Ave,11631535,Scott,Manhattan,East Harlem,40.79596,-73.94958000000001,Entire home/apt,124,3,6,2016-08-26,0.14,1,0
13223949,Designer Apartment - Sunny and spacious 1 bedroom,7195006,Sarah,Brooklyn,Bedford-Stuyvesant,40.68315,-73.95035,Entire home/apt,115,5,1,2016-07-05,0.03,1,0
34504997,"Clean room, 10 min away from the city. PRKG AVBL",252646618,Michael,Queens,Astoria,40.7644,-73.91208,Private room,65,1,2,2019-06-24,2.0,2,0
176135,Cosy Sunny 1brm in Prospect Heights,842125,Jennifer,Brooklyn,Crown Heights,40.67505,-73.95969000000001,Entire home/apt,97,3,31,2018-10-23,0.32,1,193
14316284,Lovely One Bedroom West Village,1483451,Pipi,Manhattan,West Village,40.72921,-74.00345,Entire home/apt,240,5,52,2019-06-23,1.54,1,271
13746257,Prime North Williamsburg Luxury Studio,80501262,Raquel,Brooklyn,Williamsburg,40.718,-73.9525,Entire home/apt,175,2,9,2018-12-30,0.29,1,0
2203450,Perfect Location - 2 bdrm/2 bth ,1500487,David,Brooklyn,Williamsburg,40.71577,-73.95408,Entire home/apt,250,10,0,,,1,0
6823578,Beautiful home in the Heights,35350208,Zachary,Manhattan,Washington Heights,40.84872,-73.93633,Private room,69,1,1,2015-07-18,0.02,1,0
30888271,Cozy Cypress Suite Convenient To Train & JFK ×,230801598,JuVita,Brooklyn,Cypress Hills,40.68426,-73.87461,Private room,80,1,10,2019-06-19,1.51,1,32
9266394,Spacious apt next to Botanic Garden,48133396,Katherine,Brooklyn,Crown Heights,40.66563,-73.96118,Entire home/apt,85,90,0,,,1,0
8878172,"Sunny, spacious -  35 mins Times Sq",46399563,Angela,Manhattan,Inwood,40.866890000000005,-73.92224,Private room,57,1,6,2017-01-02,0.13,1,1
31485528,Small Private Room with backyard,38757148,Daniel,Brooklyn,Bedford-Stuyvesant,40.68937,-73.94291,Private room,50,2,14,2019-06-20,2.46,1,5
18073738,Huge Room in Bushwick with private bathroom,512101,Martha Cristina,Brooklyn,Bushwick,40.69801,-73.93356999999999,Private room,88,3,11,2019-06-02,0.81,1,0
21656310,"Room available on the Upper East Side, Manhattan",18844442,Rabia,Manhattan,Upper East Side,40.77976,-73.95409000000001,Private room,100,2,16,2018-02-20,0.8,1,0
33660716,Cozy Bright Prospect Park Studio,73785055,Alycen,Brooklyn,Prospect Heights,40.67382,-73.96642,Entire home/apt,150,4,0,,,1,28
2493176,Cozy spacious UES studio,12760201,Megan,Manhattan,Upper East Side,40.77574,-73.9524,Entire home/apt,141,1,20,2018-06-05,0.33,1,0
27292944,"Cozy duplex in Redhook, Brooklyn
(entire basement)",8593113,Salem,Brooklyn,Red Hook,40.67349,-74.00589000000001,Private room,81,1,7,2019-05-17,0.66,2,48
36139906,NYC full spacious apartment.,34274867,Sarah,Manhattan,Washington Heights,40.85453,-73.93562,Entire home/apt,300,4,0,,,1,319
25475518,Carnegie Hill-Clean Small 1 bedroom,192276715,Francis,Manhattan,East Harlem,40.78703,-73.94740999999999,Entire home/apt,115,4,44,2019-07-05,3.41,1,38
22352793,"Cozy, impeccable, sunlit West Village studio",108275491,Juan,Manhattan,Chelsea,40.74093,-74.00285,Entire home/apt,110,2,1,2017-12-28,0.05,1,0
13744765,Large family loft in the best Chelsea location,42782892,Masha,Manhattan,Chelsea,40.74107,-73.99595,Entire home/apt,250,5,4,2019-01-02,0.11,1,0
3827311,Cozy & Sunny Hamilton Heights Apt ,19693124,Maia,Manhattan,Harlem,40.82654,-73.9462,Entire home/apt,125,1,10,2019-06-12,0.17,1,297
30157535,New York with a hint of European,226572566,Sophia,Manhattan,Upper East Side,40.77066,-73.94993000000001,Entire home/apt,140,5,24,2019-06-25,3.35,1,48
28699232,"Home For Medical Professionals - ""The Gamma""",26377263,Stat,Brooklyn,East Flatbush,40.65279,-73.93817,Private room,57,30,0,,,43,283
9513511,Spacious & Sunny Room Perfect for Medical Students,49293611,Gloria,Bronx,Allerton,40.85753,-73.86605,Private room,85,7,9,2019-06-26,0.25,1,364
6384383,Penthouse Triplex/ Union Sq / Roof,1245695,Chris,Manhattan,East Village,40.732490000000006,-73.9887,Private room,200,30,8,2016-10-22,0.16,1,365
32788864,Air conditioned Wonderful Private Room for 1 or 2,9773038,Yuki,Brooklyn,Bedford-Stuyvesant,40.69485,-73.93866,Private room,48,5,6,2019-06-16,1.91,3,28
24727443,Charming Newly Renovated West Village Apartment,7339898,Leah,Manhattan,Greenwich Village,40.72975,-74.00157,Entire home/apt,200,3,18,2019-07-01,1.28,1,10
918239,Cozy bedroom in Artist Loft,4930847,Rachel,Brooklyn,Williamsburg,40.70159,-73.94346,Private room,56,1,103,2019-06-10,1.6,1,65
6595943,Cozy 1 bedroom in a quiet neighborh,34113764,Nick,Queens,Ditmars Steinway,40.76962,-73.89604,Entire home/apt,99,1,49,2018-09-03,0.99,2,0
28464767,NY PRIVATE BEDROOM QUEEN BED BY 6 TRAIN NO CURFEW,44260966,Alicia,Bronx,Soundview,40.83088,-73.86492,Private room,42,2,23,2019-06-10,2.54,3,109
36206222,Ladies  Flower Youth Hostel(only for girls ),67567916,Bamboo,Brooklyn,Borough Park,40.64283,-73.99416,Shared room,30,1,0,,,4,365
8250280,Zee's Brooklyn nest,9775058,Nazifa,Brooklyn,Kensington,40.64125,-73.9763,Private room,70,2,7,2019-07-03,2.63,1,37
34199411,Tons of Bars & Cafes nearby! Quick Walk to Metro,161324994,Ashley At Bedly,Manhattan,Upper East Side,40.76514,-73.96176,Private room,38,30,1,2019-06-01,0.79,6,43
3223080,Modern Renovated Luxury 1BR - Soho,16319729,Tim,Manhattan,SoHo,40.72652,-74.00265999999999,Entire home/apt,149,1,0,,,1,0
16914748,Beautiful Garden Apartment in Bed Stuy Brownstone,190239,Cat,Brooklyn,Bedford-Stuyvesant,40.68498,-73.92613,Entire home/apt,91,10,26,2019-06-14,0.97,1,12
27195692,Low Price Private Room,204786430,Shamyra,Queens,Ridgewood,40.70775,-73.90853,Private room,53,7,0,,,2,0
1091840,"Private bedroom in Manhattan, NYC ",4714927,Elisa,Manhattan,East Harlem,40.78859,-73.94715,Private room,75,2,152,2019-05-31,2.03,4,12
4144849,Cozy little studio in Chelsea,21501965,Yulia,Manhattan,Chelsea,40.74411,-74.00204000000001,Entire home/apt,115,3,33,2019-06-15,0.57,1,11
13308629,Quiet Cozy Chinatown Room,41408521,David,Manhattan,Chinatown,40.71385,-73.99710999999999,Private room,75,1,3,2017-08-12,0.08,1,0
4840977,Spacious Chinatown/LES 2 Bedroom,24913141,Mara,Manhattan,Lower East Side,40.7182,-73.99325999999999,Entire home/apt,300,6,0,,,1,0
35084043,Cozy Private Studio near Times Square,191976506,Vivian,Manhattan,Hell's Kitchen,40.76831,-73.98515,Entire home/apt,199,3,0,,,2,361
1633420,NYC Harlem cozy private room,8677477,Tia,Manhattan,Harlem,40.81307,-73.93854,Private room,80,1,73,2019-05-24,1.08,1,309
18962999,Artist studio in the heart of Bushwick,22100955,Gabriella,Brooklyn,Bedford-Stuyvesant,40.69508,-73.93359,Entire home/apt,134,4,65,2019-06-09,2.56,1,130
16565435,Light-filled South Slope Nest!,3291579,Rebecca,Brooklyn,Sunset Park,40.66156,-73.99318000000001,Entire home/apt,73,2,48,2019-06-21,1.86,1,2
15545469,Modern Bedroom with Best View in Brooklyn,14482375,Lara & David,Brooklyn,Greenpoint,40.72214,-73.94345,Private room,199,3,20,2019-06-27,0.66,3,0
36306938,"Simple, Safe, Clean",23191854,Akiva,Brooklyn,Midwood,40.61231,-73.95448,Private room,44,2,0,,,1,7
30153527,"Spacious Renovated Bright, by Prospect Park",14987061,Vera,Brooklyn,Flatbush,40.6478,-73.96091,Entire home/apt,125,2,3,2019-06-16,0.4,1,1
22043701,Cozy loft in Bushwick,77145207,Nicole,Brooklyn,Bushwick,40.69911,-73.92843,Private room,65,1,0,,,1,0
35597932,Beautiful NYC Broadway Apartment next to Subway!,255259069,Jonah,Manhattan,Harlem,40.82586,-73.95296,Entire home/apt,130,31,0,,,2,333
23054855,Modern sun-filled 1 bed oasis- Graham Ave L train,7216788,Pari,Brooklyn,Williamsburg,40.71563,-73.9398,Entire home/apt,140,2,18,2019-06-23,1.07,1,36
26654670,Cozy Room Great Price in Bushwick Bklyn! (Suite 2),44123062,Oscar,Brooklyn,Bushwick,40.68796,-73.90781,Private room,45,4,47,2019-07-02,4.37,4,20
23874777,Sonder | 116 John | Lively 1BR + Gym,12243051,Sonder,Manhattan,Financial District,40.70852,-74.0062,Entire home/apt,187,29,1,2019-05-28,0.71,96,332
7158417,Dov & Naomi's Beautiful Apt.,15878233,Dov,Brooklyn,Kensington,40.64456,-73.97723,Entire home/apt,115,4,3,2018-07-31,0.09,1,0
22986248,Sunny Spacious Two Bedroom - Park Slope,170457264,Yaroslav,Brooklyn,Park Slope,40.67031,-73.98603,Entire home/apt,200,2,6,2019-02-18,0.36,1,0
13822852,Beautiful two bedroom apartment in Astoria queens!,23436785,Cristy,Queens,Ditmars Steinway,40.77407,-73.90037,Entire home/apt,200,2,11,2019-05-19,0.52,1,363
27949417,"Private room in TRIBECA Loft, elevator into apt!",50288091,Daniel,Manhattan,Tribeca,40.71392,-74.00754,Private room,200,2,3,2019-04-07,0.84,1,0
7197915,The Heart of the Lower East Side!,37691482,Andrew,Manhattan,Lower East Side,40.72135,-73.98668,Entire home/apt,180,2,8,2018-05-28,0.19,1,0
7535791,"Big, bright loft in Williamsburg",39483454,Laura,Brooklyn,Williamsburg,40.7129,-73.95565,Entire home/apt,180,14,2,2015-08-05,0.04,1,0
21803004,Modern Room in the heart of Manhattan(just female),156246842,Sandra,Manhattan,Theater District,40.76069,-73.9863,Private room,99,3,46,2019-06-20,2.49,3,25
34752945,Comfortable Bushwick bedroom,262091506,Christian,Brooklyn,Bushwick,40.68569,-73.90857,Private room,50,3,2,2019-07-04,2.0,1,97
15522627,Cozy Quiet Upgraded Prvt Rm in House in the Slope!,90771408,Albert,Brooklyn,South Slope,40.66565,-73.99172,Private room,70,1,30,2019-06-05,0.91,1,297
11714752,Safe+Artsy+Clean Haven Near Manhattan/LGA!,17156658,Native,Queens,Astoria,40.76207,-73.90852,Private room,45,5,50,2019-06-28,1.27,1,145
13564911,Gorgeous exposed-brick 2 BR Apt in LES!,16904031,Kiley,Manhattan,Lower East Side,40.71692,-73.98874,Entire home/apt,175,2,0,,,1,0
22690837,"Architect's Haven-- Light, Books and Plants!",26856426,Nicholas,Brooklyn,Gowanus,40.66824,-73.99271999999999,Entire home/apt,189,5,8,2018-06-25,0.52,1,0
20000421,Huge room at an affordable price,64018594,Daphne,Manhattan,Harlem,40.80895,-73.95266,Private room,45,3,3,2017-08-16,0.13,2,0
21949815,Upper west studio next to Central Park,116430338,Dova,Manhattan,Upper West Side,40.79572,-73.96781,Entire home/apt,105,7,1,2018-01-02,0.05,1,0
35567048,Entire 3 bedroom apartment in beautiful Harlem,18042477,Madeline,Manhattan,Washington Heights,40.833290000000005,-73.94055999999999,Entire home/apt,160,14,0,,,1,59
35121319,Boho escape in Upper Manhattan,35491006,Lisa,Manhattan,Harlem,40.8305,-73.94824,Entire home/apt,135,4,1,2019-07-07,1.0,1,0
21325259,Small Private Studio in Astoria close to Manhattan,150565606,Mayra,Queens,Ditmars Steinway,40.77824,-73.91493,Entire home/apt,70,1,64,2019-06-26,3.18,2,113
35318942,Spacious room in Manhattan Upper East Size,226927431,Tina,Manhattan,Upper East Side,40.76665,-73.95398,Private room,140,4,2,2019-06-12,2.0,2,42
10491207,Priv. Room in Bushwick near L Train,54081802,Urs,Queens,Ridgewood,40.70017,-73.91014,Private room,60,1,0,,,1,0
35679309,A unique cozy 2 bedroom apartment,268396733,Hirsh,Brooklyn,Kensington,40.64353,-73.9845,Entire home/apt,100,1,1,2019-06-28,1.0,1,96
3339399,west village 1BR!best value!,2119276,Host,Manhattan,West Village,40.73316,-74.00632,Entire home/apt,300,30,13,2019-05-20,0.24,39,291
21549554,*NEWLY RENOVATED PRIVATE ROOM*,48183551,Carlos,Queens,Elmhurst,40.74403,-73.88167,Private room,58,6,50,2019-07-07,2.56,5,257
33926074,Cozy Artist's Haven Brooklyn Apartment,83615522,Constance,Brooklyn,Crown Heights,40.66681,-73.9549,Private room,45,2,4,2019-06-29,2.26,1,10
22204856,Room available in 3 BD Brooklyn apartment,1819657,Eleanor,Brooklyn,Clinton Hill,40.68381,-73.96786,Private room,55,2,0,,,1,0
32635385,Bright and Sunny Room in Brand New Apt,6790993,Andrea,Brooklyn,Bedford-Stuyvesant,40.68908,-73.9522,Private room,93,1,0,,,1,77
6829746,Bright Williamsburg/Shwick Art Loft,28509737,Michael,Brooklyn,Williamsburg,40.70412,-73.93555,Private room,69,14,1,2015-06-23,0.02,2,0
35863336,STUNNING SPACIOUS KING SIZE -BEDROOM NEAR COLUMBIA,2542371,Leonidas,Manhattan,Upper West Side,40.79829,-73.97266,Entire home/apt,174,30,0,,,1,1
12303877,ROOM in Great Location,51522009,Diego,Manhattan,Hell's Kitchen,40.76446,-73.99175,Private room,80,3,0,,,1,0
7034609,Comfy room close to Columbia,36871638,Francisco,Manhattan,Morningside Heights,40.81142,-73.95978000000001,Private room,70,4,5,2018-01-02,0.1,1,0
34383329,"A private bedroom in Chelsea , Manhattan.",53254710,Aamito,Manhattan,Chelsea,40.73957,-74.00081999999999,Private room,85,2,4,2019-06-30,1.9,1,76
564184,CLEAN PRIVATE ROOM IN CHELSEA NYC,2378357,David,Manhattan,Chelsea,40.73971,-74.00220999999999,Private room,125,2,42,2019-05-31,0.5,1,172
1733157,Private Family Home 2BR mins to Midtown Manhattan,9131167,Myrna And David,Queens,Astoria,40.76135,-73.91571,Private room,195,3,231,2019-06-30,3.51,1,304
27139915,Living Room,199833548,Syeda,Queens,Sunnyside,40.74161,-73.92505,Shared room,40,1,20,2019-06-09,1.88,9,343
7498074,Modern & Renovated | Great Location,13347167,AFI Apartments,Manhattan,Upper East Side,40.77085,-73.95725,Entire home/apt,118,30,4,2019-04-13,0.11,29,315
4293935,Beautiful  brownstone room,1141935,Ana,Brooklyn,Crown Heights,40.67391,-73.9472,Private room,99,1,74,2019-06-09,1.34,3,290
34393999,Amazing apartment on Wall Street!,258783968,Baktiar,Manhattan,Financial District,40.70532,-74.00681,Entire home/apt,340,2,1,2019-06-24,1.0,1,302
10836805,A Zen oasis Harlem apartment,56119624,Neta,Manhattan,Harlem,40.81195,-73.95274,Private room,150,1,17,2017-08-09,0.43,1,363
27922598,Spacious Apartment in Ditmas Park,5182228,Amal,Brooklyn,Flatbush,40.64063,-73.95666999999999,Entire home/apt,300,2,6,2018-11-25,0.58,1,0
906058,Columbia area room pvt bath & entry,4765670,Irene,Manhattan,Morningside Heights,40.80776,-73.9654,Private room,105,2,233,2019-06-23,3.01,1,294
26734288,Super cool shared apartment,201015598,Anchor,Brooklyn,Bedford-Stuyvesant,40.69099,-73.94094,Shared room,30,2,32,2019-06-23,2.66,17,85
32125944,Perfect East Village Loft,238779678,Dustin,Manhattan,East Village,40.72764,-73.9906,Private room,60,30,0,,,9,343
35005862,Sonder | 21 Chelsea | Classic 1BR + Rooftop,219517861,Sonder (NYC),Manhattan,Chelsea,40.74288,-73.99438,Entire home/apt,275,29,0,,,327,365
4672445,West Village upscale apartment,966461,Jon,Manhattan,West Village,40.73814,-74.00046999999999,Entire home/apt,199,4,108,2019-06-08,1.93,1,162
29391852,Room in heart of Bushwick with private entrance,131305000,David,Brooklyn,Bushwick,40.69552,-73.91165,Private room,65,3,16,2019-06-17,1.82,1,74
27966667,Comfortable Carroll Gardens 2 BR Amazing Location,211022699,David,Brooklyn,Carroll Gardens,40.6798,-73.99271999999999,Entire home/apt,200,2,7,2019-07-06,0.9,1,45
12869679,Loft Apartment in Williamsburg,1233402,Evan,Brooklyn,Williamsburg,40.7125,-73.9529,Entire home/apt,180,3,3,2016-06-06,0.08,1,0
32232908,Urban Zen in the Heart of Williamsburg,29775337,Amanda,Brooklyn,Williamsburg,40.7185,-73.95600999999999,Private room,150,2,7,2019-05-26,1.48,1,20
8931373,Delightful flat near the Park,719497,Cinjon,Manhattan,Harlem,40.81425,-73.9516,Private room,75,3,0,,,1,0
34949120,Modern house (2 BR Apt) • 30 Mins from Time Square,259013161,Jisoo,Queens,Woodside,40.74302,-73.90287,Entire home/apt,150,1,3,2019-06-15,1.91,2,155
14397396,Lots of light Upper East Side Apartment.,8116703,Valentina,Manhattan,Upper East Side,40.77315,-73.95848000000001,Entire home/apt,210,3,0,,,1,0
19317196,Luxury 1 Bed Apartment with GYM,12624062,Fabiana,Manhattan,Financial District,40.70716,-74.01035999999999,Entire home/apt,210,1,8,2018-08-31,0.34,1,54
17558336,"""Borough Border Liner"" Diverse/Convenient/Private",119173203,Maya,Brooklyn,Bushwick,40.70537,-73.91587,Private room,47,1,17,2018-05-13,0.97,1,0
30251760,Private bedroom in Manhattan close to subway,29688249,Habibi,Manhattan,Harlem,40.82582,-73.94275999999999,Private room,82,1,6,2019-06-23,1.94,1,180
27707196,Harlem Gem,12672916,Erica,Manhattan,East Harlem,40.80147,-73.94431999999999,Entire home/apt,275,3,2,2018-12-10,0.19,1,0
30527535,Spacious & Cozy Master BR - Nearby Prospect Park,227679456,Jimmy,Brooklyn,Prospect-Lefferts Gardens,40.66147,-73.9415,Private room,55,1,32,2019-06-30,4.66,7,7
8691258,Luxury Apartment by Time Square,45632792,Nickie,Manhattan,Theater District,40.7599,-73.98541999999999,Private room,200,1,1,2015-10-13,0.02,2,0
20981267,*Private-Comfortable space 2 min from train,150993634,Linda,Brooklyn,Bushwick,40.68157,-73.90547,Private room,52,2,84,2019-06-30,3.93,1,310
9422573,Private Light-Filled 2-Room Space,248490,Leecia,Brooklyn,Bedford-Stuyvesant,40.68041,-73.93611999999999,Entire home/apt,100,3,83,2019-05-31,1.9,2,224
19855804,Spacious 1 Bedroom in East Village,79527116,Pamela,Manhattan,East Village,40.72826,-73.98156,Entire home/apt,110,30,41,2018-12-26,1.72,1,244
30937597,Sonder | The Nash | Pristine Studio + Gym,219517861,Sonder (NYC),Manhattan,Murray Hill,40.74884,-73.97589,Entire home/apt,252,2,7,2019-06-23,1.19,327,117
146754,Three-bedroom house in a quiet neighborhood,709434,Meighan,Brooklyn,Windsor Terrace,40.65749,-73.97675,Entire home/apt,250,4,52,2019-04-27,0.72,1,188
17380055,Immaculate 1BR in quiet Bedstuy brownstone.,25270209,Robinette,Brooklyn,Bedford-Stuyvesant,40.68146,-73.94757,Entire home/apt,45,2,3,2017-03-01,0.1,1,0
32611643,TRENDi Artistic Duplex with Backyard Sleeps 10ppl,15034908,Trendi,Manhattan,Harlem,40.80782,-73.94131999999999,Entire home/apt,278,3,4,2019-06-23,0.99,2,133
19806088,Beautiful home in Crown Heights,35741929,Assol,Brooklyn,Crown Heights,40.6715,-73.94426999999999,Entire home/apt,100,2,16,2018-08-20,0.68,2,0
1507845,"Rare large modern garden studio, comfy; location!",109505,Jason,Manhattan,Upper East Side,40.77006,-73.95441,Entire home/apt,159,2,114,2019-06-23,1.62,1,46
13900901,Cozy comfortable room near JFK&LGA#3,82367658,John,Queens,Richmond Hill,40.69196,-73.82029,Private room,38,3,32,2019-06-04,0.89,5,212
2065101,Sunny Room,7455886,Emily,Queens,Astoria,40.7672,-73.90795,Private room,35,7,0,,,1,0
30349344,Roomy and Relaxing 3 Brooklyn Apartment,144687306,Nutrice,Brooklyn,Prospect-Lefferts Gardens,40.65603,-73.9516,Entire home/apt,150,3,26,2019-07-07,3.53,2,241
33835408,Luxury Corner Apt&bigTerrace. Water&city view 55Fl,67738361,Julie,Manhattan,Hell's Kitchen,40.75966,-73.99277,Entire home/apt,350,1,0,,,2,83
31319316,Newly decorated room close to Elmhurst Ave (M.R),137358866,Kazuya,Queens,Elmhurst,40.74325,-73.87832,Private room,35,30,1,2019-05-18,0.58,103,252
21385556,Rosedale,95057247,Marie,Queens,Rosedale,40.65111,-73.73441,Private room,125,3,0,,,1,0
6141561,Beautiful room & Amazing location,6984488,Jessica,Brooklyn,Prospect Heights,40.67483,-73.9646,Private room,125,4,16,2016-10-30,0.32,2,339
30043809,Comfy private bedroom,225454310,Tosin,Queens,Far Rockaway,40.59836,-73.75555,Private room,50,1,12,2019-04-28,1.55,4,363
24833043,Emerald's View,101216314,Charlie,Manhattan,Harlem,40.80848,-73.94270999999999,Private room,65,1,28,2019-02-22,2.0,1,163
25774497,Sanctuary on Court Street (Carroll Gardens),61017447,Catherine,Brooklyn,Carroll Gardens,40.6755,-73.99806,Private room,100,2,35,2019-06-09,2.75,1,0
19122371,Huge WV / Meatpacking 1 Bdrm,13377549,Opal,Manhattan,West Village,40.73848,-74.00251999999999,Entire home/apt,250,28,13,2019-01-01,0.52,1,0
26784218,Compact Comfy Cute Private room in Brooklyn Ctown,201403610,青明,Brooklyn,Sunset Park,40.64165,-74.00922,Private room,39,2,6,2019-04-01,0.53,5,224
24524252,Private Modern Studio in heart of Flatbush,296491,Ely,Brooklyn,Midwood,40.61673,-73.96491,Entire home/apt,75,2,23,2019-05-27,1.55,2,49
24022413,New penthouse with Manhattan and park views!,4094332,Nick & Gaby,Brooklyn,East Flatbush,40.65478,-73.95264,Private room,65,3,51,2019-06-20,3.71,1,62
33346762,2BR Apartment in Brownstone Brooklyn!,50321289,Avery,Brooklyn,Bedford-Stuyvesant,40.682,-73.95681,Entire home/apt,140,2,4,2019-06-14,1.58,3,4
23727326,Spacious brand new apartment 2 bedrooms - 2bath,5832321,Kalani,Queens,Glendale,40.695890000000006,-73.89572,Entire home/apt,100,2,57,2019-07-05,3.68,2,267
11212414,"Spacious, Family-Friendly NYC Apt",58405281,Cristina,Manhattan,Harlem,40.82485,-73.93774,Entire home/apt,75,1,1,2016-02-21,0.02,1,0
14917475,"RENOVATED 2-Bedroom, Near subway, comfy & cosy!",93734865,Caroline,Brooklyn,Bushwick,40.68312,-73.9086,Entire home/apt,85,30,42,2019-02-28,1.24,1,355
13808262,Nicely furnished room in a spacious apartment,177922,Dilini,Brooklyn,Prospect-Lefferts Gardens,40.65702,-73.96066,Private room,33,14,6,2017-11-25,0.17,1,0
3549798,Sunny Private Williamsburg Space,6309019,John,Brooklyn,Williamsburg,40.71474,-73.95662,Entire home/apt,200,2,175,2019-07-02,2.93,1,303
2310445,Super Cute Chelsea One Bedroom,10973455,Amy,Manhattan,Chelsea,40.74935,-73.99723,Entire home/apt,150,1,49,2019-06-16,0.75,1,0
17268091,Entire Studio Apt in Trendy Brooklyn - Sunny&clean,6396827,Gyaltsen Benita,Brooklyn,Crown Heights,40.67083,-73.94808,Entire home/apt,135,2,18,2017-11-20,0.64,1,0
1937323,"Hell's Kitchen, close to All",10023559,Judson,Manhattan,Hell's Kitchen,40.76247,-73.99225,Entire home/apt,150,21,2,2015-12-17,0.04,1,203
35288933,HUGE LGBT Townhouse w KingBed & Backyard @Bushwick,135563904,Michael,Queens,Ridgewood,40.70528,-73.90896,Entire home/apt,350,1,7,2019-07-01,7.0,3,64
13494147,Beautiful Quiet Bedroom near City College,2571641,Erika,Manhattan,Harlem,40.81863,-73.95295,Private room,80,2,0,,,3,0
34470953,Chelsea Pines Inn - Hide Away Suite,255234351,Ejaz,Manhattan,West Village,40.73968,-74.00455,Private room,299,1,0,,,4,269
22069581,Luxury Private room located in Fresh Meadows,137858241,Holyfield,Queens,Flushing,40.73067,-73.80691,Private room,45,1,9,2019-07-05,0.48,1,328
4163710,Cozy private room in beautiful apt ,21609476,Beatrice,Brooklyn,Midwood,40.6251,-73.96163,Private room,40,15,1,2014-11-03,0.02,1,0
16333147,Charming Bedroom on the Lower East Side,33127406,Emily,Manhattan,Lower East Side,40.72007,-73.98559,Private room,90,5,0,,,1,0
19384034,Great space for 1 or 2 guests!,135877454,Zoilo,Queens,Astoria,40.76065,-73.90905,Entire home/apt,80,4,6,2018-09-01,0.48,1,0
28338004,Mott Haven Dorm-Bed D,174785358,Rem,Bronx,Port Morris,40.809940000000005,-73.93061,Shared room,28,1,29,2019-05-27,3.09,7,89
34231565,Private bedroom and bathroom 15 mins from the city,2961266,John,Queens,Sunnyside,40.73857,-73.92563,Private room,72,1,4,2019-07-02,4.0,2,25
4958223,Beautiful Central Park View,25517905,Andreias,Manhattan,Upper West Side,40.7962,-73.96155999999999,Private room,99,1,277,2019-06-23,5.44,3,294
30587740,Mogul Hideout 2: Modern Lifestyle 4 min from JFK,221204634,Faith,Queens,Laurelton,40.67156,-73.74383,Entire home/apt,125,2,26,2019-06-30,3.79,1,21
15071519,Sunlight + Space on Eastern Parkway,73046105,Yosef And Chava,Brooklyn,Crown Heights,40.67046,-73.94156,Entire home/apt,105,2,4,2016-12-05,0.12,1,0
14894267,"Doorman, modern apart. on Broadway (Central Park)",10459594,S.,Manhattan,Upper West Side,40.79501,-73.97131999999999,Entire home/apt,165,3,2,2017-10-17,0.06,1,0
28836976,New York Apartment / HIDDEN GEM ROSEDALE LLC,174197082,Deborah,Queens,Rosedale,40.65644,-73.72816999999999,Entire home/apt,80,1,9,2019-07-05,1.79,2,116
11497795,"Cheap, clean, 15 min. to Manhattan",6067526,Matt,Queens,Jackson Heights,40.74852,-73.8889,Private room,50,1,0,,,1,188
36267023,Humble Hutch in the Heights,10002937,Cameron,Manhattan,Washington Heights,40.84267,-73.93816,Entire home/apt,85,1,0,,,1,1
21564493,Cozy Washington Heights Home,143405573,Ryan,Manhattan,Washington Heights,40.83294,-73.94218000000001,Private room,80,2,1,2017-11-19,0.05,1,0
4412533,cozy tucked away in el barrio,22904933,Charlene,Manhattan,East Harlem,40.79765,-73.94022,Private room,79,3,56,2019-05-27,1.1,2,90
13590391,Cute 1 BD (can sleep up to 4) in the gorg UWS!,78507411,Mel And Laurie,Manhattan,Upper West Side,40.79671,-73.9712,Entire home/apt,145,3,4,2017-01-01,0.11,1,0
35339627,Newly Renovated Apartment 47 Buffalo 3F Room#2,260688089,Hui,Brooklyn,Bedford-Stuyvesant,40.67864,-73.92362,Private room,60,1,4,2019-06-30,4.0,2,166
22339967,Great Room on UES,84679277,Joe,Manhattan,Upper East Side,40.77817,-73.95096,Private room,60,2,2,2019-05-05,0.3,1,0
3040654,Sunny Bedroom In Astoria!,6041,Miranda,Queens,Ditmars Steinway,40.77748,-73.90971,Private room,47,2,14,2018-01-02,0.28,1,0
819206,Cute shared studio apartment,4306950,Christopher,Manhattan,East Harlem,40.79106,-73.95058,Shared room,45,2,107,2019-06-24,1.5,1,313
31055254,In the heart of midtown manhattan - CONVENIENCE,69446035,Michael,Manhattan,Midtown,40.75094,-73.98100000000001,Entire home/apt,100,1,0,,,1,365
1728625,New Williamsburg 1B With Backyard,9109049,Todd,Brooklyn,Greenpoint,40.71985,-73.94015,Entire home/apt,160,2,19,2017-12-04,0.32,1,0
17835503,Manhattan/ Center of Manhattan,46506241,Marcy,Manhattan,Harlem,40.81213,-73.9395,Entire home/apt,70,4,9,2018-07-02,0.44,1,0
8308797,shared space with Great location!!,43719073,Nora,Brooklyn,Sheepshead Bay,40.59836,-73.95416999999999,Shared room,45,1,135,2019-07-07,2.91,5,351
9992903,Williamsburg Large Modern Studio,431884,Morgan,Brooklyn,Williamsburg,40.71532,-73.93951,Entire home/apt,115,4,38,2019-01-02,0.89,1,0
10340745,"Cozy, Renovated, 1BD/1BA Manhattan Apt",8292025,Eric,Manhattan,East Village,40.72551,-73.99075,Entire home/apt,122,3,0,,,1,0
12433898,Cuarto muy confortable. 2 personas. Cerca de todo.,67261284,Dante,Queens,Jackson Heights,40.75302,-73.8797,Private room,47,1,15,2018-12-20,0.39,2,0
25077481,Plant Vibes Private Bedroom,2846279,Nick & Vance,Brooklyn,Bedford-Stuyvesant,40.68791,-73.92256,Private room,45,2,61,2019-07-04,4.38,1,92
17225037,Private Room20-102,115993835,Shimin,Brooklyn,Sunset Park,40.63929,-74.00669,Private room,30,1,27,2019-04-01,1.64,5,168
33926057,ONLY WOMEN/CAMAS PARA MUJER/HABITACIÓN COMPARTIDA,223087887,Jess & Ana,Queens,Corona,40.74116,-73.86667,Shared room,24,1,4,2019-05-04,1.52,8,346
9674453,ENTIRE Chic Apt in Astoria NYC,49620552,Raul,Queens,Astoria,40.76923,-73.91203,Entire home/apt,239,3,8,2019-01-02,0.19,4,274
12624890,Pull-out Sofa in Central Harlem,657869,J,Manhattan,Harlem,40.81027,-73.9408,Shared room,39,4,47,2019-06-09,1.22,2,131
6597854,Charming Spacious Harlem Share,5280006,Jennifer,Manhattan,Harlem,40.82606,-73.95075,Private room,58,3,27,2016-12-10,0.54,1,0
21414167,Recently renovated 2 bedroom apartment in midtown,42784981,Santiago,Manhattan,Midtown,40.7447,-73.98255,Entire home/apt,350,2,1,2017-11-26,0.05,1,0
8146444,Sunny 1 bedroom in Brooklyn!,12796091,Rebeckah,Brooklyn,Crown Heights,40.67658,-73.95786,Entire home/apt,90,3,14,2017-01-02,0.3,1,0
10489896,Extra Bed in a Cozy & Sunny Studio,54074349,Razan,Manhattan,Chelsea,40.74398,-73.99664,Shared room,46,1,0,,,1,0
2695469,W50's Sunny Studio in a 24/7 DM BL,3038687,Karen,Manhattan,Hell's Kitchen,40.764790000000005,-73.98455,Entire home/apt,99,30,8,2019-05-01,0.14,8,107
14330688,Beautiful Crown Heights Pre-War 1 Bedroom,5158569,Genevieve,Brooklyn,Crown Heights,40.6686,-73.93517,Entire home/apt,115,2,7,2019-01-01,0.21,1,0
24431407,Beautiful large room in quiet  in Astoria,184496160,Edwin,Queens,Astoria,40.76031,-73.91702,Private room,80,7,0,,,1,0
2164135,"BIG, BRIGHT, STYLISH + CONVENIENT",1470471,Kerstin,Brooklyn,Bedford-Stuyvesant,40.69112,-73.95203000000001,Private room,80,3,90,2019-06-17,1.39,1,199
16513698,Very Big Manhattan Apartment very big Living Room,37994197,Sophia,Manhattan,Lower East Side,40.72068,-73.98574,Entire home/apt,349,3,76,2019-06-23,2.54,1,71
8935528,*Spectacular Sublet - All inclusive,35430339,Melissa,Brooklyn,Prospect Heights,40.6791,-73.97369,Entire home/apt,150,1,0,,,1,0
23320351,"Private Bdrm in Huge Apt mins to Manhtn,JFK,LGA!",70331348,Nataly,Queens,Sunnyside,40.737390000000005,-73.92397,Private room,49,1,2,2019-01-01,0.31,1,0
23363336,Manhattan clean. warm. safe room / 6 train,174124006,Chanhee,Manhattan,East Harlem,40.7975,-73.93556,Private room,60,1,61,2019-06-27,3.67,1,45
31100145,Super Big Deluxe Private Room near LGA (Room #03),155691570,Mili,Queens,East Elmhurst,40.76533,-73.87159,Private room,45,1,74,2019-06-23,11.38,5,89
4454122,Cozy Harlem Hideaway **,1390414,Loryn,Manhattan,Harlem,40.81071,-73.94433000000001,Entire home/apt,115,2,84,2019-06-18,1.51,1,50
21889698,Humongous Crown Heights Prvt Room in spacious 2brm,15049077,Karanja,Brooklyn,Crown Heights,40.66373,-73.93222,Private room,55,30,1,2018-09-27,0.1,2,137
32161968,Good Apt in Brooklyn super close Subways Room (B),175103962,Jay,Brooklyn,Bedford-Stuyvesant,40.68061,-73.907,Private room,46,1,12,2019-06-26,2.38,6,155
25503835,Hidden Gem in Canarsie-FREE private parking,192464234,Rodolfo,Brooklyn,Canarsie,40.64516,-73.89684,Entire home/apt,100,1,95,2019-07-08,7.77,1,124
26409175,"1BR in Newly Renovated Apartment - Rm B, Bushwick!",36012265,Ada,Brooklyn,Williamsburg,40.70522,-73.93075,Private room,51,1,10,2019-05-23,0.84,7,310
2824329,Spacious Studio Loft in Brooklyn,7503643,Vida,Brooklyn,Greenpoint,40.7254,-73.94136,Entire home/apt,129,30,3,2015-11-06,0.05,52,336
1524711,Sunny 1-Bedroom Apartment: Astoria,8135210,Milena,Queens,Astoria,40.76387,-73.92593000000001,Entire home/apt,108,4,3,2015-12-01,0.06,1,0
4791389,Penthouse on Park Ave,4923436,Simon,Manhattan,Gramercy,40.73877,-73.98706999999999,Entire home/apt,250,30,2,2015-03-22,0.04,1,0
2273733,Heart of the West Village!,8730513,Corey,Manhattan,Greenwich Village,40.73357,-73.99767,Private room,175,3,1,2018-05-18,0.07,1,0
9113702,"Beautiful Apartment in Harlem, NY!",47493116,Elsa,Manhattan,Harlem,40.8243,-73.94258,Entire home/apt,150,1,0,,,1,0
2838354,"Large 1-bedroom, 2 blocks from park",8867917,Steven,Brooklyn,Prospect Heights,40.67446,-73.96324,Entire home/apt,99,17,0,,,1,0
16442660,Private Room in East Harlem,107830392,Nuries,Manhattan,East Harlem,40.79528,-73.9478,Private room,75,1,91,2018-05-28,2.95,1,188
15998231,Cozy Room in Brownstone,20327528,Miller,Brooklyn,Bedford-Stuyvesant,40.68631,-73.95597,Private room,35,3,0,,,1,0
29381358,Spacious 1 Bed (FURNISHED!) Hudson Yards Sublet,221343982,Christina,Manhattan,Chelsea,40.75358,-73.99707,Private room,165,45,0,,,1,83
14274403,New York City Getaway; very close to LGA,87041889,Laverne & David,Queens,East Elmhurst,40.76777,-73.87733,Entire home/apt,76,2,75,2019-06-24,4.39,1,35
880424,★Beautiful Home Away From Home★,3549531,Jeremy,Brooklyn,Prospect-Lefferts Gardens,40.65514,-73.95956,Private room,60,1,109,2019-06-04,1.52,1,2
31194144,Brooklyn apt 10 mins to Manhattan by subway,129022496,Alan,Brooklyn,Bedford-Stuyvesant,40.67872,-73.94805,Private room,20,10,8,2019-07-01,1.4,2,38
105510,Private 1-Bedroom Apt in Townhouse,322716,Alex,Brooklyn,Crown Heights,40.67086,-73.94872,Entire home/apt,100,30,15,2019-01-05,0.16,5,282
34602077,Spacious 1 bedroom apartment 15min from Manhattan,261055465,Regan,Queens,Astoria,40.76424,-73.92351,Entire home/apt,125,3,1,2019-05-24,0.65,1,13
22080281,Cute and Cozy Apt in Soho,37687663,Amy,Manhattan,Lower East Side,40.721540000000005,-73.99331,Private room,125,28,1,2018-07-29,0.09,1,0
34777979,"The Red Brick Abode, in the heart of Williamsburg",15010925,Carlos,Brooklyn,Williamsburg,40.71317,-73.96066,Entire home/apt,160,1,13,2019-07-01,7.96,1,120
22279575,"Comfort, convenience, elegance near Prospect Park",96379938,Alexander,Brooklyn,East Flatbush,40.65381,-73.94819,Private room,30,2,48,2019-01-03,2.58,2,0
20567374,Top floor apartment above the park,28190733,Richard,Bronx,Kingsbridge,40.88883,-73.90046,Entire home/apt,175,1,10,2018-11-02,0.54,1,0
20798127,Queen sized bedroom with skyline view - Greenpoint,29516183,Ruben,Brooklyn,Greenpoint,40.73595,-73.95423000000001,Private room,90,5,3,2018-08-22,0.14,1,0
8994025,Sunny & Spacious Room w/ Private Bathroom,12774739,Stefan,Brooklyn,Bedford-Stuyvesant,40.68654,-73.95044,Private room,40,5,12,2019-03-10,0.28,1,0
18922939,Harlem Home Away from Home!,15553988,Arielle,Manhattan,Harlem,40.82843,-73.94672,Entire home/apt,100,3,4,2019-06-25,0.16,1,0
29056566,Pretty Williamsburg Loft,169467786,Jovenne Naldrey,Brooklyn,Williamsburg,40.71001,-73.96101,Entire home/apt,215,1,5,2019-06-26,2.21,1,165
30388587,"Homey UWS 1BR w/ Gym, walk to Central Park by Blueground",107434423,Blueground,Manhattan,Upper West Side,40.77779,-73.98459,Entire home/apt,306,30,0,,,232,336
23605375,Manhattan Gem,157658093,Kara,Manhattan,Morningside Heights,40.81453,-73.96141,Entire home/apt,125,3,3,2018-07-10,0.19,1,0
1044731,Dear Potential Airbnb Guests.,5751206,Nigel,Brooklyn,Flatbush,40.64745,-73.95606,Private room,96,3,58,2019-05-19,0.77,1,364
30086057,Spacious  Room / ✰ Prime Williamsburg ✰ / NYC,5179523,Max,Brooklyn,Williamsburg,40.71027,-73.95293000000001,Private room,75,1,0,,,3,43
19968388,Beautiful Bedroom in Washington Heights,38592785,Caitlyn,Manhattan,Washington Heights,40.84218,-73.93675999999999,Private room,55,2,15,2019-07-06,0.76,1,0
25245882,Recently Remodeled: Stunning & Spacious 1 Bedroom,3312372,Laura J.,Queens,Jackson Heights,40.75096,-73.88423,Entire home/apt,175,3,7,2019-06-09,0.68,1,28
8033609,Studio Apartment with King Bed,33213436,Alec,Brooklyn,Gowanus,40.67872,-73.98286,Private room,119,1,171,2019-06-19,3.82,8,236
32975416,Private room with bathroom close to M/J trains,248161322,Sergii,Brooklyn,Bushwick,40.70106,-73.93895,Private room,80,30,0,,,14,342
8504666,Brownstone DUPLEX - Near Subway,44782700,Danielle,Brooklyn,Bedford-Stuyvesant,40.68426,-73.91939,Entire home/apt,200,3,63,2019-06-13,1.39,1,354
34419439,Spacious bright classic apt in Ridgewood,189421403,Stefan,Queens,Ridgewood,40.70539,-73.90857,Entire home/apt,155,2,2,2019-06-10,1.0,3,59
1519994,McSimon's | Queen Room | 10 mins from JFK,8113165,Cynthia And Froebel,Brooklyn,Canarsie,40.63591,-73.90941,Private room,85,3,1,2019-01-04,0.16,2,132
35129203,"Spare Room Available.. Bedstuy, 20 mins to City!",30532557,Eibhlin,Brooklyn,Bedford-Stuyvesant,40.68763,-73.92694,Private room,39,30,0,,,5,247
7064199,One-month SUBLET - bright big room,37040263,Hector And Miriam,Brooklyn,Bushwick,40.69682,-73.91458,Private room,80,1,1,2015-07-14,0.02,1,0
25937108,Luxury 2 Bedroom Grand Central,168465501,Ian,Manhattan,Murray Hill,40.75058,-73.97746,Entire home/apt,200,30,0,,,4,364
19585955,"Quiet Full Bed, loft and couch",4471200,Adam,Queens,Ridgewood,40.69654,-73.90034,Private room,40,2,1,2017-07-04,0.04,1,0
14690331,Unique Designer 1BR in Best NYC Neighborhood,27984357,Patrick,Manhattan,West Village,40.73316,-74.00782,Entire home/apt,300,4,24,2019-06-20,0.7,1,61
16260353,Cozy artsy bedroom near Cloisters,24967970,Ekaterina,Manhattan,Inwood,40.86269,-73.9222,Private room,80,3,6,2019-06-25,0.28,1,58
21925970,Manhattan cocoon @ spacious NEW renovated apt,17250625,Lucas,Manhattan,East Harlem,40.79757,-73.93851,Private room,50,13,51,2019-06-14,2.63,1,26
21230213,Beautiful Room in Bed-Stuy Apartment,125549620,Ashley,Brooklyn,Bedford-Stuyvesant,40.68527,-73.93924,Private room,35,2,1,2017-10-25,0.05,1,0
19790151,Only 30 Minutes Away From Manhattan,106430338,Alana,Brooklyn,Bensonhurst,40.612,-73.99573000000001,Private room,57,3,3,2018-10-30,0.27,2,83
22175249,Cozy Room is available in Nice apartment,161919000,Rana,Brooklyn,Sheepshead Bay,40.58568,-73.93536,Private room,85,3,0,,,1,0
31201815,Cozy Loft Bedroom With lil Couch Underneath. =],217950098,Soft,Bronx,Melrose,40.81712,-73.9209,Private room,100,1,3,2019-06-03,1.05,1,150
27466393,Sunny bdr w stunning view in prime Williamsburg!!!,8879096,Cristina,Brooklyn,Williamsburg,40.71688,-73.95107,Private room,65,3,6,2019-04-11,0.54,1,0
32234241,Sunny and Charming Studio - Beautiful West Village,34468788,Heather,Manhattan,West Village,40.73847,-74.0062,Entire home/apt,175,2,7,2019-07-01,2.92,1,3
24609530,Modern and spacious 2 bedroom in Manhattan,185981519,Erika,Manhattan,East Village,40.72189,-73.98219,Entire home/apt,260,1,44,2019-05-25,3.0,1,299
26029571,"Bright, spacious one bedroom in Brooklyn",7193111,Tanya,Brooklyn,Crown Heights,40.676390000000005,-73.94714,Entire home/apt,200,1,15,2019-06-12,1.42,1,2
33974082,LARGE LUXURIOUS BEDROOM CLOSE TO MANHATTAN,32167398,Meela,Queens,Astoria,40.75736,-73.92815,Private room,65,1,11,2019-06-16,4.58,5,300
17269656,"Magical, Welcoming & Beautiful Huge 1 Bedroom Apt",57655724,Kay,Manhattan,Midtown,40.75598,-73.97034000000001,Entire home/apt,260,2,64,2019-06-16,2.36,1,131
18024772,Very quiet apt. on tree-lined West Chelsea street,4857042,Matthew,Manhattan,Chelsea,40.74423,-74.00111,Entire home/apt,95,1,105,2019-07-01,3.87,1,98
23190292,Gorgeous Studio Apartment in the heart of Manhatan,13900556,Iryna,Manhattan,Upper East Side,40.77226,-73.95631,Entire home/apt,145,5,5,2019-04-09,0.3,1,0
31828585,"Large Private Room in Modern, Rustic 2BR Apartment",61278632,Owen,Manhattan,Harlem,40.82049,-73.95268,Private room,50,3,3,2019-07-01,0.74,1,7
22885310,MODERN AND BEAUTIFUL  BROOKLYN,103745233,Luiz,Brooklyn,Crown Heights,40.67346,-73.93295,Private room,60,1,54,2019-03-31,3.07,1,0
9857967,Big Private Bedroom,1433657,Evy,Brooklyn,Williamsburg,40.70888,-73.95622,Private room,85,2,37,2019-05-26,0.95,2,334
33579970,Spacious and sunny one bedroom,64898741,Pete,Queens,Long Island City,40.75912,-73.92903000000001,Entire home/apt,130,3,2,2019-06-09,1.43,2,0
27644,Sugar Hill Rest Stop ,119510,Emma,Manhattan,Harlem,40.82754,-73.94919,Entire home/apt,170,2,195,2019-07-01,2.03,1,318
7367039,Welcome to our Luxury home,1472993,Yoav,Manhattan,Financial District,40.7078,-74.00914,Entire home/apt,200,1,6,2017-08-18,0.13,1,0
29150743,Spacious Apartment with a View in Williamsburg,7912469,Pedro,Brooklyn,Williamsburg,40.70695,-73.94913000000001,Private room,50,2,3,2018-11-15,0.34,1,0
12307809,Discover Windsor Terrace! -- a treasure.  2 BR apt,26535250,Sheila,Brooklyn,Windsor Terrace,40.65722,-73.9793,Entire home/apt,61,1,91,2019-05-18,2.38,3,246
24872073,Big & Bright Bed-Stuy Bushwick Border Boudoir,2967674,Lilly,Brooklyn,Bedford-Stuyvesant,40.68923,-73.92681999999999,Private room,50,30,4,2018-10-12,0.37,2,21
36041096,Luxury building Brand new Apartment in Chelsea!,271151866,Shelly,Manhattan,Chelsea,40.74438,-73.997,Entire home/apt,250,5,0,,,1,60
9791362,Cozy Room in Heart of Williamsburg,8265805,Amanda,Brooklyn,Williamsburg,40.71725,-73.96446999999999,Private room,50,3,0,,,1,0
8431626,Lovely bedroom/private full bath in Brooklyn,44398705,Victoria,Brooklyn,Bedford-Stuyvesant,40.68881,-73.92805,Private room,52,4,3,2019-05-06,0.35,2,157
20451532,"Greenpoint private room w/back yard, dishwasher",37050812,Stephanie,Brooklyn,Greenpoint,40.73547,-73.95495,Private room,55,2,4,2017-10-23,0.18,1,0
2087970,West Village Wonder -spacious 1 bed,10658486,Owen,Manhattan,West Village,40.73552,-74.00716,Entire home/apt,239,4,52,2019-06-26,0.82,1,84
10016503,Madison Avenue 3 Room Loft,50760546,CRNY Monthly Rentals,Manhattan,Midtown,40.74906,-73.98276,Entire home/apt,165,29,3,2017-03-01,0.09,31,134
2772111,It's very warm and friendly.,14176488,Ada Azra,Bronx,Fordham,40.86705,-73.88545,Shared room,55,7,10,2018-10-13,0.16,1,365
267708,"Charming Hotel Alternative
Mount Sinai",661399,Vivianne,Manhattan,East Harlem,40.79111,-73.94466,Private room,99,3,25,2019-06-15,0.96,2,127
27263672,Massive room seconds from Bushwick graffiti,26302195,Michael,Brooklyn,Williamsburg,40.70562,-73.92734,Private room,65,1,2,2019-02-24,0.44,1,0
30584271,"SuperBig Beautiful room,clean manhattan 30min.",229421782,Sunny,Brooklyn,East Flatbush,40.64743,-73.94355999999999,Private room,43,3,3,2019-03-21,0.43,2,58
19967115,Large 1st floor apartment at fantastic location!,12652679,Madhu,Queens,Astoria,40.76297,-73.91696,Entire home/apt,80,2,13,2019-05-23,0.56,1,0
3987599,"Great 3 Bdrm- Internships, Students",20670246,Jaxon,Brooklyn,Bushwick,40.6876,-73.9167,Entire home/apt,93,30,23,2018-06-24,0.4,1,226
35384734,Studio Apartment in the heart of Chelsea,266380288,Valerie,Manhattan,Chelsea,40.74114,-74.00358,Entire home/apt,198,30,0,,,1,125
21081485,Spotless Private Room near Airport and Subway!,29597567,Lucy & Rodo,Queens,Corona,40.74533,-73.86076,Private room,49,2,127,2019-06-22,6.05,1,64
19711512,"Cozy, Cool, Mid Century Modern Apt in Boerum Hill",1024251,Michael,Brooklyn,Boerum Hill,40.68807,-73.98161,Entire home/apt,170,2,21,2018-08-21,0.86,1,9
1126432,South Slope One-Bedroom with Garden Terrace,5268463,Christy,Brooklyn,Sunset Park,40.66065,-73.98817,Entire home/apt,120,3,13,2018-12-31,0.18,1,201
26126570,Two bedroom apartment with all amenities,673215,Jessica Rose,Manhattan,Harlem,40.82299,-73.95461,Entire home/apt,200,5,0,,,2,39
12747935,S...Comfortable Room All Inclusive,68787921,Hurriyet Aydın /,Brooklyn,Bedford-Stuyvesant,40.68962,-73.92345999999999,Private room,37,3,40,2019-05-10,1.06,4,212
30068066,MANHATTAN! NEW YORK CITY!,151300770,Joe,Manhattan,Upper East Side,40.78006,-73.95045999999999,Private room,150,5,7,2019-06-19,0.96,4,293
30852631,Tiny bedroom in Williamsburg - Brooklyn,15788530,Diana,Brooklyn,Williamsburg,40.71847,-73.94509000000001,Private room,60,4,1,2019-01-01,0.16,2,0
34039045,Modern Brick Exposed Brooklyn Apartment!,30995747,John,Brooklyn,Crown Heights,40.67723,-73.95133,Entire home/apt,95,4,3,2019-06-10,1.88,1,4
26190809,UWS room perfect for NYC weekend,27474188,Janice,Manhattan,Upper West Side,40.7975,-73.97099,Private room,74,2,2,2018-07-30,0.16,3,0
31285648,"1 bedroom in roommates apartment
In Williamsburg",3147732,Ofek,Brooklyn,Williamsburg,40.72011,-73.94487,Private room,45,1,2,2019-02-17,0.4,1,0
3953415,LL2,295128,Carol Gloria,Bronx,Clason Point,40.81225,-73.85349000000001,Private room,75,2,0,,,7,349
1178389,"Beautiful, clean 1-bdrm private apt",6447462,Adam,Manhattan,Washington Heights,40.8506,-73.94023,Entire home/apt,70,6,19,2017-07-24,0.26,1,188
30704165,Entire Apt for 9Guests near Subway-20mins Times Sq,172379806,Alaz,Queens,Ditmars Steinway,40.77108,-73.91378,Entire home/apt,100,2,25,2019-06-26,3.55,1,294
22305896,Charming Garden Apartment in Brooklyn Brownstone,530553,Jacob,Brooklyn,Bedford-Stuyvesant,40.68156,-73.92036,Entire home/apt,149,2,70,2019-07-01,4.48,1,309
34257884,Top floor West Village apartment with city views,20944981,Monica,Manhattan,West Village,40.73521,-74.00528,Entire home/apt,180,2,4,2019-06-15,2.4,1,22
25110301,"Sunny home in Sunnyside, NY",41783072,Daniela & Steven,Queens,Sunnyside,40.7446,-73.92342,Private room,85,1,0,,,1,0
35464920,I have private bathrooms i have a lovely dresser,266823254,Temi,Queens,Bayswater,40.60825,-73.75695,Private room,60,1,0,,,1,342
13098452,"3-6month SUBLET Sparkling, spacious, Manhattan 3BR",4942450,Sacha,Manhattan,Washington Heights,40.85073,-73.93851,Entire home/apt,126,68,17,2018-11-10,0.47,1,0
34723111,Modern 3 Bedroom! Easy Access to Manhattan!,261904019,Pete,Queens,Ridgewood,40.70631,-73.89698,Entire home/apt,199,3,5,2019-07-01,3.13,1,145
17312157,Beautiful room in Brooklyn (Bushwick),1267985,Thea,Brooklyn,Bushwick,40.70108,-73.9289,Private room,60,14,1,2017-02-25,0.03,1,0
33268045,Brooklyn 1 Bedroom Apartment,250514925,Andrew,Brooklyn,Red Hook,40.67635,-74.01133,Entire home/apt,100,1,2,2019-06-09,1.67,1,13
6545519,Amazing Studio-Loft w/Outdoor Space,3174520,Peter,Manhattan,Greenwich Village,40.733990000000006,-73.99305,Entire home/apt,185,2,52,2019-01-01,1.04,1,35
19302761,"Cozy and Artsy Bedrooms in Prime BedStuy, BK",68579384,Julie,Brooklyn,Bedford-Stuyvesant,40.68274,-73.9261,Private room,42,3,3,2017-07-09,0.12,2,0
7826411,Private room in trendy LES,24881130,Fred,Manhattan,Lower East Side,40.72184,-73.9868,Private room,100,3,0,,,1,0
21281339,Spacious Private Room in two bedroom apartment,128372045,Syed,Brooklyn,Flatbush,40.63258,-73.95924000000001,Private room,40,2,9,2018-10-26,0.43,1,71
32355251,PRIVATE bath &  entrance in hip Greenpoint,56470374,Jacqueline,Brooklyn,Greenpoint,40.7293,-73.95075,Private room,145,21,1,2019-07-01,1.0,1,343
27580328,Large comfortable home 2 blocks from Times Square,207833780,Genisley,Manhattan,Hell's Kitchen,40.76228,-73.99025999999999,Entire home/apt,195,2,53,2019-06-23,4.86,1,150
31801375,East Flatbush,238321827,Denise,Brooklyn,East Flatbush,40.65057,-73.92383000000001,Private room,37,1,51,2019-06-28,9.56,1,341
32897532,X Live,184750740,Juice,Bronx,Morrisania,40.82575,-73.90993,Private room,80,1,0,,,4,365
1869432,West Village/SOHO Pretty Apartment,9744172,Melissa,Manhattan,SoHo,40.72838,-74.00461999999999,Entire home/apt,209,2,7,2018-01-01,0.1,1,265
32225197,Sonder | Stock Exchange | Private 1BR + Sofa Bed,219517861,Sonder (NYC),Manhattan,Financial District,40.7075,-74.01023,Entire home/apt,229,2,7,2019-05-17,1.75,327,346
13633468,Chill in Alphabet City,27379154,Elizabeth,Manhattan,East Village,40.72248,-73.98316,Private room,85,3,4,2016-11-28,0.11,1,0
20498407,Your Cozy Home in Astoria,19901294,Paco,Queens,Astoria,40.76255,-73.92347,Entire home/apt,106,4,1,2017-09-10,0.04,1,0
9479348,Penthouse Duplex & Roof Top Terrace,369154,Michael,Manhattan,Harlem,40.813190000000006,-73.94423,Entire home/apt,345,4,16,2019-04-30,0.37,1,206
5916713,Williamsburg Sunny Large Loft,2272846,Zack,Brooklyn,Williamsburg,40.71614,-73.95281999999999,Private room,69,30,16,2019-06-06,0.45,2,225
14935001,Quaint Studio. 20 mins to City,59839625,Odi,Queens,Sunnyside,40.74211,-73.91646,Entire home/apt,105,2,48,2019-06-16,1.42,1,13
35314884,Modern Family Home w/ Patio | 10 min to Manhattan,263440435,Lucas,Queens,Astoria,40.7592,-73.92155,Entire home/apt,300,3,3,2019-06-30,3.0,1,320
22192285,Chez Cozy,162152103,Sarah,Manhattan,Upper East Side,40.77141,-73.94985,Entire home/apt,150,7,4,2019-04-26,0.35,1,0
16133543,Beautiful  room in a Private House in Brooklyn,105239473,Joseph,Brooklyn,Cypress Hills,40.682390000000005,-73.89319,Private room,65,3,22,2019-01-01,0.7,1,89
33279214,Corner Room in Midtown Manhattan | Outdoor Terrace + Fitness Center,239660813,Yotel,Manhattan,Hell's Kitchen,40.75842,-73.99609,Private room,197,1,1,2019-05-17,0.57,10,342
1444924,New Law in New York | NO  rentals under 30 days..,926743,Lancelot,Brooklyn,Carroll Gardens,40.67947,-73.99709,Entire home/apt,100,30,4,2019-01-28,0.06,1,321
9766228,Deluxe Williamsburg Apartment,38297722,Joe,Brooklyn,Williamsburg,40.71691,-73.93953,Entire home/apt,200,2,1,2016-01-03,0.02,1,0
12836932,Spacious Private room near Columbia,70082670,Gina,Manhattan,Morningside Heights,40.80539,-73.96409,Entire home/apt,92,1,2,2016-05-09,0.05,1,0
16339175,"Cozy, Quiet, 1 bedroom apartment - Lower East Side",93393807,Al,Manhattan,Lower East Side,40.7178,-73.98448,Entire home/apt,177,1,46,2019-06-23,1.5,1,31
33774081,"Fully furnished studio, 10 mins away from JFK.",146484191,Roy,Queens,Springfield Gardens,40.66377,-73.76785,Entire home/apt,100,2,10,2019-06-25,4.23,1,353
28777497,Gorgeous Cozy Brooklyn apartment suite,99133678,Chelsea,Queens,Ridgewood,40.7092,-73.91246,Private room,25,1,0,,,1,0
31682665,Cozy place in Astoria,8810794,Marcela,Queens,Long Island City,40.74776,-73.92875,Private room,50,1,10,2019-06-30,2.13,1,125
8334574,Unbeatable NY room in East Village!,5283853,Chara,Manhattan,East Village,40.72972,-73.9875,Private room,140,2,35,2017-08-21,0.78,2,28
20030871,Williamsburg Bedroom w/Private Terrace!,1822729,Derek,Brooklyn,Williamsburg,40.71078,-73.96161,Private room,70,4,33,2019-03-05,1.49,2,0
34473196,Bright & Cozy 3BR Apartment in Wall Street,258741560,Lasse,Manhattan,Financial District,40.70562,-74.00712,Entire home/apt,320,3,5,2019-07-01,3.26,1,212
34834494,"Big Sunny Room in the heart of Greenpoint, BK",9943690,Lisha,Brooklyn,Greenpoint,40.72618,-73.94971,Private room,55,5,0,,,1,136
4206034,Clean and Huge Studio in Safe Area,18382740,Takao & Aiko,Staten Island,Tompkinsville,40.63481,-74.09591,Entire home/apt,99,7,35,2019-05-30,0.61,1,326
23304014,Charming and Cozy Two-Bedroom,33923279,Hollis,Manhattan,Harlem,40.82932,-73.94575,Entire home/apt,100,3,2,2018-04-21,0.12,2,0
5413565,Artist/Musician Loft (HUGE space!),11968309,Raviv,Brooklyn,Williamsburg,40.70882,-73.93705,Entire home/apt,122,4,21,2019-05-12,0.41,1,306
10292758,"**3BR, Large Duplex/private Garden, Time Square!!",52950465,Gal,Manhattan,Hell's Kitchen,40.76195,-73.99224,Entire home/apt,225,30,18,2017-12-05,0.45,12,173
27032162,"Private big one bedroom apt, Brooklyn,NY",203397896,Teola,Brooklyn,Brownsville,40.66648,-73.91375,Entire home/apt,98,2,40,2019-06-24,4.15,1,223
7074488,"Bilevel Penthouse: Park, City Views",43772,David,Brooklyn,Greenpoint,40.72074,-73.94740999999999,Entire home/apt,272,3,3,2015-08-31,0.06,1,0
4785563,Holiday Sublet in Carroll Gardens,1977947,Stephanie,Brooklyn,Carroll Gardens,40.67725,-73.99968,Private room,100,1,0,,,1,0
164989,"*SoHo: Clean, Safe, Private, Peaceful Bedroom (A)*",69439,Jade,Manhattan,SoHo,40.72351,-73.99683,Private room,140,2,54,2019-06-16,0.56,1,221
11162475,"Big, Bright UWS Bedroom and Study",14713587,Annie,Manhattan,Upper West Side,40.80288,-73.96484,Private room,125,3,6,2017-05-18,0.15,1,0
26139590,Safe upscale zone master bedroom close to subway,15838559,Weimin,Queens,Forest Hills,40.71357,-73.85138,Private room,59,60,4,2018-08-03,0.33,4,0
4734170,Modern 1 BD near Prospect Park,17893360,Charles,Brooklyn,Crown Heights,40.67238,-73.95768000000001,Entire home/apt,109,1,18,2017-04-14,0.38,1,0
20679146,Private room in Williamsburg with patio,10077970,Alyssa,Brooklyn,Williamsburg,40.71462,-73.96263,Private room,57,1,3,2017-09-16,0.13,1,0
31164968,Room in Perfect Bushwick Location,146169974,Daniela,Brooklyn,Bushwick,40.70258,-73.92614,Private room,90,3,2,2019-04-06,0.46,1,0
29393808,Cozy 1 bed in amazing NYC location! (Chelsea),17218010,Katie,Manhattan,Chelsea,40.74011,-73.99745,Entire home/apt,175,2,17,2019-04-21,2.08,1,0
9248239,Private Room in Williamsburg Loft,48057837,Diana,Brooklyn,Williamsburg,40.71914,-73.96477,Private room,75,1,2,2015-12-28,0.05,1,0
26685276,Large eclectic plant filled home w private rooftop,7620548,Lena,Queens,Ridgewood,40.69212,-73.90188,Entire home/apt,170,7,0,,,1,10
19036361,Ms. Dee Cozy Bedroom you feel like home!! Room 2,97794385,Debra,Queens,Jamaica,40.68347,-73.79460999999999,Private room,60,2,42,2018-11-04,1.65,2,0
8488615,Spacious 1 BD w/washer dryer in UES,3969780,Zaka,Manhattan,Upper East Side,40.77843,-73.95191,Entire home/apt,175,2,1,2015-10-27,0.02,1,0
12366408,Near to Central Park and 1 ride to Times Sq!,66807700,Gabi,Manhattan,East Harlem,40.79505,-73.94360999999999,Entire home/apt,220,2,140,2019-05-27,3.6,3,341
19017366,King size room in foodie heaven!,41387722,Michael,Queens,Astoria,40.77084,-73.92600999999999,Private room,65,21,0,,,1,0
13314206,Beautiful Spacious  Apt. in Washington Heights!,2383846,Lisa,Manhattan,Washington Heights,40.83945,-73.94353000000001,Entire home/apt,110,14,5,2018-08-24,0.14,1,0
26496645,Room with a view,110049861,Martin,Brooklyn,Williamsburg,40.709590000000006,-73.95693,Private room,10,1,0,,,1,83
27827834,Coziest room off the j,158314625,Tyrany,Brooklyn,Bedford-Stuyvesant,40.6898,-73.92588,Private room,65,1,27,2019-01-26,2.52,2,0
26662052,Beautiful room in Bushwick right next to JMZ train,19704368,Zephyr,Brooklyn,Bushwick,40.69227,-73.92520999999999,Private room,44,5,3,2018-09-19,0.25,1,4
13668941,Hamilton Heights Apartment,79492070,Reylyn,Manhattan,Harlem,40.82022,-73.95358,Entire home/apt,125,1,7,2016-08-28,0.19,1,0
36319154,Nice and large room to rent in a 2 beds apt,221179834,Uri,Brooklyn,Sheepshead Bay,40.60146,-73.94673,Private room,40,2,0,,,1,89
4192400,Private+Cozy Room w/ Superhost ($0 Cleaning Fee)!,21751476,Grace,Brooklyn,Bushwick,40.69233,-73.90579,Private room,72,1,360,2019-07-07,6.22,1,66
18793633,Beautiful 1 Bed near Washington Square Park!!,38609043,Lauren,Manhattan,Greenwich Village,40.73193,-73.99931,Entire home/apt,299,2,28,2019-07-07,1.15,1,64
32426419,Upper west/huge confortable Central Park ColumbiaU,206758177,Miguel,Manhattan,Upper West Side,40.80047,-73.96064,Entire home/apt,200,1,22,2019-05-13,4.89,3,0
23650259,"1 private bedroom in Lower East Side, Manhattan",176983812,Lawrence,Manhattan,Lower East Side,40.72142,-73.98411,Private room,350,10,2,2018-05-05,0.13,1,87
4456555,Entire flr-thru 2bdrm apartment near ProspectPark!,747671,Sarah Jazmine,Brooklyn,South Slope,40.66347,-73.98438,Entire home/apt,180,1,7,2017-01-01,0.12,1,0
22081871,Artsy 2BR Home w/ High Ceilings + Brick Walls,19909719,Danny,Brooklyn,Greenpoint,40.72397,-73.94695,Entire home/apt,295,7,1,2018-01-04,0.05,2,0
3394517,A cozy room in a 3 bedroom apt,17125263,Mario,Manhattan,East Harlem,40.80174,-73.93925,Private room,69,2,60,2019-06-29,1.05,2,271
30057248,Beautiful Private bedroom for rent in Bushwick,221645033,Afrah,Brooklyn,Bushwick,40.70094,-73.91991999999999,Private room,59,1,1,2019-05-31,0.75,5,148
15649021,"Cool private room in Astoria, New York!",14422390,Bill,Queens,Astoria,40.76625,-73.93295,Private room,49,1,12,2017-07-19,0.37,1,0
13695031,Beautiful Chelsea Apartment with many amenties,52237758,Lara,Manhattan,Chelsea,40.74075,-73.99566999999999,Entire home/apt,155,2,1,2016-06-27,0.03,1,0
8024,CBG CtyBGd HelpsHaiti rm#1:1-4,22486,Lisel,Brooklyn,Park Slope,40.680690000000006,-73.97706,Private room,130,2,130,2019-07-01,1.09,6,347
20532190,Brooklyn Garden Apartment,166634,Lou,Brooklyn,Brownsville,40.66114,-73.91258,Entire home/apt,300,2,11,2019-06-02,0.57,5,51
25727611,Beautiful  room,21020951,Claudina,Brooklyn,Bedford-Stuyvesant,40.693290000000005,-73.93906,Private room,87,2,4,2019-05-24,0.45,5,337
4484212,King size bed -Private bdrm,21938150,Niraj,Manhattan,Gramercy,40.7373,-73.98392,Private room,250,1,4,2015-09-16,0.08,1,365
7676933,Beautiful&New Bedrooms near everything you want!,33064599,Yukee,Manhattan,Upper West Side,40.80188,-73.96696,Private room,59,1,26,2019-04-19,0.68,6,326
3944627,Gramercy One Bedroom w Two Beds,71418,Matt,Manhattan,Gramercy,40.73845,-73.98373000000001,Entire home/apt,200,7,10,2018-06-29,0.17,1,100
1552242,Single family home 2 bedrooms  2 bathrooms,8126811,Jessica,Queens,Long Island City,40.75676,-73.93463,Entire home/apt,250,3,184,2019-06-26,2.65,1,84
32617897,Big private room with backyard in hip Bushwick,215891351,Pablo,Brooklyn,Bushwick,40.69935,-73.92407,Private room,43,2,17,2019-06-24,4.05,2,68
3302463,Luxurious Brownstone Parlour,16678513,Robert,Manhattan,Gramercy,40.73548,-73.98895999999999,Entire home/apt,275,5,30,2019-06-22,0.5,1,20
32308571,Cozy bedroom minutes to Manhattan,68907781,Dafni,Queens,Astoria,40.76837,-73.92712,Private room,45,2,4,2019-06-29,1.15,3,31
7711161,Large and Sunny room in Downtown NY,3737483,Miguel,Manhattan,Chinatown,40.71382,-73.99769,Private room,75,6,2,2016-04-30,0.05,1,0
15888227,"Spacious, bright room, prime Williamsburg location",11917115,Claudia,Brooklyn,Williamsburg,40.71497,-73.96145,Private room,110,3,0,,,1,0
9925760,300sqft Bedroom in LES Duplex,51021121,Brian,Manhattan,Lower East Side,40.7202,-73.98284,Private room,120,1,1,2015-12-30,0.02,1,0
11324531,PRIVATE ROOM - GREENPOINT,31860430,Grayson,Brooklyn,Greenpoint,40.73733,-73.95336,Private room,65,1,0,,,1,0
34996046,A 29 units apt building...In a middle class area .,262312329,Alexander,Brooklyn,Fort Hamilton,40.61637,-74.02943,Private room,35,10,0,,,1,329
28259695,D&G Chateau,106667717,Darian,Manhattan,Harlem,40.82761,-73.94192,Private room,85,1,9,2019-05-04,0.9,1,364
21788688,Historic Turret Retreat (Smart TV/Cable/Wifi),54921733,Louise,Brooklyn,Flatbush,40.6437,-73.96769,Private room,85,7,3,2018-06-26,0.18,3,0
24583645,"Best Location, Cozy Modern Room in Midtown",48805583,Gareth,Manhattan,Midtown,40.7496,-73.98244,Entire home/apt,170,6,35,2019-06-30,2.48,1,0
18645286,Sunny & cozzy room in beautiful apartment,48157058,Michèle,Brooklyn,Crown Heights,40.67541,-73.93253,Private room,26,7,0,,,1,59
28780407,"BRIGHT! Huge,Beautiful&Quiet Fort Greene (BK) Apt",1976287,Patrick,Brooklyn,Fort Greene,40.69178,-73.97345,Entire home/apt,145,3,5,2019-03-25,0.55,1,0
5315798,Williamsburg Apt. S 2nd & Bedford,22761603,Dan,Brooklyn,Williamsburg,40.71425,-73.96054000000001,Private room,90,1,1,2015-03-17,0.02,1,0
27304971,Private 1 BD in 2 BD/1 BTH in W. Harlem,66495651,Brittany,Manhattan,Harlem,40.82209,-73.95423000000001,Private room,100,1,0,,,1,302
7785582,Basement Room with Private Bathroom,11048791,Jarred,Brooklyn,Bushwick,40.70068,-73.91620999999999,Private room,40,7,2,2018-05-22,0.04,1,0
35593963,Great Apartment close to Time Square,264833923,Sharoom,Manhattan,Hell's Kitchen,40.75612,-73.99263,Entire home/apt,209,3,1,2019-06-27,1.0,1,68
20955493,Welcoming New York,103477264,Orain,Queens,St. Albans,40.70791,-73.75625,Private room,45,1,30,2018-10-20,1.37,1,0
29885929,Private room 3 - mins from Central Park / CU,17822256,Anna & Frank,Manhattan,Harlem,40.80114,-73.95696,Private room,90,2,32,2019-06-20,4.02,4,147
35883107,Unbeatable & Massive Midtown 3 Bedroom Apt,269215864,Shivam,Manhattan,Hell's Kitchen,40.76405,-73.99004000000001,Entire home/apt,299,4,0,,,1,95
32466254,Sonder | The Nash | Vibrant 1BR + Rooftop,219517861,Sonder (NYC),Manhattan,Murray Hill,40.74706,-73.97594000000001,Entire home/apt,200,29,0,,,327,311
463107,Historic 3 Bedroom Eastern Parkway,2301624,Miryam,Brooklyn,Crown Heights,40.66933,-73.93798000000001,Entire home/apt,250,90,19,2018-12-16,0.22,1,311
9577296,1BD in West Village,49577355,J.J.,Manhattan,West Village,40.74029,-74.00578,Entire home/apt,225,2,185,2019-06-21,4.24,1,250
30589552,Clean & Spacious Apt. 2 min. to Subway,24594462,Fatima,Manhattan,East Harlem,40.795190000000005,-73.94543,Entire home/apt,135,2,2,2019-06-08,1.67,2,2
9826628,"Cozy Room, Huge Yard, Trendy Brooklyn",820010,Liubov,Brooklyn,Bedford-Stuyvesant,40.6913,-73.9406,Private room,60,1,113,2019-06-27,2.66,3,332
3010664,"Giant 3 story family house,  15 min to Manhattan",5663597,Amir,Brooklyn,Prospect Heights,40.67553,-73.96376,Entire home/apt,350,3,11,2019-04-28,0.19,1,21
10052289,,49522403,Vanessa,Brooklyn,Brownsville,40.66409,-73.92314,Private room,50,3,3,2016-08-18,0.07,1,362
19141391,Unique Cozy Sunny converted Studio/One Bedroom,75065047,Simi,Manhattan,Lower East Side,40.71925,-73.98955,Entire home/apt,106,1,9,2018-11-04,0.39,1,364
33279235,Chic Room in Midtown Manhattan | Outdoor Restaurant Terrace + Smart TV,239660813,Yotel,Manhattan,Hell's Kitchen,40.75885,-73.99595,Private room,135,1,0,,,10,275
21407514,"Spacious, well-lit, with modern decor apartment!",154842298,Jessica,Manhattan,East Village,40.7266,-73.984,Entire home/apt,195,3,2,2018-05-20,0.11,1,0
16542661,Parisian Apt in PRIME Carroll Gardens Brooklyn,72568223,Jane Jo,Brooklyn,Gowanus,40.68066,-73.99096999999999,Entire home/apt,159,5,12,2017-09-10,0.41,1,0
17020317,Brooklyn Brownstone parlor living with full A/C,679157,Jeremy,Brooklyn,Prospect Heights,40.68125,-73.97236,Entire home/apt,199,2,4,2019-05-20,0.15,1,179
19242128,2 Large Bedroom Apt in quiet Forest Hills,39641996,Mike,Queens,Forest Hills,40.72428,-73.85155999999999,Entire home/apt,100,2,0,,,1,0
26958190,Brooklyn [Williamsburg] Apartment,202849060,Masashi,Brooklyn,Williamsburg,40.71258,-73.95764,Private room,90,21,6,2018-08-15,0.51,1,38
33187617,Midtown East Gem with PRIVATE Terrace,165776960,Raanan,Manhattan,Midtown,40.76054,-73.96449,Entire home/apt,130,30,1,2019-06-09,1.0,2,148
10032495,Private Room on Upper West Side,2830735,Joshua,Manhattan,Upper West Side,40.80195,-73.96714,Private room,49,5,1,2015-12-22,0.02,1,0
35463471,West 15th Street Cozy Chelsea 1bd Serviced Apt,22541573,Ken,Manhattan,West Village,40.74,-74.00399999999999,Entire home/apt,209,30,0,,,87,364
25965483,Light-filled Room with Private Bath & Entrance,4712374,Karen,Brooklyn,Greenpoint,40.73325,-73.95541999999999,Private room,85,1,12,2018-10-03,0.97,1,0
9876335,No Sleep 'Till Brooklyn! 2 Train (accommodates 1),37401126,Leah,Brooklyn,East Flatbush,40.64165,-73.94062,Private room,50,2,32,2019-07-04,0.74,4,362
26889078,Staten Island Garden Apartment Near Ferry,199535935,Tim,Staten Island,St. George,40.64641,-74.08502,Entire home/apt,130,2,52,2019-06-24,4.6,1,96
10165064,❤️FAB APT WITH PRIVATE GARDEN NEAR CENTRAL PARK!,39603281,Marty,Manhattan,Upper West Side,40.79437,-73.97152,Entire home/apt,165,1,188,2019-07-05,4.42,1,328
19942348,Sunny and Airy FiDi Studio,141324173,Victoria,Manhattan,Financial District,40.71103,-74.00845,Entire home/apt,200,2,74,2019-06-24,3.13,1,35
23629119,"Room in the heart of Williamsburg, Brooklyn",32130349,Michael,Brooklyn,Williamsburg,40.71876,-73.94341,Private room,50,1,0,,,1,0
22953869,Beautiful open layout studio near Prospect Park,98272,Martin,Brooklyn,Flatbush,40.652,-73.95805,Entire home/apt,110,3,32,2019-06-15,1.9,1,0
22689939,HUGE One Bedroom East Village!,167258458,East Village,Manhattan,East Village,40.72162,-73.97774,Entire home/apt,135,3,49,2019-06-25,2.71,2,202
21733545,++A Global Beat hideaway Room in Manhattan,3464645,Sybilla Michelle,Manhattan,Hell's Kitchen,40.75575,-73.99374,Private room,175,2,44,2019-06-30,2.26,3,133
15855156,Cozy room in the heart of Astoria,40503875,Hebert,Queens,Astoria,40.75927,-73.9092,Private room,55,1,94,2019-04-16,2.91,2,0
30531695,Boho tranquil room in bushwick/ridgewood,227682707,Michelle,Queens,Ridgewood,40.70383,-73.91171,Private room,60,2,2,2018-12-30,0.29,1,0
1997957,Winter Fun in Brooklyn!!!,10294443,Shari,Brooklyn,Crown Heights,40.67497,-73.95879000000001,Entire home/apt,105,4,2,2014-12-31,0.03,1,0
26946148,Relax in Harlem,101388075,Imogene,Manhattan,Harlem,40.82237,-73.94001,Entire home/apt,104,1,18,2019-06-19,1.53,1,34
10591658,Beautiful Studio in Soho - Greenwich Village,14077910,Sabrina And Antoine,Manhattan,Greenwich Village,40.72843,-73.9999,Entire home/apt,175,60,28,2019-03-29,0.7,1,126
31809918,Pirouette (Private Room),51596474,Antony,Brooklyn,Gravesend,40.58421,-73.97104,Private room,35,5,1,2019-02-15,0.21,12,0
16123133,Sun dappled 2 bedroom brownstone apt on FG park!,1628075,Zoe,Brooklyn,Fort Greene,40.69015,-73.97264,Entire home/apt,265,31,33,2018-11-17,1.2,1,281
7698593,Bedstuy Brownstone Duplex w/ HUGE Backyard,5974094,Cody,Brooklyn,Bedford-Stuyvesant,40.69351,-73.94011,Entire home/apt,200,2,3,2019-05-27,0.09,1,188
34853099,Private Roof with Great View of NYC,67046604,Jackie,Brooklyn,Park Slope,40.66713,-73.98196,Private room,60,15,0,,,1,53
10755415,Harlem Bed and BYOBreakfast,35301269,Maria,Manhattan,Harlem,40.80526,-73.95509,Private room,80,2,69,2019-06-15,1.72,1,140
36236389,Large room(Brooklyn) - 20 min to the beach+comfort,271162941,Anna,Brooklyn,Midwood,40.62477,-73.95517,Private room,100,1,0,,,3,330
29152037,"Private artist bedroom in Bushwick, Brooklyn",219669515,Sasha,Brooklyn,Bushwick,40.70328,-73.92005999999999,Private room,50,2,6,2019-06-19,5.62,1,10
14629878,Shared Penthouse,46502890,Jackie,Queens,Richmond Hill,40.69858,-73.82893,Private room,60,30,1,2016-08-31,0.03,2,363
22119092,HUGE Private 1 Bedroom in Shared Park Slope Apt,150044472,Amar,Brooklyn,Windsor Terrace,40.6597,-73.98318,Private room,75,14,0,,,2,0
12892861,Great Apartment for 2~ right next to subway~!,70594777,Deqing,Brooklyn,Clinton Hill,40.68873,-73.96523,Entire home/apt,150,7,4,2016-07-31,0.11,1,0
22452728,"Astoria close to JFK, Laguardia Airport, Manhattan",117195769,Simone,Queens,Astoria,40.76401,-73.90921,Private room,70,1,92,2019-06-30,4.96,3,357
31291169,Cosy studio in the heart of Manhattan,52728780,Aditi,Manhattan,Midtown,40.75341,-73.97116,Entire home/apt,200,7,0,,,1,0
7760406,Modern Chelsea Studio,39060578,Scott,Manhattan,Chelsea,40.74336,-74.00278,Entire home/apt,200,6,45,2018-01-02,0.99,1,0
3565617,Modern sunny one bed apt,17953139,Oisin,Manhattan,Lower East Side,40.7211,-73.98397,Entire home/apt,175,7,9,2018-12-07,0.27,1,255
346248,Cosy apartment in West Village,1755339,Julie,Manhattan,Greenwich Village,40.72886,-74.00013,Private room,100,3,7,2015-05-31,0.09,1,0
34935198,"Modern Studio- Midtown, Hell’s Kitchen",47187850,Matthew,Manhattan,Hell's Kitchen,40.76113,-73.99504,Entire home/apt,200,3,1,2019-07-01,1.0,1,0
504322,Sunny 1BD in Greenwich Village,471928,Mahalia,Manhattan,Greenwich Village,40.72903,-74.00028,Entire home/apt,180,3,18,2017-07-01,0.21,1,0
13126457,Unique 2BR Apartment,31483931,Nick,Queens,Long Island City,40.74226,-73.94999,Entire home/apt,151,2,87,2019-07-05,2.3,1,17
17450196,Charming House!!,4378763,Antonio,Queens,Long Island City,40.75276,-73.93101999999999,Private room,77,3,48,2019-06-22,1.72,3,332
15059292,HUGE ROOM IN CENTER CITY! AMAZING LOCATION!,95205288,Anush,Manhattan,Midtown,40.76276,-73.97652,Private room,110,4,32,2019-06-17,0.94,1,167
30048716,"Come live in, Brooklyn",225749624,Jonathan,Brooklyn,Bedford-Stuyvesant,40.69233,-73.94366,Private room,70,1,1,2018-12-01,0.14,1,0
28052259,Manhattan Townhouse,76350146,David,Manhattan,Kips Bay,40.74123,-73.97559,Private room,150,2,17,2019-07-01,1.95,1,0
31543550,Lower manhattan 1 bedroom short or long term,7285648,Josh,Manhattan,Chelsea,40.74562,-74.00538,Private room,86,1,0,,,3,0
22290340,Brooklyn House,58380725,Osei,Brooklyn,Flatbush,40.65099,-73.95596,Entire home/apt,95,2,90,2019-07-04,4.79,1,73
33636056,Sonder | The Biltmore | Charming 1BR + Rooftop,219517861,Sonder (NYC),Manhattan,Theater District,40.76112,-73.98663,Entire home/apt,217,29,1,2019-05-31,0.75,327,337
10827567,Renovated 1 bdrm apt close to city,31411094,Ronit,Brooklyn,Crown Heights,40.6725,-73.93981,Entire home/apt,98,3,128,2019-06-06,3.1,1,342
33060929,"ROOM FOR TWO 15 MINUTES WALL STREET, NO CLEAN FEE",247937619,Jessy,Manhattan,Lower East Side,40.71525,-73.98735,Private room,72,5,17,2019-06-21,5.0,1,49
27110361,Artist's home in Williamsburg,8731758,Jeanne,Brooklyn,Williamsburg,40.71326,-73.9644,Entire home/apt,175,5,5,2019-05-23,0.46,1,198
13642631,Doorman Chelsea One Bedroom- Convenient and Fun!,28115515,Andrew,Manhattan,Chelsea,40.74179,-73.99855,Entire home/apt,150,1,0,,,1,0
21736598,Three Bedroom in Trendy Williamsburg Loft,643120,Sam,Brooklyn,Williamsburg,40.71581,-73.95543,Entire home/apt,275,4,0,,,4,5
1240530,Large Sunny Room in Brooklyn,6762247,Thomas,Brooklyn,Bushwick,40.69107,-73.91995,Private room,70,3,12,2018-07-27,0.65,2,0
4782569,Private 1st level studio near NYC,5071632,Rose,Brooklyn,Borough Park,40.61959,-73.97856999999999,Entire home/apt,81,3,47,2019-03-28,1.06,1,287
4276618,"Great location, great value",1405217,James,Manhattan,Chelsea,40.75238,-73.9945,Entire home/apt,120,3,18,2018-01-03,0.31,1,0
19209474,Cambridge Place 4 bed Home,134415241,Katherine,Brooklyn,Clinton Hill,40.68384,-73.96200999999999,Entire home/apt,350,2,4,2017-08-06,0.16,1,0
29242305,Charming Studio in the Heart of Greenwich Village,16955151,Savanna,Manhattan,West Village,40.73079,-74.00268,Entire home/apt,195,2,10,2019-06-11,1.16,1,3
20996996,Private Bedroom and Bath,785283,Melinda,Queens,Ditmars Steinway,40.77618,-73.91741,Private room,75,2,38,2018-12-06,1.81,2,0
29760452,Cozy Brooklyn room 15min to Manhattan by subway!,209163615,Oriana,Brooklyn,Bedford-Stuyvesant,40.68377,-73.94489,Private room,85,1,1,2019-01-04,0.16,1,12
31542976,"Cozy, Bright Room in Uptown Manhattan",112290211,Valerie,Manhattan,Washington Heights,40.84623,-73.93578000000001,Private room,70,2,10,2019-06-24,2.13,1,152
7798542,Cozy and Homey Brooklyn Apartment,21150000,Tamar,Brooklyn,Flatbush,40.65474,-73.95448,Entire home/apt,80,3,10,2019-05-27,1.53,1,124
30659261,Quiet and Spacious South Williamsburg One Bedroom,2199778,Emily,Brooklyn,Williamsburg,40.70839,-73.9547,Entire home/apt,150,3,6,2019-07-03,0.95,1,4
9477359,"Bright, airy East Village apartment",22063782,Jennifer,Manhattan,East Village,40.72311,-73.98389,Entire home/apt,180,7,1,2016-01-03,0.02,1,0
22612874,Private Bedroom with en Suite Bathroom in Bushwick,166415629,Anthony,Brooklyn,Bushwick,40.69859,-73.93534,Private room,85,1,0,,,1,0
31823858,**BROOKLYN BLUE**MODERN LUXE STUDIO SUITE,198674748,Michelle,Brooklyn,Prospect-Lefferts Gardens,40.6615,-73.95307,Entire home/apt,126,3,23,2019-06-26,4.51,1,6
180792,Modern Garden Apartment in NYC,864735,Jason,Queens,Astoria,40.75695,-73.9202,Entire home/apt,95,30,24,2019-04-04,0.26,8,271
35491409,Sunny Spacious Room in UWS near Central Park,266522456,Aaron,Manhattan,Upper West Side,40.80155,-73.96732,Private room,150,1,7,2019-07-07,7.0,3,135
13426171,Stunning New High-Rise Apartment - 1 Bedroom NYC,30283594,Kara,Manhattan,Hell's Kitchen,40.76207,-73.99937,Entire home/apt,239,30,0,,,121,365
31123611,JFK Airport Great place to stay 6 minutes away,232251881,Lakshmee,Queens,Jamaica,40.66823,-73.78374000000001,Shared room,40,1,65,2019-07-06,10.0,8,346
8957189,Cozy 2 BR in heart of East Village,25492187,Abigail,Manhattan,East Village,40.72566,-73.98323,Entire home/apt,230,1,0,,,1,0
1731969,Beautiful UES residence minutes from everything,17318747,Jay,Manhattan,Upper East Side,40.77084,-73.95810999999999,Private room,99,1,20,2019-06-30,0.42,2,278
28422482,Chateau Greenpoint Dog Lovers,11728318,John,Brooklyn,Greenpoint,40.72624,-73.94285,Private room,40,2,24,2019-06-30,2.69,1,95
21296249,Nice Clean Cousy  Studio.,154106207,Paulo,Queens,Astoria,40.76031,-73.91583,Private room,180,6,0,,,1,83
35726877,Manhattan Apartment Near it All!,11490581,Pedro,Manhattan,Hell's Kitchen,40.75292,-73.99486999999999,Entire home/apt,249,2,1,2019-06-23,1.0,1,7
17388041,"Private Entrance,Room and Bathroom!",99556266,Mariano,Manhattan,East Harlem,40.7993,-73.93305,Private room,120,2,37,2018-08-03,1.33,2,304
27988211,Welcome Home To Ridgewood!,138203985,Alejandro,Queens,Ridgewood,40.707240000000006,-73.91268000000001,Entire home/apt,195,1,94,2019-07-07,8.84,1,0
19720126,Spacious West Harlem Studio!,96742320,Anne,Manhattan,Harlem,40.82411,-73.9509,Entire home/apt,98,2,2,2017-08-22,0.09,1,0
8355713,Cozy Private Brooklyn Bed room,44042396,Gabriel,Brooklyn,Crown Heights,40.66754,-73.95265,Private room,40,4,3,2016-04-30,0.07,1,0
11043651,Private room in two fl apartment,31879354,Zach,Brooklyn,Bushwick,40.70131,-73.93032,Private room,50,2,0,,,1,0
8651132,Simple clean room,9917136,Rani,Brooklyn,Crown Heights,40.677,-73.92363,Private room,40,1,22,2019-04-20,0.5,3,67
20452330,Frank 'n Dean,24377694,Kori,Brooklyn,Crown Heights,40.67837,-73.95421999999999,Entire home/apt,298,2,0,,,3,189
32664187,Beautiful room close to Prospect Park,25575398,Maya,Brooklyn,Crown Heights,40.66828,-73.95340999999999,Private room,70,5,3,2019-05-31,0.9,1,9
685435,Cozy Private Bedroom $800 Month,1360296,Maria Daniela,Brooklyn,East New York,40.67635,-73.89124,Private room,35,3,13,2019-05-29,0.16,1,2
29513074,"Quiet, Modern Studio Near Manhattan & Brooklyn",26600082,Stephanie,Queens,Ridgewood,40.69973,-73.90835,Entire home/apt,150,1,14,2019-07-02,2.8,1,2
9575562,Sunny Apt in the Heart of Brooklyn,23254783,Amanda,Brooklyn,Williamsburg,40.71219,-73.94826,Entire home/apt,115,3,43,2019-07-07,1.03,1,0
1164101,Oasis in the West Village,6376776,Kurt,Manhattan,West Village,40.738040000000005,-74.00416,Private room,89,30,13,2018-04-30,0.18,1,282
3608353,Prospect Park South,18183144,Timothy,Brooklyn,Flatbush,40.64802,-73.97095,Private room,91,3,33,2019-07-01,0.65,1,90
19057791,Location Location - Cozy Room In Time Square,14935858,Goran,Manhattan,Hell's Kitchen,40.759640000000005,-73.99070999999999,Private room,49,1,41,2019-01-12,1.62,2,8
31002972,"Sunny, Plant-filled Apt in Manhattan’s Chinatown",1602948,Allie,Manhattan,Chinatown,40.71513,-73.99791,Entire home/apt,91,5,2,2019-05-30,0.33,1,1
24332080,Huge Bright Bedroom in Brooklyn Townhouse,62803,Eugenia,Brooklyn,Crown Heights,40.67004,-73.92206999999999,Private room,54,6,6,2019-03-30,0.65,2,225
17129825,Fully furnished room on 110th St Broadway for rent,39091267,Ankit,Manhattan,Morningside Heights,40.80437,-73.96387,Shared room,35,1,0,,,1,0
35876030,Cozy 3bdr Brooklyn Home in East Flatbush,269840768,Dionne,Brooklyn,Flatlands,40.62585,-73.9392,Entire home/apt,300,4,0,,,1,163
22028251,Harlem Master bed and bath,135944525,Tiffany,Manhattan,Harlem,40.81876,-73.9536,Private room,45,1,0,,,1,0
31120812,Sunny Bedroom off Broadway,126625033,Nina,Manhattan,Morningside Heights,40.80556,-73.96503,Private room,50,5,0,,,1,0
23811541,"Luxury Apartment close to Time Square, NYC",23255533,Aravind,Manhattan,Theater District,40.76155,-73.98619000000001,Private room,139,3,10,2019-05-27,1.24,1,189
3201696,Cozy 5 Bdrm in Historic Harlem NY,13789963,Larry,Manhattan,Harlem,40.82931,-73.94358000000001,Entire home/apt,345,3,141,2019-07-05,2.34,1,273
12897616,Upper West Side Room,70637655,Andrea,Manhattan,Upper West Side,40.80288,-73.96629,Private room,75,1,1,2016-06-13,0.03,1,0
568684,800sqft apartment with huge terrace,2798644,Alessandra,Brooklyn,Bushwick,40.702020000000005,-73.92402,Entire home/apt,115,370,6,2018-04-15,0.09,1,365
33064746,Central Park 2 Bed Apt. Steps from Park & Subway,11305100,Shae,Manhattan,Harlem,40.79943,-73.95376,Entire home/apt,150,3,6,2019-06-03,1.59,1,10
2015586,Wonderful bright Brooklyn apt,7127362,Lydia,Brooklyn,Clinton Hill,40.6841,-73.96691,Entire home/apt,130,5,9,2016-01-06,0.13,1,0
35971885,Private Room + Outdoor Space in Modern Chelsea Apt,261627898,Brett,Manhattan,Chelsea,40.74672,-74.00431,Private room,105,1,2,2019-07-06,2.0,2,31
26813610,Neat+Nice+Large dining area &  2 min to Subway,19303369,Hiroki,Queens,Woodside,40.74323,-73.90471,Private room,33,37,1,2018-12-15,0.15,37,39
35986504,Private Comfortable Room near Subway,164648188,Sonia,Brooklyn,East New York,40.67595,-73.87964000000001,Private room,50,3,0,,,2,23
25996748,"Full Apartment, 1 Bedroom",18197276,Miguel,Bronx,Kingsbridge,40.88058,-73.90552,Entire home/apt,85,2,13,2019-01-01,1.05,1,0
32732490,Pro-Music Recording Studio With  Bedroom & Lounge,106067584,Shelby,Brooklyn,Bedford-Stuyvesant,40.69025,-73.92491,Private room,225,1,0,,,1,179
34784469,"Premier room in Downtown NYC, Spacious and Private",250825715,Cherry,Manhattan,Chinatown,40.71716,-73.99716,Private room,90,1,1,2019-06-21,1.0,3,39
13073569,"Duane Street, Upscale Tribeca Studio",22541573,Ken,Manhattan,Tribeca,40.71642,-74.00679000000001,Entire home/apt,210,30,1,2019-04-30,0.43,87,329
14767195,"Quaint, sunny, and quiet room overlooking garden.",92110601,Amey,Queens,Sunnyside,40.73967,-73.92367,Private room,50,2,7,2016-11-13,0.21,1,0
6596747,Bedroom in FABULOUS W. Village Apt!,4654046,Kate,Manhattan,West Village,40.73086,-74.00506999999999,Private room,105,2,111,2019-07-04,2.31,1,92
3755474,New Bright & Modern Apartment within a Brownstone,9928037,Elliot,Manhattan,Murray Hill,40.74735,-73.97671,Entire home/apt,149,3,8,2018-01-02,0.17,1,0
3626609,Entire Awesome One Bed-Lower East Side Manhattan,3038687,Karen,Manhattan,Lower East Side,40.717490000000005,-73.99016,Entire home/apt,104,30,11,2019-03-16,0.19,8,80
18410069,Sunny Brooklyn Limestone,7934771,Antoinette,Brooklyn,Flatbush,40.64246,-73.9538,Entire home/apt,175,7,3,2019-02-18,0.47,1,0
18179365,2 bedroom apartment with private Patio,51501835,Jeniffer,Manhattan,Hell's Kitchen,40.76318,-73.99462,Entire home/apt,200,30,1,2017-07-29,0.04,31,350
24945323,Cozy 1 Bedroom on Upper West Side,164724867,Kevin,Manhattan,Upper West Side,40.78922,-73.97398000000001,Entire home/apt,175,2,8,2019-06-02,0.59,1,1
714028,An Oasis in the Big Apple 2,3621183,Paul,Queens,Woodside,40.74746,-73.89712,Entire home/apt,120,3,51,2019-07-03,1.52,3,253
4566818,1 bedroom in Cozy 2 bedroom upper west side,23671946,Yonatan,Manhattan,Harlem,40.81622,-73.95885,Private room,100,3,0,,,2,0
35615652,Room in a cozy Brooklyn apartment,19017210,Karl,Brooklyn,Bedford-Stuyvesant,40.67897,-73.94192,Private room,41,3,1,2019-07-02,1.0,1,57
11434570,Spacious park block garden studio,5162192,Amy,Manhattan,Upper West Side,40.79804,-73.96135,Entire home/apt,140,30,19,2019-03-03,0.47,12,256
36485057,Affordable room in Bushwick/East Williamsburg,6570630,Marisol,Brooklyn,Bushwick,40.70184,-73.93316999999999,Private room,40,4,0,,,2,36
29550259,Sugar Cove,222430446,JohnP,Manhattan,East Village,40.7229,-73.98698,Private room,89,1,44,2019-07-01,5.59,2,4
19243465,Room in Full Floor East Village Apt!,134613498,Adonis,Manhattan,East Village,40.72715,-73.98623,Private room,120,1,39,2019-06-02,1.65,7,350
22231811,Stylish & Spacious 1BD in Central Harlem!,17430718,Natasha,Manhattan,Harlem,40.81537,-73.94067,Entire home/apt,135,3,21,2019-06-10,1.13,2,75
16423080,Private Studio Apartment close to ferry and subway,15231187,Conor,Brooklyn,Greenpoint,40.73203,-73.95572,Entire home/apt,89,3,69,2019-06-13,2.25,1,0
29513311,Two beds in a spacious Studio!,222249602,Omar,Manhattan,East Harlem,40.78552,-73.94153,Entire home/apt,145,1,30,2019-06-21,3.61,1,144
29705049,"Sunny, Cozy Apt in the Heart of BedStuy for Cheap",82286,Linda,Brooklyn,Bedford-Stuyvesant,40.68615,-73.9356,Entire home/apt,79,3,2,2019-05-09,0.25,1,157
23919286,Comfortable and close to everything!,179789963,William,Manhattan,Midtown,40.74564,-73.98181,Entire home/apt,115,3,3,2018-04-20,0.2,1,0
32570893,Stay in a NYC Historic Site!,13733669,Madeleine,Manhattan,Harlem,40.81134,-73.94097,Private room,59,4,7,2019-04-16,1.59,1,0
14296299,Lovely private suite in charming historic house,4269804,Mollie,Queens,Ridgewood,40.70717,-73.89395,Private room,79,3,13,2018-05-18,0.39,1,64
11906169,Sunny Apartment in Crown Heights,2103550,Anna,Brooklyn,Crown Heights,40.67765,-73.95432,Entire home/apt,200,1,0,,,1,0
34126672,ZEN LIVING RM CLOSE 2 COLUMBIA UNI & CENTRAL PRK!,161061302,Carol,Manhattan,Upper West Side,40.80244,-73.96592,Shared room,50,1,1,2019-05-08,0.48,2,363
21305125,Cozy Basement lounge Apt inCambria Heights,154184894,Mike,Queens,Cambria Heights,40.69358,-73.73,Private room,120,2,0,,,2,0
22342547,3 BR apt on 2nd floor. Close to airport & Shopping,152371030,KerryAnna,Queens,Springfield Gardens,40.66566,-73.76002,Entire home/apt,95,2,44,2019-04-27,2.53,1,190
20210285,ROOM AC WI-FI PARKING CABLE FOR 2,131684478,Mervin (Michael),Staten Island,West Brighton,40.63291,-74.11749,Private room,37,2,25,2018-09-01,1.11,3,306
18110654,Bright and Sunny Brooklyn Sanctuary,9630989,Ernesto,Brooklyn,Bushwick,40.70091,-73.92215,Private room,60,2,113,2019-06-17,4.15,2,3
23237952,"Cozy, private and lovely room at home in Bedstuy",1752807,Nilbia,Brooklyn,Bedford-Stuyvesant,40.69306,-73.94475,Private room,44,3,9,2018-07-04,0.54,2,0
35767582,Modern double bed in large duplex (in Gramercy),7761295,Macha,Manhattan,Gramercy,40.73808,-73.98325,Private room,85,2,0,,,1,12
30015813,Newly renovated house with a rooftop near Downtown,225618164,Sergii,Brooklyn,Gowanus,40.68198,-73.98962,Private room,77,30,0,,,3,365
33909151,"Mi casa es tu casa, habitación 2",241565326,Valentina,Queens,Woodside,40.74351,-73.90405,Private room,44,1,11,2019-07-01,7.67,2,331
23797329,Newly & Comfy Shared room close to Manhattan,178543960,Sergii,Brooklyn,Greenpoint,40.72104,-73.93985,Shared room,35,30,3,2018-08-01,0.19,10,365
14914739,Duplex apartment in the heart of Brooklyn,93699493,Andres&Ine,Brooklyn,Bedford-Stuyvesant,40.68381,-73.94346,Entire home/apt,250,3,41,2019-06-29,1.2,1,30
21268535,Bright Uptown 1 Bed Apt next to 168th Subway A/1,31120110,Maritza,Manhattan,Washington Heights,40.84195,-73.9359,Entire home/apt,95,5,3,2017-12-22,0.15,1,0
7143587,Quiet 1-BR in SoHo; Private Rooftop,37410263,David,Manhattan,SoHo,40.721790000000006,-73.99829,Entire home/apt,159,31,8,2016-09-04,0.17,1,0
978386,"A GEM Garden Apt on Broadway & 42ST QUEENS, NY",5354308,Yiota,Queens,Astoria,40.75751,-73.91678,Entire home/apt,85,2,260,2019-07-03,3.44,1,254
14653831,Private room. Full size bed. 3rd floor. Cooper Sq,29824461,Labib,Manhattan,NoHo,40.726290000000006,-73.99237,Private room,75,2,1,2016-11-27,0.03,1,0
11754456,Amazing 2 BR in SOHO,61391963,Corporate Housing,Manhattan,Greenwich Village,40.72815,-74.00111,Entire home/apt,165,30,7,2019-05-14,0.28,91,142
14779590,Quiet room with loft bed,16300594,Ari,Brooklyn,Williamsburg,40.716,-73.955,Private room,52,5,57,2019-06-25,1.65,3,104
13254260,"One room in beautiful 2BR apartment, Crown Heights",50485365,Paloma,Brooklyn,Crown Heights,40.66741,-73.9522,Private room,36,12,2,2017-12-11,0.09,1,0
16675507,Penthouse w/ private Manhattan skyline view deck!,56735326,Christi,Brooklyn,Greenpoint,40.72347,-73.94039000000001,Entire home/apt,125,3,4,2017-07-05,0.13,1,0
27736749,☆ Manhattan's Retreat - Blocks from Times Square!,209405908,Louis,Manhattan,Hell's Kitchen,40.75655,-73.99535,Private room,90,1,44,2019-07-04,4.07,3,36
7981341,Couch for the Night,42125531,Michelle,Manhattan,Chelsea,40.75091,-73.99414,Shared room,200,1,0,,,1,0
30557569,Convenient East Village Apartment,9047774,Katrina,Manhattan,East Village,40.73009,-73.98884,Entire home/apt,150,4,0,,,1,0
12422777,Large room in 3 bedroom apartment,26819014,Zuri,Brooklyn,Cypress Hills,40.67893,-73.89423000000001,Private room,25,1,0,,,1,0
19655651,Color and Comfort in Prime Brooklyn Location,16872537,Adir,Brooklyn,Crown Heights,40.67025,-73.95009,Entire home/apt,84,6,0,,,1,0
30567047,WELCOME TRAVELERS AND NYC LOVERS!  R/2,229147376,Melly,Brooklyn,Bedford-Stuyvesant,40.6871,-73.95735,Private room,40,15,4,2019-05-25,0.56,11,325
28919815,G1. Private room for 2 guest.,215588687,Levi,Brooklyn,Prospect-Lefferts Gardens,40.66234,-73.94660999999999,Private room,35,2,1,2018-10-06,0.11,6,364
9879216,Stay in a doll factory!,5229579,Ryan,Brooklyn,Williamsburg,40.71811,-73.96222,Private room,69,3,0,,,3,0
35606542,Nicely Orgonized Three Bedrrom Apartment,221200420,Adam,Manhattan,Murray Hill,40.74336,-73.97143,Entire home/apt,350,30,0,,,23,327
34968153,Comfy  Cozy,256485515,Joseph,Brooklyn,Fort Hamilton,40.61822,-74.03538,Private room,55,1,1,2019-06-23,1.0,1,322
29886141,BK Getaway:Private bath/bed/balcony near Barclays!,20321004,Sara,Brooklyn,Clinton Hill,40.68272,-73.96675,Private room,125,1,33,2019-06-24,4.34,1,0
9820308,"Furnished 1 BR, near Times Square",50583919,Samkit,Manhattan,Hell's Kitchen,40.75992,-73.9879,Private room,68,3,1,2016-01-18,0.02,1,0
18311851,Avenue K,126663154,Henrietta,Brooklyn,Canarsie,40.64519,-73.89054,Private room,71,2,2,2019-06-20,0.11,1,364
18264166,10 mins/Airports JFK/LGA/Hosp/malls bus/train# 1,126247863,Seeranie,Queens,Richmond Hill,40.69104,-73.82204,Private room,50,1,102,2019-06-23,4.02,2,354
4863176,Large room in Uptown Manhattan near Cloisters,25015010,Irina,Manhattan,Inwood,40.86648,-73.92754000000001,Entire home/apt,75,1,5,2016-09-01,0.11,1,31
35603885,AMAZING 2 BEDROOM SPTEPS FROM SUBWAY,230403448,Francisco,Brooklyn,Williamsburg,40.71006,-73.95716,Entire home/apt,180,2,0,,,1,260
30708281,"Garden, Exotic  Lounge Apartment",2838058,Annette,Manhattan,Harlem,40.81216,-73.94411,Entire home/apt,165,5,0,,,2,163
10361885,Dreamy Brownstone Brooklyn Duplex,53330133,Deirdre,Brooklyn,Carroll Gardens,40.67905,-74.00089,Entire home/apt,125,21,0,,,1,0
35900875,Private Bedroom en-suite Bathroom - Manhattan,270029540,Aamir,Manhattan,Harlem,40.81561,-73.94823000000001,Private room,99,1,1,2019-06-30,1.0,1,256
22630194,Authentic Brklyn Experience - Room B,156042211,Tia,Brooklyn,Canarsie,40.64838,-73.89834,Private room,40,4,4,2019-03-07,0.23,4,37
19910952,RELAX & UNWIND - Classy Unique HOUSE for 9 People,99202586,Thelma,Staten Island,Randall Manor,40.62967,-74.1285,Entire home/apt,135,2,21,2019-05-26,0.88,5,354
6399885,Beautiful 2bdroom apartmnt,33368633,John,Queens,Forest Hills,40.72391,-73.84407,Entire home/apt,168,3,133,2019-06-07,2.64,2,336
19915204,BRIGHT LUXURIOUS MASTER BEDROOM,139357580,Shuly,Queens,Ditmars Steinway,40.77295,-73.90512,Private room,59,1,100,2019-06-23,4.19,8,342
21588023,Seasonal Beautiful Exposed Brick Brownstone,134946389,Giovanni,Brooklyn,Bedford-Stuyvesant,40.68471,-73.93885,Private room,50,2,12,2019-06-21,0.61,5,10
7748422,Great 4 Fl walk up studio apt w/den,1353426,Katie,Brooklyn,Clinton Hill,40.68202,-73.96273000000001,Entire home/apt,145,3,2,2018-09-24,0.06,1,0
19242821,1 bedroom apt,134438985,Andrea,Queens,Astoria,40.76473,-73.91183000000001,Entire home/apt,199,1,5,2017-12-17,0.23,1,0
14218795,Spacious 1BR with amazing rooftop,1815738,Emily,Manhattan,Financial District,40.70741,-74.0054,Entire home/apt,238,1,0,,,1,0
24244796,ARTIST LOFT ON HISTORIC TRENDY BLOCK IN SOHO,70091196,Frances,Manhattan,Nolita,40.72402,-73.99452,Entire home/apt,199,2,53,2019-07-04,4.02,1,99
30910712,[New] Manhattan-Hell's Kitchen Private Studio,231003106,Joe,Manhattan,Hell's Kitchen,40.76428,-73.98988,Entire home/apt,125,2,22,2019-06-23,3.55,1,230
26190559,Lapp House,196838948,Daniel,Queens,Kew Gardens Hills,40.72079,-73.82263,Entire home/apt,160,3,0,,,1,0
36105777,Nice central bushwick room with backyard,114413305,Bryant,Brooklyn,Bushwick,40.6949,-73.90954,Private room,45,1,1,2019-07-07,1.0,1,30
27934562,Shared Apt w/ Young professionals - Fast WiFi,154981576,Bedly Bushwick,Brooklyn,Bushwick,40.69985,-73.91195,Private room,38,30,0,,,9,43
36029624,Lovely Two Bedroom Next to Central Park,218969291,Danielle,Manhattan,Upper West Side,40.78635,-73.97636,Entire home/apt,279,5,2,2019-07-02,2.0,1,346
16330110,Stylish & Spacious Apartment,105075484,Bertus,Brooklyn,Canarsie,40.6315,-73.90760999999999,Entire home/apt,117,2,88,2019-06-21,2.85,1,349
6940108,Classic Upper East Side 1 Bed (king bed) Apt,13031379,Esther,Manhattan,Upper East Side,40.77252,-73.9556,Entire home/apt,140,2,57,2019-06-16,1.18,1,0
34510977,"Hip, lofty apt in historic townhouse w backyard",831185,Andrew,Brooklyn,Crown Heights,40.67958,-73.96226999999999,Entire home/apt,305,2,1,2019-06-24,1.0,3,179
6449002,SoHo/Greenwich Village 1BR Apt,11179499,Jeffrey,Manhattan,Greenwich Village,40.72846,-74.00113,Entire home/apt,180,3,2,2015-05-31,0.04,1,0
36417651,Mid-century Modern Studio on UWS,11270687,Lauren,Manhattan,Upper West Side,40.79873,-73.96938,Entire home/apt,150,2,0,,,1,74
29381786,La Cabina al Mare,25059454,Luca,Queens,Rockaway Beach,40.58409,-73.81665,Entire home/apt,65,2,13,2019-07-06,1.54,1,73
30908416,Sunny Greenpoint Apartment 5 Min Walk To Nassau G,25812202,Leah,Brooklyn,Greenpoint,40.72554,-73.94781,Private room,45,14,2,2019-06-25,0.32,1,21
7982304,Brooklyn townhouse-2 floors..,27712561,Richard,Brooklyn,Gowanus,40.6834,-73.98549,Entire home/apt,150,3,0,,,1,0
9026485,Luxury Studio Apt in NYC Financial District!,30283594,Kara,Manhattan,Financial District,40.70776,-74.01514,Entire home/apt,169,30,2,2016-06-28,0.05,121,364
23820164,The Spark Spot,3654624,Jasmaine,Brooklyn,Bedford-Stuyvesant,40.680890000000005,-73.91112,Entire home/apt,85,5,28,2019-06-25,2.28,1,32
33689283,1 & 1/2 Bd Garden apt around corner from river,253940417,Alourdes,Manhattan,Washington Heights,40.83591,-73.94586,Entire home/apt,180,5,0,,,1,83
17840284,Great Washington Heights Private Bedroom in a 4 BR,122028274,Markus,Manhattan,Washington Heights,40.84545,-73.93809,Private room,47,3,4,2018-08-13,0.16,1,0
30283940,Charming Studio in Manhattan - Great location!,128721938,Livia,Manhattan,Kips Bay,40.7425,-73.97704,Entire home/apt,250,3,1,2019-01-01,0.16,1,0
26099303,Heart of South Williamsburg,27966935,Lara,Brooklyn,Williamsburg,40.71033,-73.9647,Private room,100,28,20,2019-05-31,1.62,1,309
29660984,charming Bedroom in a quite neighborhood,221751961,Maya,Staten Island,Oakwood,40.56028,-74.10678,Private room,46,1,4,2019-01-19,0.51,1,0
21813814,Cute and convenient WB apartment,158997467,Thomas,Brooklyn,Williamsburg,40.70966,-73.95666999999999,Private room,75,2,41,2018-10-29,2.11,2,0
17731891,New 2 BDR apt/great location/20 mins to Manhattan,120725189,Svetlana,Brooklyn,Bath Beach,40.60353,-74.01599,Entire home/apt,180,3,46,2019-07-02,1.68,1,334
10307009,Great UES apt with outdoor space,12518470,Norman,Manhattan,Upper East Side,40.78162,-73.9475,Shared room,125,1,6,2019-05-19,0.15,1,365
32195520,Cozy Apartment in long island city /Astoria,241583701,Alejandro,Queens,Long Island City,40.75331,-73.92454000000001,Entire home/apt,140,7,4,2019-05-21,0.85,1,35
18782064,STUDIO ON WEST 56TH COLUMBUS CIRCLE~DOORMAN,2856748,Ruchi,Manhattan,Hell's Kitchen,40.76617,-73.98445,Entire home/apt,184,30,0,,,49,364
19566229,法拉盛(Flushing)独立出入Basement套房出租｡2房1卫 2Rooms/1Bath,137129564,Bing,Queens,Flushing,40.75388,-73.81560999999999,Private room,54,1,70,2019-07-01,2.86,4,85
8458863,"Spacious Studio, Upper East Side",44086736,Darren,Manhattan,Upper East Side,40.78465,-73.94914,Entire home/apt,100,1,7,2016-12-26,0.2,1,0
21139003,"Spacious, Beautiful, 1 or 2 BR in Cobble Hill",152505727,Jack,Brooklyn,Columbia St,40.68787,-74.00036999999999,Entire home/apt,150,15,5,2019-06-30,0.25,1,105
13686914,Murray Hill/Midtown East Flex Bedroom,28250527,Elisa,Manhattan,Midtown,40.75257,-73.97148,Private room,65,1,0,,,1,0
24464665,Spacious private bedroom with high ceilings,28046572,Dier,Brooklyn,Bedford-Stuyvesant,40.68869,-73.93449,Private room,35,20,1,2018-07-16,0.08,1,0
12472883,Private room in apt,12114372,Kaylin,Manhattan,Gramercy,40.73631,-73.98525,Private room,150,7,0,,,1,0
1327940,Huge Gorgeous Park View Apartment!,3290436,Hadar,Brooklyn,Flatbush,40.65335,-73.96257,Entire home/apt,120,3,13,2016-08-27,0.28,2,327
13173263,Massive Bedroom Prime Flatiron Location,6652697,Austen,Manhattan,Chelsea,40.73769,-73.99025999999999,Private room,350,30,0,,,1,365
4629599,Coozy Room In Park Slope.,22503794,Shawn,Brooklyn,South Slope,40.66238,-73.98456999999999,Private room,95,1,2,2015-08-08,0.04,1,364
5804184,Dreamy belltower room in huge loft,30112106,John,Brooklyn,Bushwick,40.70033,-73.93964,Private room,45,6,13,2019-06-23,0.25,1,0
7801783,Private 2 Bedroom Apartment in the East Village,2033003,Darren,Manhattan,East Village,40.72935,-73.98465,Entire home/apt,200,2,6,2019-04-08,0.13,2,134
21298561,4 Bdrm Loft in East Williamsburg with Projector!,130667097,Paul,Brooklyn,Williamsburg,40.705290000000005,-73.9331,Entire home/apt,300,1,1,2019-03-17,0.26,2,347
9540193,Washington Heights 1 bedroom beauty,49412548,Laiona,Manhattan,Washington Heights,40.84335,-73.94059,Entire home/apt,85,1,28,2019-05-25,0.65,1,27
18286232,NEW PENTHOUSE W/ HUGE PRIVATE ROOFTOP EAST VILLAGE,18167404,Andy,Manhattan,East Village,40.7242,-73.97776999999999,Private room,150,1,0,,,1,0
21241829,Spacious 1BD in Greenwich Village/Union Square,78414842,Alexander,Manhattan,Greenwich Village,40.73393,-73.99306,Private room,200,3,9,2019-01-01,0.43,1,0
18616217,"Local West Village, Manhattan Apartment",22204359,Abel,Manhattan,West Village,40.73369,-74.00534,Entire home/apt,199,4,24,2019-06-28,0.95,1,35
30810353,"Lovely Room, Midtown Manhattan!",204160428,Cristian,Manhattan,Hell's Kitchen,40.75934,-73.99563,Private room,160,3,30,2019-06-22,4.71,3,73
28867326,Beuty full bedroom,65827591,Nubia,Queens,Maspeth,40.73661,-73.90021,Private room,31,2,6,2019-01-06,0.65,3,259
31099999,SIMPLEHOME,137302318,Alona,Queens,Long Island City,40.75606,-73.93234,Entire home/apt,93,1,16,2019-06-26,2.45,2,181
2485482,Boutique Apt. NYC  by  24 HR Metro,12718658,Ray,Queens,Jackson Heights,40.75484,-73.8764,Shared room,75,2,0,,,1,0
23222310,Awesome cozy bedroom in hip area,30940393,Sarah,Brooklyn,Bushwick,40.68901,-73.90768,Private room,43,2,39,2018-12-27,2.31,2,0
2931595,Light filled SoHo walk-up,846521,James,Manhattan,SoHo,40.7241,-74.0042,Entire home/apt,250,2,18,2019-06-30,1.83,1,9
15956155,Only 15 minutes from Manhattan,103605111,Yukiko,Queens,Woodside,40.74381,-73.89726,Private room,45,2,36,2019-06-26,1.13,1,52
6380118,Brooklyn artist apartment,6645134,May,Brooklyn,Bushwick,40.70104,-73.91813,Private room,42,3,5,2017-08-20,0.1,1,298
30392874,Crisp 1BR near Times Square w/ Indoor pool + Gym by Blueground,107434423,Blueground,Manhattan,Theater District,40.75963,-73.98595,Entire home/apt,316,30,0,,,232,262
31130,Most Central Location!,117287,Lara,Manhattan,Hell's Kitchen,40.76754,-73.98399,Private room,130,2,50,2019-05-26,0.45,3,234
35972860,Brooklyn family apartment,16056444,Charlotte,Brooklyn,Greenpoint,40.72229,-73.94846,Entire home/apt,128,30,0,,,1,312
35898731,#4 Hotel-Like LOFT Private Room KING bed near JFK,263504959,David,Queens,Woodhaven,40.69311,-73.86525999999999,Private room,50,1,4,2019-07-07,4.0,8,283
9152795,Studio Bedroom Apt in Williamsburg,1443812,Luciana,Brooklyn,Williamsburg,40.71083,-73.96401,Entire home/apt,120,3,184,2019-06-27,4.1,2,262
34938166,(C) Private Single Room Twin LGA JFK Manhattan 15m,263053182,Fmny,Queens,Rego Park,40.7274,-73.86537,Private room,55,1,0,,,10,95
31838338,"ingefära hus! Two bedroom apt in Williamsburg, BK",179679,Ginger,Brooklyn,Williamsburg,40.71144,-73.95576,Entire home/apt,175,2,4,2019-05-19,0.99,3,14
22107368,Entire Apartment Available in Astoria,103170539,Lalit,Queens,Astoria,40.768240000000006,-73.91135,Private room,29,5,11,2018-06-15,0.59,1,156
12916138,2 Bedrooms by Central Park & Trains,70828773,Nick,Manhattan,East Harlem,40.79617,-73.94735,Entire home/apt,179,1,1,2016-05-23,0.03,1,0
20548717,A private bedroom in the heart of Manhattan,100836839,Elizabeth,Manhattan,Midtown,40.74983,-73.98646,Private room,70,5,1,2017-09-27,0.05,1,0
5525510,Cozy Bohemian Room in New York City,23086547,Arya,Manhattan,Chinatown,40.71705,-73.99668,Private room,62,6,62,2019-06-23,1.27,1,317
34338645,MASSIVE zen garden Master BR in Chelsea,233270180,Sam,Manhattan,Chelsea,40.74386,-73.99344,Private room,85,30,1,2019-05-07,0.48,1,69
11206278,Awesome bdrm+office+lvnroom in design Apart in LES,15231059,Apollo,Manhattan,Lower East Side,40.72003,-73.98646,Private room,200,3,8,2019-06-13,0.21,4,333
2904571,Carroll Gardens Brooklyn Apartment ,6789600,Derek,Brooklyn,Carroll Gardens,40.67786,-73.99871,Entire home/apt,149,6,2,2015-08-07,0.04,1,0
30892041,Park Slope / Spacious and Comfy / Perfect Location,4631381,Merve,Brooklyn,Park Slope,40.67801,-73.97951,Entire home/apt,220,20,0,,,1,24
12113879,"Sunny, Large West Village 1 BR Near Everything",5300585,,Manhattan,Chelsea,40.73949,-73.99801,Entire home/apt,220,4,81,2019-07-02,2.11,1,217
36262579,Amazing bedroom with Backyard close to Manhattan,242573463,Filipe,Brooklyn,Bedford-Stuyvesant,40.69576,-73.94314,Private room,77,2,0,,,7,153
27701535,Place for sleeping and exploring NYC,209121939,Linda,Manhattan,Harlem,40.82005,-73.93949,Private room,65,1,21,2019-06-17,1.94,2,58
24777719,Cosy Room in Bushwick Collective Near JMZ Trains,27163168,Hanna,Brooklyn,Bushwick,40.69639,-73.93245999999999,Private room,50,3,1,2018-05-08,0.07,1,0
7385651,Sunny apartment in the heart of LIC,25705189,Greta,Queens,Long Island City,40.74364,-73.95392,Entire home/apt,100,5,0,,,1,0
19503971,"Breakfast and a Cozy Room, 30 Seconds From Train",5751765,CK & Tia,Manhattan,East Harlem,40.79956,-73.94113,Private room,82,2,93,2019-06-21,3.9,2,323
10104123,East Village Bedroom w/Roof Deck,51850937,Joe,Manhattan,East Village,40.73061,-73.98335,Private room,100,2,51,2019-07-02,1.19,3,4
21661292,Brownstone 1BR Apt in the heart of Park Slope,9678658,Emily,Brooklyn,Park Slope,40.67441,-73.97614,Entire home/apt,160,4,7,2018-11-25,0.36,1,0
16580,"Sunny, Modern room in East Village!",64442,Reka,Manhattan,East Village,40.726490000000005,-73.97904,Private room,80,1,338,2019-07-01,4.72,2,72
17611001,Gorgeous bedroom 8mins-JFK&the mall,55125246,Yvonne,Queens,Jamaica,40.68787,-73.78843,Private room,80,1,129,2019-06-23,5.19,3,180
19475130,Private Bedroom in a Prewar Brownstone,136646834,Val,Manhattan,Washington Heights,40.83587,-73.93734,Private room,28,2,19,2018-01-17,0.78,1,0
4887638,"Sunnyside, New York - Stay and get connected",25145883,Sp,Queens,Sunnyside,40.74461,-73.91514000000001,Private room,40,2,2,2019-06-29,2.0,1,5
16613747,"Sunny, Clean, Nice bedroom available in Bushwick",29096,Jonathan,Brooklyn,Bushwick,40.70677,-73.92043000000001,Private room,65,3,91,2019-06-23,3.5,1,294
20734,Spacious Prospect Heights Apartment,78460,Sean & Lynette,Brooklyn,Prospect Heights,40.68233,-73.97261,Entire home/apt,131,4,166,2019-06-27,3.4,1,207
13098705,Big & Beautiful 1-BR w/Private Backyard,14865754,Jerrell,Manhattan,Harlem,40.818290000000005,-73.94686,Entire home/apt,175,2,34,2019-06-19,0.98,1,75
29367125,Woodruffe Place,221252894,Deslyn,Brooklyn,Crown Heights,40.67253,-73.9223,Entire home/apt,225,1,27,2019-07-05,3.36,1,339
24014159,"Central Brooklyn Beautiful Rooms
Room Cozy
#2",167098774,Keisha,Brooklyn,Canarsie,40.63757,-73.89205,Private room,55,2,27,2019-05-06,1.74,3,362
21023888,Almost a Hotel Room // Cozy Private Room,6378149,Laurel,Brooklyn,Bushwick,40.69835,-73.91644000000001,Private room,50,2,57,2019-06-23,2.68,3,18
27296868,East 39th Street Furnished Studio,200380610,Pranjal,Manhattan,Murray Hill,40.74688,-73.97341999999999,Entire home/apt,180,30,0,,,65,364
14616367,"Gem of Brooklyn, 3 bedroom private condo",14433834,Gary,Brooklyn,Crown Heights,40.67228,-73.92707,Entire home/apt,250,4,61,2019-07-02,1.89,1,324
35497792,Chelsea room near Highline,267068278,Sara,Manhattan,Chelsea,40.747040000000005,-74.00239,Private room,105,1,1,2019-06-30,1.0,1,21
495348,Classic Brooklyn Brownstone,2389885,Megan,Brooklyn,Fort Greene,40.69011,-73.97691,Entire home/apt,160,4,2,2013-03-31,0.03,2,34
24620408,"Perfect Location, surrounded with all your need",186059643,Night,Queens,Ridgewood,40.70022,-73.90025,Entire home/apt,200,2,38,2019-06-23,2.73,1,363
28410723,Entire Apartment in Greenwood,108902280,Guadalupe,Brooklyn,Sunset Park,40.659290000000006,-73.99441,Entire home/apt,59,2,26,2019-06-23,2.63,1,173
31866810,Brooklyn Best Location! Granite Prospect! Doorman!,236671534,Eva,Brooklyn,Brooklyn Heights,40.69653,-73.99540999999999,Entire home/apt,75,3,1,2019-02-20,0.21,1,94
32641909,Amazing One bedroom step away from Time SQ/73C,48146336,Irina,Manhattan,Hell's Kitchen,40.76237,-73.99202,Entire home/apt,160,30,1,2019-05-18,0.58,20,332
34148267,"Stunning Private Apt, Perfect Location Premium Bed",14552154,Leslie,Manhattan,Midtown,40.74411,-73.98209,Entire home/apt,239,3,5,2019-06-28,2.5,4,319
9806634,Cozy room in sweet East Village Apt!,4765305,Haffro,Manhattan,East Village,40.72288,-73.98454,Private room,72,1,3,2019-06-24,0.08,4,201
28204876,Private modern studio suite with private bathroom,118410907,Sophia,Brooklyn,Bensonhurst,40.60644,-73.99135,Entire home/apt,88,1,39,2019-07-03,3.77,1,362
34443679,The Logan’s Oasis - 8 min. to JFK & 20 min. to LGA,260009677,Heather,Queens,Jamaica,40.69242,-73.79673000000001,Entire home/apt,90,2,14,2019-07-06,7.92,1,354
13077317,"East 29th Street, Luxury Studio in NOMAD",22541573,Ken,Manhattan,Midtown,40.74426,-73.98535,Entire home/apt,192,30,0,,,87,334
15972733,Cozy Private Bedroom in the Lower East Side,40639815,Carolina,Manhattan,Lower East Side,40.71953,-73.98364000000001,Private room,75,8,0,,,1,0
18222359,LIVE BROOKLYN! Private 1 BR APT - 5 min to Subway,120804342,David,Brooklyn,Bedford-Stuyvesant,40.6946,-73.94429000000001,Entire home/apt,109,2,112,2019-07-05,4.22,2,258
16023497,Huge Duplex in the Heart of Brownstone Brooklyn,1447642,Chana,Brooklyn,Gowanus,40.68309,-73.98529,Entire home/apt,340,3,12,2019-07-03,0.4,1,63
18225912,"Fresh, bright modern studio w/ Garage Parking",3656008,Ivanna,Queens,Flushing,40.7447,-73.82497,Entire home/apt,99,3,95,2019-05-31,3.52,1,63
4178152,"Modern Private Entrance Bedroom, Nr A/C Subways",17462748,Steven,Brooklyn,Crown Heights,40.675990000000006,-73.93995,Private room,77,5,108,2019-06-28,2.14,5,129
31711813,法拉盛花园独立屋Entire 3beds+Park mins go JFK Airport/NYC,44093954,Susan,Queens,Whitestone,40.78236,-73.82092,Entire home/apt,140,1,9,2019-06-07,1.64,1,204
33745550,Midtown West Hotel - Empire Triple Room,252604696,Erin,Manhattan,Chelsea,40.75094,-73.99662,Private room,199,1,1,2019-05-19,0.58,20,160
29850004,NOLITA apartment w doorman,224498087,Sibel,Manhattan,Nolita,40.72361,-73.99301,Entire home/apt,130,7,0,,,1,0
12990926,Cozy private bedroom close to Manhattan,2736755,Marian,Queens,Astoria,40.7691,-73.91994,Private room,63,7,1,2017-01-02,0.03,2,0
34350718,cute comfortable & furnished heart of times square,207795404,Ros,Manhattan,Hell's Kitchen,40.75966,-73.98928000000001,Entire home/apt,141,30,0,,,2,115
21982177,Gramercy Park Pied à Terre,6587683,Angele,Manhattan,Gramercy,40.73716,-73.98835,Entire home/apt,150,2,21,2019-06-26,1.1,1,1
19317002,Quiet Sunny Studio in Roosevelt Island,21383358,Zheliang,Manhattan,Roosevelt Island,40.76119,-73.94914,Entire home/apt,70,5,3,2018-07-01,0.12,1,0
13018125,AMAZING CENTRAL MANHATTAN 1 BED W/BALCONY FITS 4!,10797290,Caroline,Manhattan,Chelsea,40.744690000000006,-73.99858,Entire home/apt,225,1,32,2019-01-01,0.87,1,0
27989781,Charming room in upper Manhattan,12358203,Rachel Leigh,Manhattan,Harlem,40.82867,-73.94561,Private room,80,1,28,2019-06-27,2.78,2,5
2652865,Classic Upper West Side Getaway!,9951993,Jason,Manhattan,Upper West Side,40.79592,-73.97024,Entire home/apt,159,2,1,2017-11-20,0.05,1,0
10257476,Private Room in Artsy Home - Heart of Manhattan,5903619,Kimberly,Manhattan,Hell's Kitchen,40.76464,-73.99403000000001,Private room,125,1,45,2019-06-29,1.13,1,322
19760008,Your Home by the Park,44358777,Peter A.,Manhattan,Upper West Side,40.79874,-73.9599,Private room,67,2,5,2017-09-07,0.21,1,0
16821,Large Room in Amazing East Village Apt,4396,Casey,Manhattan,East Village,40.72298,-73.98474,Private room,99,1,106,2019-06-21,1.26,2,336
7632166,1 private bedroom in cozy Apartment in Brooklyn,4596309,Daphne,Brooklyn,Bedford-Stuyvesant,40.68317,-73.91431999999999,Private room,40,3,3,2016-09-12,0.07,1,0
23926896,Bright & airy uptown sanctuary,5371388,Ashley,Manhattan,Inwood,40.86816,-73.93131,Entire home/apt,100,1,3,2019-06-16,0.22,1,5
28759034,Large quiet private studio in East Harlem,196536266,Saki,Manhattan,East Harlem,40.80141,-73.93814,Entire home/apt,75,7,3,2018-11-23,0.32,1,161
11981509,COLUMBIA PRESBYTERIAN MED CTR *ARIA* 1 Bedroom Apt,25237492,Juliana,Manhattan,Washington Heights,40.84216,-73.94100999999999,Entire home/apt,95,30,7,2018-02-04,0.19,34,322
13956613,The Griffin B & B- 2 bedroom suite in Ditmas Park,24424456,Jeannine,Brooklyn,Flatbush,40.63273,-73.96385,Entire home/apt,200,2,10,2019-07-01,0.91,1,167
20970017,The Real B&B Home,89715420,J. Beverly,Brooklyn,Canarsie,40.64399,-73.89315,Entire home/apt,85,7,11,2018-09-22,0.64,1,1
33313341,Spectacular apartment in Astoria near everywhere,151780315,Jose,Queens,Ditmars Steinway,40.78096,-73.91282,Private room,70,2,0,,,1,0
35195915,Chelsea HIGHLINE Prime Location,244131674,Alexis,Manhattan,Chelsea,40.749,-74.00244,Entire home/apt,300,2,3,2019-07-07,3.0,1,365
33666721,ALEX SPACE #5,252819295,Alex,Queens,Richmond Hill,40.694390000000006,-73.83243,Shared room,58,1,12,2019-07-02,4.14,1,180
5624807,"Luxury 2BR, Prime Location, 20 Min to Manhattan",15775091,Asaf,Brooklyn,Crown Heights,40.67051,-73.95851,Entire home/apt,180,2,2,2017-06-11,0.07,1,0
3867293,Breathtaking Penthouse Skyline Room & 20min to NYC,18260299,Ota,Brooklyn,Bushwick,40.69349,-73.90726,Private room,50,4,3,2019-01-09,0.06,6,79
12733742,Cozy room in Manhattan Morningside,69243005,Jen,Manhattan,Harlem,40.82555,-73.95159,Private room,45,3,1,2016-06-14,0.03,2,0
17231011,Clean 1br w/Parking Incl.  also 10min near JFK/LGA,116056294,Kabak,Queens,Rego Park,40.73048,-73.85331,Private room,50,1,34,2019-07-06,1.17,1,347
34997345,Cozy 2Bed in the Heart of East Village!,263545490,Grace,Manhattan,East Village,40.725,-73.97903000000001,Entire home/apt,320,3,3,2019-06-30,3.0,1,0
4639451,Comfortable Greenpoint Bedroom,24020898,Rebekah,Brooklyn,Greenpoint,40.724990000000005,-73.94481,Private room,55,6,0,,,1,0
1115381,Private Room & Balcony in New York,6121678,Kamala,Brooklyn,Park Slope,40.67771,-73.98151999999999,Private room,85,2,1,2015-09-12,0.02,1,0
1534212,Great  studio with 2 rooms and kitchen,7365834,Alex,Brooklyn,Sheepshead Bay,40.58426,-73.95949,Entire home/apt,99,3,66,2019-05-27,1.05,5,365
3851623,"Convenient, Greenwich/West Village Apartment",1582736,Pam,Manhattan,Greenwich Village,40.7338,-73.99498,Entire home/apt,200,5,7,2019-01-05,0.18,1,0
19362079,Garden Apartment in Carroll Gardens Townhouse,76854135,Sarah,Brooklyn,Carroll Gardens,40.67811,-74.00102,Entire home/apt,160,2,52,2019-06-20,2.16,1,9
16772578,Cozy sunny NYC/BK view,87690038,Wesly/Jessica,Brooklyn,Crown Heights,40.67356,-73.9321,Private room,52,2,101,2019-06-24,3.4,4,329
31677547,NEW Williamsburg Gardens Large Room Private Bath,86604612,Janet,Brooklyn,Williamsburg,40.70624,-73.9508,Private room,75,2,3,2019-06-22,0.74,1,0
30387960,"Ideal Chelsea Studio w/ Balcony, Doorman + Gym by Blueground",107434423,Blueground,Manhattan,Chelsea,40.73899,-73.99749,Entire home/apt,291,30,0,,,232,320
16499274,Two bedroom apt in Williamsburg,13924244,Steven,Brooklyn,Williamsburg,40.71281,-73.94246,Entire home/apt,100,4,48,2019-05-14,2.16,1,6
4849266,Room for rent in Sheepshead bay,24950473,Dasha,Brooklyn,Sheepshead Bay,40.584140000000005,-73.95489,Private room,50,2,0,,,1,0
28014842,1BR Central park apartment with lots of sunshine!,137358866,Kazuya,Manhattan,East Harlem,40.79422,-73.94421,Entire home/apt,76,30,3,2019-03-31,0.36,103,219
28307159,Queens Palace,129038733,George & Kevin,Queens,Ditmars Steinway,40.77658,-73.90344,Entire home/apt,100,3,12,2018-12-30,1.21,1,0
31982293,Brightly Artsy 1 Bedroom next to Pratt Institute,720974,Seble,Brooklyn,Bedford-Stuyvesant,40.6895,-73.95886,Entire home/apt,120,4,13,2019-07-07,3.28,1,13
35062818,UES loft near hospitals,16259898,Moni,Manhattan,Upper East Side,40.763290000000005,-73.96235,Entire home/apt,250,7,0,,,1,11
1360791,Renovated Big Private Room # 3,2712353,Masud,Brooklyn,Cypress Hills,40.68822,-73.8759,Private room,40,28,91,2019-06-24,1.25,4,325
3920562,Large & Beautiful Manhattan NYC,16715941,Ian,Manhattan,East Harlem,40.79882,-73.94266,Private room,90,1,295,2019-06-27,4.99,2,155
2297147,Gorgeous 1400 Sq Ft Artist's Loft,10674441,Annie,Brooklyn,Bedford-Stuyvesant,40.693290000000005,-73.95607,Private room,75,3,5,2019-01-27,0.08,2,334
763600,"Private 2BR / East Williamsburg, Bk",3891399,Anthony,Brooklyn,Williamsburg,40.70369,-73.93284,Private room,75,3,2,2014-11-03,0.03,1,0
28532378,Gem,156505456,John,Brooklyn,East New York,40.66676,-73.87420999999999,Private room,40,3,9,2019-06-07,0.95,13,180
35726476,Queen Sized Bedroom with Frontal Ocean View,26935419,Nikki,Brooklyn,Brighton Beach,40.5771,-73.96499,Private room,120,1,0,,,1,252
8239352,Private Room 12x12 close to manhattan,43449898,Ashley,Queens,Maspeth,40.72194,-73.91138000000001,Private room,59,1,85,2019-06-30,1.85,1,176
28668879,Lefferts Garden! Real Brooklyn flavor!,330123,Nicole And Adrian,Brooklyn,Flatbush,40.65458,-73.95676999999999,Entire home/apt,80,5,3,2018-10-25,0.33,1,0
19980048,Sun soaked apartment in the Friends Building,15200154,Casey,Manhattan,West Village,40.73275,-74.006,Entire home/apt,350,2,2,2017-08-13,0.09,1,0
27658203,Sunny Room in Sunset Park Industry City Brooklyn,195517789,Patricia,Brooklyn,Sunset Park,40.65092,-74.00489,Private room,50,3,39,2019-07-02,3.79,2,300
5313584,"Large Sunny Room, Crown Heights, BK",1747467,Kristina,Brooklyn,Crown Heights,40.67464,-73.95735,Private room,52,1,0,,,1,0
461050,Perfect Bedford L Williamsburg Location!,2286224,Sarah,Brooklyn,Williamsburg,40.71613,-73.95837,Entire home/apt,200,3,17,2016-05-12,0.2,1,67
24555741,"New York Room, Beautiful Upper West Side",185514817,Allison,Manhattan,Upper West Side,40.79856,-73.97174,Private room,55,5,2,2018-05-21,0.14,1,0
4623771,Bright + Cheerful Apt- the Real NYC,23267314,Millie,Manhattan,East Harlem,40.79127,-73.94431,Entire home/apt,147,2,45,2019-05-15,0.92,2,154
30423106,Lou's Palace-So much for so little,228415932,Louann,Queens,Rosedale,40.65417,-73.74158,Private room,45,1,37,2019-07-08,20.94,1,134
34370061,Your New York Retreat next to Times Square,259087876,Dennis,Manhattan,Theater District,40.75861,-73.98231,Private room,200,1,5,2019-06-06,2.42,7,51
19661183,Manhattan Skyline & Freedom Tower View,6484652,Una,Brooklyn,South Slope,40.66388,-73.98786,Private room,88,2,25,2018-10-14,1.04,2,0
33151516,Best Hood in NYC. Private Bedroom in ASTORIA!!,1852219,Douglas And Juthamas,Queens,Astoria,40.7718,-73.91942,Private room,62,2,16,2019-06-23,4.53,1,313
5238,Cute & Cozy Lower East Side 1 bdrm,7549,Ben,Manhattan,Chinatown,40.713440000000006,-73.99037,Entire home/apt,150,1,160,2019-06-09,1.33,4,188
12188721,"Cozy room in bushwick, Brooklyn",517866,Jose,Brooklyn,Bushwick,40.69021,-73.91019,Private room,80,3,0,,,1,83
34316575,#4 ROOM 4FAMILY (4 guests) Train 3 Kingston Ave,256235740,Levi,Brooklyn,Crown Heights,40.66878,-73.93888000000001,Shared room,45,2,0,,,3,365
29383018,"Comfort room A in upper west side NY, Columbia",221355351,James,Manhattan,Morningside Heights,40.81548,-73.95931,Private room,80,1,38,2019-06-22,4.4,4,57
8013498,Huge Studio! Prime Harlem! Clean!,42309351,Lyuba,Manhattan,Harlem,40.82987,-73.94625,Entire home/apt,77,15,2,2015-10-12,0.04,1,0
25857843,Coney Island / Brighton Beach Private rm duplex,75671801,Lucky,Brooklyn,Brighton Beach,40.57941,-73.975,Private room,75,1,12,2019-06-30,1.03,1,90
19691525,Small room in Historical home on Staten Island,128338539,Reuben,Staten Island,Stapleton,40.631440000000005,-74.07913,Private room,34,1,11,2019-04-19,0.65,4,78
18789421,Peace in Brooklyn,130774685,Edmund,Brooklyn,Bedford-Stuyvesant,40.68843,-73.92536,Entire home/apt,125,3,96,2019-07-02,3.87,1,1
16368541,1st Floor room available in 3 br 2bath Apt,6202020,Nikolas,Queens,Astoria,40.76875,-73.92769,Private room,119,1,0,,,1,0
27551619,Spacious room with private bathroom,39285391,Siham,Brooklyn,Bedford-Stuyvesant,40.68592,-73.92331,Private room,65,1,56,2019-06-23,5.27,2,49
6492864,Private Artisitic Room East Village,1480124,Goldwyn,Manhattan,East Village,40.72174,-73.98418000000001,Private room,82,3,11,2015-09-26,0.23,1,0
9832882,Greenwich Village 2BR family apt.,50640005,Gwendollyn,Manhattan,Greenwich Village,40.73393,-73.9982,Entire home/apt,250,2,0,,,1,0
14991,"Great Location, Manhattan Bedroom!",59023,Bianca,Manhattan,Lower East Side,40.72004,-73.99104,Private room,110,5,19,2019-05-18,0.17,1,301
18240743,Private Room in Staten Island + Walk-In Closet. #1,72603148,Faye,Staten Island,Stapleton,40.63457,-74.07817,Private room,65,1,56,2019-07-07,2.09,3,351
30734277,Large Full Bedroom in an Awesome Huge Artist Loft,501456,Aaron,Brooklyn,Greenpoint,40.73448,-73.95716,Private room,70,3,0,,,4,4
24156857,BEAUTIFULLY DESIGNED 2BD Brooklyn Apt +GREAT VIEWS,3156480,Margaret,Brooklyn,Boerum Hill,40.686690000000006,-73.98498000000001,Entire home/apt,172,5,4,2019-01-03,0.27,1,0
31313153,small room in Manhattan. Close to major nyc sites,37280441,Mary,Manhattan,Morningside Heights,40.81053,-73.96123,Private room,53,1,1,2019-01-09,0.17,2,0
10409669,Cool Large Room In 3 Min From Manhattan,35421139,Shaun,Queens,Long Island City,40.7457,-73.94497,Private room,65,4,38,2019-06-30,0.93,1,12
3569374,"Lovely 1BR Park Slope, near trains!",1673750,Valerie,Brooklyn,Park Slope,40.66617,-73.97593,Entire home/apt,230,2,7,2016-01-02,0.15,1,0
11371974,1 bedroom Apt in Prospect Heights,32974295,Jacqueline,Brooklyn,Prospect Heights,40.67893,-73.97068,Entire home/apt,70,1,0,,,1,0
34626927,1976 Chris Craft “Hudson”,14564591,Gina,Queens,Arverne,40.59495,-73.78869,Entire home/apt,130,1,5,2019-07-07,5.0,1,350
9735931,Private room in spacious apartment,6501582,Gaia,Brooklyn,Crown Heights,40.67693,-73.93234,Private room,50,7,11,2019-05-12,0.26,1,0
20188527,Quiet light-filled bedroom in the heart of Astoria,2994103,Sara,Queens,Ditmars Steinway,40.776140000000005,-73.91324,Private room,75,2,2,2017-10-28,0.1,1,0
6884147,Bedroom with huge windows and space,36072139,Hyun Na,Brooklyn,Bushwick,40.69296,-73.9242,Private room,50,1,0,,,1,0
33656304,"Smart Midtown West Studio w/ sundeck, gym, near Times Sq. by Blueground",107434423,Blueground,Manhattan,Theater District,40.75938,-73.98749000000001,Entire home/apt,219,30,0,,,232,14
15128456,Clean room with private bathroom in Bushwick!,658618,Leticia,Brooklyn,Bushwick,40.69025,-73.91251,Private room,65,1,23,2019-06-21,0.69,1,290
8632393,Brooklyn's Coolest One Bedroom,4920604,Eric,Brooklyn,Williamsburg,40.718720000000005,-73.9603,Private room,78,2,23,2016-10-31,0.51,1,0
6645263,Brooklyn at its finest,351650,Nick,Brooklyn,Williamsburg,40.710840000000005,-73.96557,Entire home/apt,175,3,2,2016-07-06,0.05,1,0
6924400,West Village Apartment With Character,32767789,Josh,Manhattan,Greenwich Village,40.73256,-74.00008000000001,Private room,60,14,0,,,1,0
20674176,Nice  room midtown Manhattan 6rs,133130315,Artem,Manhattan,Hell's Kitchen,40.76506,-73.98567,Private room,70,3,6,2019-01-03,0.41,6,225
19368455,Chelsea Gem,70154608,Donna,Manhattan,Chelsea,40.74625,-73.99911,Entire home/apt,185,5,17,2019-07-01,0.88,1,15
20090389,Studio at Central Park North with fast/easy travel everywhere in NYC!,142855897,Lydia,Manhattan,East Harlem,40.79496,-73.94882,Entire home/apt,150,4,7,2018-09-30,0.56,1,0
24627684,Quaint NYC studio- tree lined St.- great location!,47895481,Omar,Manhattan,Midtown,40.7446,-73.98399,Entire home/apt,175,1,2,2018-07-02,0.16,1,0
9233883,Artsist's NYC Downtown Luxury Loft,43538528,Andrea,Manhattan,Financial District,40.7092,-74.00699,Entire home/apt,175,5,0,,,1,0
24939648,"Cozy, warm and Clean Stay in Flushing!",177156643,Dalila,Queens,Flushing,40.76991,-73.8265,Private room,50,3,24,2019-06-09,1.73,1,153
18194450,Gorgeous Brooklyn Bedroom with Luxury Decor,54289696,Monica,Brooklyn,Crown Heights,40.67038,-73.93214,Private room,27,2,81,2019-06-09,2.99,1,84
26293088,Sunny & Rustic one-bedroom in the West Village!,43297299,Nick,Manhattan,West Village,40.73886,-74.00413,Entire home/apt,200,3,6,2019-06-03,0.94,1,0
13466561,Sunny and light bedroom in Downtown Manhattan,6980995,Dominik,Manhattan,Two Bridges,40.71159,-73.99884,Private room,119,1,3,2016-11-06,0.09,5,0
9825420,Great for Work/Leisure w NYC Views!,1570949,DeAnna,Brooklyn,South Slope,40.66817,-73.98774,Private room,85,2,0,,,1,0
23557996,Cozy Bushwick Room :),16400151,Henning,Brooklyn,Bushwick,40.70199,-73.92035,Private room,45,2,10,2018-04-01,0.61,1,0
13236366,Beautiful 2 Bed/2 Bath Duplex on Upper West Side,3491890,George Steven,Manhattan,Upper West Side,40.78396,-73.97691,Entire home/apt,171,30,3,2016-11-16,0.08,6,188
22277333,Spacious 1 BR apartment in authentic Brooklyn,25769776,Katie,Brooklyn,Prospect-Lefferts Gardens,40.65616,-73.95676,Entire home/apt,64,2,4,2018-01-14,0.21,1,0
32638774,Friendly relaxing place for you to stay,72166833,Shalini,Manhattan,Washington Heights,40.84389,-73.93688,Private room,51,3,0,,,1,13
3283409,Beautiful Brooklyn Brownstone,16593547,Mary & Josh,Brooklyn,Bedford-Stuyvesant,40.68562,-73.92375,Entire home/apt,139,2,124,2019-06-25,2.09,1,231
5397568,New York 2 to 8 Guest + Private ROOFTOP SUPERHOST,9209691,Anatha Angèle,Manhattan,Harlem,40.82313,-73.94981999999999,Entire home/apt,185,4,137,2019-06-28,2.83,2,261
1717058,Top floor 1 bedroom soho/nolita,9053036,Raynald,Manhattan,Nolita,40.72182,-73.99625,Entire home/apt,185,3,65,2019-06-07,1.04,1,106
21973767,Spring in NYC! The perfect spot.,13242534,Elizabeth,Manhattan,Chelsea,40.73936,-73.99753,Entire home/apt,250,7,6,2018-06-05,0.33,1,0
21747137,"Private Room & Bath - Modern Bldg, S. W'Burg, BK",4952512,Betsy And Dan,Brooklyn,Williamsburg,40.70719,-73.95411999999999,Private room,140,1,12,2019-05-11,0.85,1,156
22542091,"Large, King Size NYC Room Near Trains",2339049,Arianna & Z,Brooklyn,Bushwick,40.6987,-73.93776,Private room,75,2,85,2019-06-23,4.65,2,128
3831962,Lg Quiet Artist Home -Ditmas Park -,2236848,Liz,Brooklyn,Flatbush,40.64699,-73.96307,Entire home/apt,50,24,0,,,1,0
15342164,JFK 15 AND LGA 18 MINUTES,97822063,Chima,Queens,St. Albans,40.70577,-73.75932,Private room,47,3,2,2018-12-16,0.06,1,56
13801326,Beautiful book-filled room + garden in Bed Stuy,1916501,Josephine,Brooklyn,Bedford-Stuyvesant,40.68847,-73.95443,Private room,50,1,0,,,1,0
26665588,Beautiful Convenient Bushwick Oasis w/Trampoline,7054114,Alex,Brooklyn,Bushwick,40.69286,-73.92675,Private room,75,1,22,2019-07-01,9.17,1,70
24599452,ELEXEY'S COMFORT.,185889529,Michelle,Queens,St. Albans,40.70389,-73.75782,Private room,50,3,58,2019-06-24,4.69,3,358
23668975,Live like a New Yorker!  Easy access to all...,130804,Heather,Manhattan,Washington Heights,40.8331,-73.94346999999999,Private room,65,2,0,,,1,0
8028767,"Clean, Comfy Bright Small Bedroom",20490026,Josie,Queens,Sunnyside,40.74109,-73.91577,Private room,55,90,15,2017-04-19,0.32,1,365
10519216,Beautiful LARGE one bedroom apt,54235059,Emmett,Queens,Long Island City,40.74399,-73.95321,Entire home/apt,195,1,0,,,1,0
21610946,Cozy Light-Filled Prospect Heights Apartment,39255079,Amy,Brooklyn,Prospect Heights,40.67411,-73.96531999999999,Private room,62,1,55,2019-07-01,2.76,1,63
32223111,Clean/convenient apartment w/rooftop & gym.,9163877,Brian,Brooklyn,Bedford-Stuyvesant,40.69116,-73.95444,Entire home/apt,132,3,4,2019-06-09,1.03,1,205
35965985,My comfy space,263994272,Morales,Brooklyn,Bedford-Stuyvesant,40.68708,-73.94657,Entire home/apt,44,1,0,,,3,179
9185329,"Sunny, Spacious, Botanical Greenpoint 1 Bdrm",17615713,Merrily,Brooklyn,Greenpoint,40.72697,-73.94712,Entire home/apt,108,7,19,2019-06-21,0.43,1,21
9118958,Nice Room in private house,22420999,Herman,Queens,Richmond Hill,40.69417,-73.83072,Private room,50,2,3,2018-01-07,0.08,5,346
21367929,★ 4BRs Family Groups★ Duplex ★Backyard ★ NYC 35min,49164956,Abena,Brooklyn,Bedford-Stuyvesant,40.67752,-73.91489,Entire home/apt,190,5,59,2019-07-07,2.86,5,24
1374457,Bedroom in Williamsburg Brooklyn,5386695,Joanne,Brooklyn,Williamsburg,40.71668,-73.94083,Private room,55,28,0,,,1,365
3529503,Quiet room+bath w/ separate entry.,6491377,Zaineb,Brooklyn,Bedford-Stuyvesant,40.69334,-73.94608000000001,Private room,79,4,70,2019-06-24,1.19,1,308
17843168,Columbus Circle Lincoln center Central park,112335936,Ronnie,Manhattan,Upper West Side,40.77048,-73.98252,Private room,250,3,11,2019-04-21,0.42,1,17
30388333,Thoughtful UWS Studio w/ Gym near Central Park by Blueground,107434423,Blueground,Manhattan,Upper West Side,40.79094,-73.97235,Entire home/apt,238,30,0,,,232,279
20780311,Cozy Apartment in Washington Heigths,106863782,Mariarosa,Manhattan,Washington Heights,40.85148,-73.9301,Entire home/apt,175,2,2,2017-11-05,0.09,1,0
15827538,Williamsburg 2 BR Apartment! 1 stop to Manhattan,6119933,Caroline & Georg,Brooklyn,Williamsburg,40.70944,-73.96161,Entire home/apt,209,2,23,2019-06-08,0.72,2,11
22087812,Cozy Studio with Private Entrance,161352782,Linda,Staten Island,Clifton,40.61603,-74.08666,Entire home/apt,65,1,70,2019-06-28,8.43,1,300
21926279,The Tree House,6999831,Erik,Brooklyn,Flatbush,40.64813,-73.9589,Entire home/apt,90,2,8,2018-07-24,0.42,1,0
30274568,Cleo’s Royale II,157141199,Adeola,Manhattan,Inwood,40.86184,-73.92756999999999,Private room,65,5,2,2019-04-28,0.32,2,365
34419094,Lovely  LIC-Lush garden-Midtown1stop-Breakfast,259796664,Santi,Queens,Long Island City,40.75314,-73.93644,Private room,89,1,9,2019-06-23,4.5,10,357
34323638,Sonder | The Biltmore | Spacious 1BR + Kitchen,219517861,Sonder (NYC),Manhattan,Theater District,40.75988,-73.98666999999999,Entire home/apt,220,29,0,,,327,333
223930,Lovely Apartment,1164642,Rosalynn,Brooklyn,Prospect Heights,40.674240000000005,-73.96665,Entire home/apt,150,5,24,2019-06-23,0.25,1,363
36057961,"Cozy apartment, amazing location!",271094569,Weronika,Manhattan,Lower East Side,40.71895,-73.98813,Entire home/apt,99,2,1,2019-06-26,1.0,1,333
21471116,Sweet Home in the Heart of Manhattan,16301391,Majer,Manhattan,Midtown,40.74557,-73.98216,Private room,130,1,9,2017-12-27,0.44,1,0
33061842,"Cozy house , very quiet , clean room !",140630987,Jiali,Queens,Flushing,40.77078,-73.82615,Private room,60,1,13,2019-06-23,4.94,6,125
36138789,Room with Amazing location in Manhattan,31846499,Veronika,Manhattan,East Harlem,40.78774,-73.94627,Private room,73,180,0,,,1,0
29083751,PRIME LOCATION CLEAN SOHO PRIVATE ROOM 2 BEDROOM,26860800,Jonathan,Manhattan,SoHo,40.72614,-74.00076,Private room,115,1,31,2019-06-12,3.39,1,1
7053496,Charming private room,15542610,Carol,Manhattan,Washington Heights,40.84289,-73.93925,Private room,60,1,86,2017-01-09,1.94,1,0
21868918,Beautifully Lit True Brooklyn Loft,159526448,Natasha,Brooklyn,Williamsburg,40.72192,-73.95597,Entire home/apt,350,2,16,2019-05-12,0.82,1,0
6781648,2BR Creative Oasis,3403868,Cusi,Manhattan,West Village,40.73643,-74.00350999999999,Entire home/apt,140,4,0,,,1,0
27202749,Entire 2nd floor w/2 Rooms in Authentic Brownstone,73425483,Vincent,Brooklyn,Bedford-Stuyvesant,40.69176,-73.9383,Private room,135,2,10,2019-06-27,1.21,6,249
16735801,Twin bed-Close to Columbia U & Central Park,64471880,Jaleh,Manhattan,Harlem,40.80172,-73.95538,Private room,100,1,226,2019-07-03,7.75,2,32
36318560,Luxury Sun-filled Private Room near Time Square,52917571,Linda Lou,Manhattan,Midtown,40.75286,-73.99297,Private room,120,2,1,2019-07-06,1.0,1,7
32244701,Quiet 1bedroom apartment,241985900,V,Manhattan,Hell's Kitchen,40.7588,-73.9922,Entire home/apt,150,1,23,2019-06-23,4.66,1,106
9945127,Convenient & Spacious & Feel Good Apartment,14521821,Koen,Brooklyn,Brooklyn Heights,40.69261,-73.99252,Entire home/apt,200,2,2,2016-07-25,0.05,1,0
35474830,Huge room in Brooklyn for rent,147228245,Evelyn,Brooklyn,Sunset Park,40.64658,-74.00986,Private room,38,10,0,,,1,67
32225195,Sonder | Stock Exchange | Beautiful 1BR + Kitchen,219517861,Sonder (NYC),Manhattan,Financial District,40.70732,-74.01029,Entire home/apt,240,2,8,2019-06-20,1.98,327,357
16113712,2 Bedroom Apartment in Harlem,105069538,Sohel,Manhattan,East Harlem,40.80764,-73.93963000000001,Entire home/apt,175,1,8,2018-10-03,0.29,1,66
8164253,Huge Studio -East Vill/Alphbet City,43091823,Elizabeth,Manhattan,East Village,40.72362,-73.98519,Entire home/apt,120,5,0,,,1,0
276216,Nights in White Satin in the Slope,1440691,Dena,Brooklyn,Sunset Park,40.65992,-73.99042,Entire home/apt,127,180,1,2016-09-01,0.03,1,365
19530778,Large window Private Room in Flushing Queens,137129564,Bing,Queens,Flushing,40.75221,-73.81533,Private room,60,1,32,2019-06-30,2.03,4,356
517626,Above Graham stop - L train,2438262,Walker,Brooklyn,Williamsburg,40.71577,-73.94084000000001,Private room,95,1,10,2014-12-03,0.14,1,0
16337271,"Charming Central 1- Bedroom Apartment, Gramercy",28450419,Jenna,Manhattan,Gramercy,40.73794,-73.98423000000001,Entire home/apt,200,10,4,2019-01-02,0.15,1,48
8192768,Pleasant room on garden floor,2808153,Basil And Jacqueline,Manhattan,Harlem,40.80577,-73.94708,Private room,120,2,11,2017-06-22,0.25,2,263
6594861,Park Slope Brownstone Duplex (unfurnished),34501360,Eric,Brooklyn,Park Slope,40.6746,-73.97901,Entire home/apt,275,30,12,2017-09-03,0.25,1,70
34687393,Cozy bedroom in the hearth of NYC!,43359332,Veronica,Manhattan,Midtown,40.74493,-73.98484,Private room,130,5,2,2019-07-05,2.0,1,74
21955216,"Bright, contemporary Kips Bay Studio apt",8801391,Alper Demis,Manhattan,Kips Bay,40.74381,-73.97944,Entire home/apt,300,3,0,,,1,180
9077858,Beautiful shared apartment / Coliving in Brooklyn,27974952,Alex,Brooklyn,East Flatbush,40.64509,-73.94825,Shared room,27,30,7,2019-03-20,0.16,7,342
33343579,Gorgeous modern style room near Central Park,5288991,Tanya,Manhattan,Upper East Side,40.77886,-73.95139,Private room,90,7,1,2019-05-25,0.67,6,0
13052968,Charming 1-BR Fort Greene Apartment,26959668,Flo And Erin,Brooklyn,Fort Greene,40.68748,-73.97397,Entire home/apt,125,3,19,2019-05-28,0.51,1,0
30402045,Large private room in 2nd floor apartment.,171673961,Eric,Brooklyn,Bedford-Stuyvesant,40.67896,-73.90892,Private room,25,2,2,2019-01-01,0.3,1,0
1304181,beautiful ROOM in a DREAM APARTMENT,7089676,Michel Fabrice,Manhattan,Midtown,40.75728,-73.97152,Private room,50,1,49,2017-12-30,0.91,1,14
36471896,Private Bedroom & PRIVATE BATHROOM in Manhattan,23548340,Sarah,Manhattan,Upper East Side,40.77192,-73.95369000000001,Private room,95,1,0,,,1,2
9586258,PRIVATE COSY ROOM IN BROOKLYN,27065592,Shane,Brooklyn,Clinton Hill,40.68402,-73.96094000000001,Private room,60,1,2,2016-01-02,0.05,1,0
753991,Elegant Stuyvesant Heights Retreat,1884204,Mark,Brooklyn,Bedford-Stuyvesant,40.68522,-73.93557,Entire home/apt,105,5,227,2019-07-03,2.79,2,234
905425,PAINTERS PARADISE / GREENPOINT,4843750,Painter,Brooklyn,Greenpoint,40.73425,-73.95506,Entire home/apt,160,5,152,2019-06-19,2.1,1,281
30392543,Stately Theater District 1BR w/ Indoor pool + Gym by Blueground,107434423,Blueground,Manhattan,Theater District,40.76177,-73.98504,Entire home/apt,316,30,0,,,232,311
29705207,Luxurious Ensuite in Historic Brownstone,22200018,Lucia,Brooklyn,Bedford-Stuyvesant,40.68405,-73.93401,Private room,70,2,11,2019-05-24,1.45,2,71
20405148,"Clean, Near Central Park and Subway",39469667,Anton,Manhattan,Midtown,40.7577,-73.9662,Private room,105,1,142,2019-06-23,6.6,1,38
24147123,"Bright Brooklyn home on the park, private backyard",4857962,Allison,Brooklyn,Bedford-Stuyvesant,40.69017,-73.94825,Entire home/apt,235,3,5,2018-11-25,0.32,1,3
27341122,Williamsburg Loft,206040990,Alejandro,Brooklyn,Williamsburg,40.71425,-73.9623,Entire home/apt,290,5,0,,,1,0
16135399,Nice Room in the Upper West Side. Great Location.,105258361,Elena,Manhattan,Upper West Side,40.79528,-73.97325,Private room,100,3,38,2019-04-03,1.21,1,14
47926,LUX APT IN TIMES SQUARE NEW BUILDING,218404,Claudia,Manhattan,Hell's Kitchen,40.76307,-73.99665,Entire home/apt,275,1,41,2019-06-26,0.38,1,299
8347980,Large Modern Studio Next To The Park,4230646,Jonathan,Manhattan,East Village,40.72595,-73.98218,Entire home/apt,150,2,6,2017-01-01,0.18,1,0
21106002,♕ Downtown Manhattan I Private Bedroom♕,151316042,Edhar,Manhattan,Chinatown,40.71363,-73.9909,Private room,90,1,58,2019-06-15,2.68,2,10
30326749,Spacious Neon Apartment Inspired by the Caribbean,1370324,Yeelen,Brooklyn,Prospect-Lefferts Gardens,40.65513,-73.95631999999999,Entire home/apt,100,3,2,2019-05-08,0.32,1,324
13772589,Beachside Antique Themed Room,36380968,Alex,Brooklyn,Brighton Beach,40.57577,-73.96115,Private room,60,1,18,2019-07-05,2.78,2,343
36141106,Honest clean living,13605253,Kerrey,Queens,Springfield Gardens,40.67136,-73.76248000000001,Entire home/apt,95,2,0,,,1,81
20565375,Luxury New 2 bed Apartment By Central Park North,138765458,Lilian,Manhattan,East Harlem,40.79674,-73.94674,Entire home/apt,325,6,15,2019-05-14,0.68,1,156
17173473,Ocean Blue Room,113558977,Joe,Queens,Rego Park,40.7265,-73.86017,Private room,30,1,120,2019-06-11,4.1,2,112
35842999,Clean Quiet 1BR in lovely doorman FiDi building,5339419,Catherine,Manhattan,Financial District,40.71133,-74.00676,Entire home/apt,220,4,0,,,1,6
4493658,Cute & Modern 1 Bedroom Apt,1869421,David,Brooklyn,Williamsburg,40.71256,-73.94188,Entire home/apt,100,8,14,2016-03-24,0.25,1,0
5127131,Cozy one-bedroom in E Village,1946840,Nick,Manhattan,East Village,40.72982,-73.98316,Entire home/apt,185,7,21,2019-06-04,0.4,1,27
7858096,Large Bedroom in Kips Bay/Gramercy,41411803,Dan,Manhattan,Gramercy,40.7357,-73.98087,Private room,87,3,3,2015-10-05,0.06,1,0
1732498,Hip Two Story BK Apt w/Private Yard,1818792,Clarissa & Rich,Brooklyn,Greenpoint,40.72716,-73.94971,Entire home/apt,199,2,25,2016-10-18,0.44,1,5
4564695,"Sunny, Quiet Queen Bedroom, Best Block in LES",619991,David,Manhattan,Lower East Side,40.72082,-73.98952,Private room,89,4,91,2019-06-01,1.86,1,16
36172164,Sleeping Easy on the East Side! 1 Bed/1 Bath,270629822,Jasson,Manhattan,East Harlem,40.78586,-73.94475,Entire home/apt,199,3,3,2019-07-02,3.0,1,349
26249544,Comfy Room with Private Insuite Bathroom,22577148,Diana,Brooklyn,Bedford-Stuyvesant,40.69455,-73.9343,Private room,63,3,27,2019-07-06,2.26,7,225
5647416,Paris in Manhattan with 2 balconies,2458750,Stephanie,Manhattan,Upper East Side,40.76923,-73.95034,Entire home/apt,159,30,14,2019-05-23,0.3,1,265
3703037,SUBLET in the UWS,18876264,Daniel,Manhattan,Upper West Side,40.77817,-73.97844,Entire home/apt,200,1,0,,,1,0
16274717,Cozy bedroom on Roosevelt Island,33069397,Jesse,Manhattan,Roosevelt Island,40.76178,-73.94988000000001,Private room,40,10,1,2017-01-07,0.03,1,0
3642801,"Cozy Brooklyn  studio, 30 min to Manhattan",2052361,Katya,Brooklyn,Prospect-Lefferts Gardens,40.6553,-73.95815999999999,Entire home/apt,80,3,24,2019-06-23,0.4,3,19
6559926,"Sunny 1Bdr + 2 Big Sofabed, Clean!",26270573,Joe,Manhattan,Upper East Side,40.77205,-73.95339,Entire home/apt,240,5,82,2019-06-08,1.87,2,158
21961462,Luxury 1B1B Apt with City View @ Columbia U,56067189,Yuanwen,Manhattan,Morningside Heights,40.80485,-73.96345,Entire home/apt,150,3,1,2017-12-14,0.05,1,0
28732998,Quintessential Tribeca Loft,3612407,Mag,Manhattan,Tribeca,40.7172,-74.00675,Entire home/apt,295,3,3,2018-12-08,0.33,1,17
21591672,HUGE bedroom available in artsy Bushwick,54966810,Garland,Brooklyn,Bushwick,40.70361,-73.9255,Private room,52,1,2,2017-11-15,0.1,1,0
3144135,Cozy Garden View Apartment!  Perfect for Families!,10835806,Rick,Brooklyn,Bedford-Stuyvesant,40.68208,-73.92994,Entire home/apt,185,5,60,2019-03-29,1.3,1,0
30461720,"Cozy yet Spacious 1BR Apt, 25 Min from Manhattan",157219382,Lucy,Queens,Elmhurst,40.74717,-73.87645,Entire home/apt,75,6,1,2019-01-25,0.18,1,0
31123490,Modern 1 Bedroom Escape with River Views,65294078,Matt,Manhattan,Hell's Kitchen,40.76792,-73.98453,Entire home/apt,279,1,12,2019-07-02,3.27,1,0
7717598,Cozy Brooklyn Private Home,40532977,Johari,Brooklyn,Bedford-Stuyvesant,40.67982,-73.91346999999999,Entire home/apt,35,3,63,2019-01-21,1.33,4,0
20085460,Beautiful large 2 bed apartment near Columbia U,21594748,Gabriel,Manhattan,Morningside Heights,40.807,-73.96452,Entire home/apt,220,2,6,2018-03-19,0.27,2,0
13941973,Affordable room near of LGA airport in Queens.,46712160,Lucilu,Queens,Woodside,40.74071,-73.89186,Private room,55,1,251,2019-06-23,9.3,2,31
18516072,CENTRAL PARK WEST BRIGHT AND SPACIOUS,671187,Mike,Manhattan,Upper West Side,40.800340000000006,-73.95940999999999,Private room,139,31,0,,,1,83
32893569,"EAST 141 FACE HARLEM
NEAR TO YANKE STADIUM",144839232,Karla,Bronx,Mott Haven,40.80981,-73.92031,Private room,39,1,9,2019-07-01,3.38,1,176
21804666,Luxury room at Hudson Yards,158731650,Jamal,Manhattan,Hell's Kitchen,40.75605,-73.99797,Private room,139,1,0,,,1,0
3908094,Spacious Comfy Bedroom in Bushwick,5879951,Marine,Brooklyn,Williamsburg,40.70617,-73.93674,Private room,68,5,5,2017-09-20,0.11,1,0
8361443,"Cozy studio, with fantastic light",10618178,Greg,Manhattan,Upper East Side,40.78174,-73.94829,Entire home/apt,119,6,4,2015-10-30,0.09,1,0
6625406,1 Bedroom in Williamsburg!,23527094,Ginevra,Brooklyn,Williamsburg,40.711870000000005,-73.96342,Private room,85,1,11,2019-01-23,0.33,1,154
21091844,Sunny Room in Queens,28270349,Jie,Queens,Flushing,40.76604,-73.79442,Private room,100,1,34,2018-10-31,1.65,2,189
31904156,Fantastic Private Bedroom. Great Views & Location.,239168415,Christine,Manhattan,Financial District,40.70493,-74.0102,Private room,119,3,4,2019-05-10,1.15,1,26
31499813,SUNNY SAFE & COZY BRICK BEDROOM CLOSE TO NYC! <3,236014031,Jim,Bronx,Longwood,40.81624,-73.9011,Private room,50,2,0,,,1,0
29828155,Bergen Beach Beauty,224365956,Marshall,Brooklyn,Bergen Beach,40.62221,-73.90975,Entire home/apt,49,3,20,2019-06-30,2.64,1,164
17297467,Big Beautiful Room in Quiet Area with Private Bath,55198931,Monica & Robin,Brooklyn,Flatbush,40.64774,-73.96517,Private room,65,2,12,2017-10-03,0.44,1,294
25285275,Central SPACIOUS Triplex - LOCATION LOCATION LOC..,191007759,Robert,Manhattan,Gramercy,40.73773,-73.98321999999999,Entire home/apt,250,6,11,2019-06-29,0.85,1,223
2620068,Cute Apartment with Great Bathroom!,13347167,AFI Apartments,Manhattan,Upper East Side,40.77107,-73.95682,Entire home/apt,117,30,6,2019-03-31,0.11,29,255
1166616,Gorgeous Large Sunny Room - Upper Manhattan,6388666,Celine,Manhattan,Washington Heights,40.84002,-73.9385,Private room,80,2,56,2019-06-22,0.76,1,249
14699186,Spacious 1 bedroom with Private Deck with Grill,31483654,Marcus,Brooklyn,Kensington,40.64535,-73.9738,Entire home/apt,100,3,2,2016-11-15,0.06,1,0
195123,"Cheerful, comfortable room",940724,Susan,Manhattan,Washington Heights,40.83403,-73.94553,Private room,50,1,225,2019-06-12,2.35,1,343
15437922,"Bright Room, Luxury Building, 3 Stops To Manhattan",17849213,Alexey,Brooklyn,Williamsburg,40.71506,-73.93816,Private room,90,1,52,2019-07-06,2.88,2,52
1044502,HELLO HARLEM,5749899,Obora & Michael,Manhattan,Harlem,40.8035,-73.94764,Entire home/apt,195,4,128,2019-06-22,1.76,1,278
19114447,Beautiful douplex with garden in crown heights!!,5434236,Andrea,Brooklyn,Crown Heights,40.67615,-73.92935,Entire home/apt,188,3,11,2018-08-24,0.45,1,144
35386935,"Gay friendly private room, 20 minutes to Manhattan",16950644,Bojan,Queens,Jackson Heights,40.75103,-73.8913,Private room,85,1,2,2019-07-07,2.0,1,42
20420311,Efficiency-like rental,64097020,Lesley / Eric,Brooklyn,Bushwick,40.68513,-73.90987,Private room,50,2,38,2019-01-02,1.66,1,0
17555918,Private bedroom right on the High Line/Chelsea,3650456,Louizos Alexandros,Manhattan,Chelsea,40.74899,-74.00403,Private room,90,7,12,2017-11-01,0.42,1,0
12854022,Cozy room in new duplex apartment!!,70235809,Sandra,Brooklyn,Bushwick,40.69301,-73.92683000000001,Private room,95,1,0,,,1,0
3039110,The proud New Yorker Room,8159536,Genae,Bronx,Concourse Village,40.83288,-73.91834,Private room,50,1,21,2019-06-02,0.36,3,188
22373272,Historic Crown Heights Townhouse w. Private Yard,156935,Sneha,Brooklyn,Crown Heights,40.66602,-73.94612,Entire home/apt,300,4,28,2019-06-25,1.52,1,179
32219678,Sonder | Wall Street | Quaint Studio + Laundry,219517861,Sonder (NYC),Manhattan,Financial District,40.70564,-74.01162,Private room,204,2,4,2019-04-29,0.96,327,327
12504542,Charming Brooklyn Brownstone!,3982538,Joel,Brooklyn,Prospect Heights,40.67908,-73.97333,Private room,75,1,0,,,1,0
2119216,"Affordable, Private, Simple & Clean NYC Flat!",10806025,Christina,Manhattan,Harlem,40.82029,-73.93861,Entire home/apt,80,1,353,2019-06-19,5.26,1,258
31692426,Charming 2 Bedroom Brownstone Apartment,237668552,Kim,Brooklyn,Cobble Hill,40.68525,-73.99837,Entire home/apt,200,2,4,2019-07-07,1.38,2,22
24575257,"Private, big, clean cozy room, in TIMES SQUARE",146182000,Shir,Manhattan,Theater District,40.75885,-73.98147,Private room,120,3,25,2018-11-03,1.72,1,0
33936370,Cozy room with 3 windows.,43676525,Filip,Brooklyn,Bushwick,40.69174,-73.90811,Private room,40,30,0,,,1,365
35030460,BEAUTIFUL ROOM WITH GARDEN VIEW!,10975951,Ayla Silvia,Brooklyn,Bedford-Stuyvesant,40.69348,-73.94499,Private room,60,2,2,2019-06-23,1.67,1,1
34119485,Bright and Spacious Apartment in Bay Ridge,29094579,Ruby,Brooklyn,Fort Hamilton,40.61642,-74.02396999999999,Entire home/apt,89,3,4,2019-06-23,1.56,1,21
22376093,Private Cozy Rustic Escape in Williamsburg,24273714,Aracelis,Brooklyn,Williamsburg,40.71339,-73.93896,Entire home/apt,160,2,34,2019-07-01,1.84,3,272
13841569,The Parachute Loft Bedrm 2,62605071,Anna,Brooklyn,Coney Island,40.57476,-74.00101,Private room,95,1,41,2019-06-16,1.33,2,158
21275075,Nolita/Soho Duplex Apartment with Rooftop,25265179,Veronica,Manhattan,Nolita,40.72244,-73.99461,Entire home/apt,250,1,9,2019-05-27,0.75,1,0
20639280,Prime Location close to Central Park!,5137740,Stefanie,Manhattan,Upper West Side,40.78696,-73.97293,Shared room,125,3,0,,,1,0
7457673,NEW Modern Brooklyn 1BR Apt!,2203415,James,Brooklyn,Bedford-Stuyvesant,40.68678,-73.9513,Entire home/apt,85,1,6,2015-11-29,0.13,1,0
9767424,Brooklyn's Finest - ML,50364039,Cathy,Brooklyn,Williamsburg,40.71602,-73.96248,Entire home/apt,130,2,67,2019-07-07,1.57,3,252
24042844,"LOVE MANHATTAN 2
NEAR TO YANKE STADIUM",143052745,Ociel,Bronx,Mott Haven,40.80863,-73.92121,Private room,50,1,33,2019-07-03,2.14,4,75
8473623,"Large, sunny Williamsburg room",5803786,Bailey,Brooklyn,Williamsburg,40.70727,-73.94025,Private room,75,2,1,2015-09-28,0.02,1,0
1013648,Gorgeous 2 Fl Apt in1887 Brownstone,5018907,Vera,Brooklyn,Park Slope,40.67541,-73.9784,Entire home/apt,225,7,8,2015-08-29,0.11,1,342
14135050,,85288337,Jeff,Brooklyn,Bedford-Stuyvesant,40.69421,-73.93234,Private room,70,3,0,,,1,0
9275199,"Sunny, Spacious Apartment",48170780,Christopher,Brooklyn,Bedford-Stuyvesant,40.67936,-73.93388,Private room,46,1,0,,,1,0
19659617,Huge Central Wiliamsburg 2 bedroom clean w/rooftop,125090618,Avi,Brooklyn,Williamsburg,40.7132,-73.96042,Entire home/apt,145,10,0,,,1,0
21433001,Colorful & cozy studio in Brooklyn,11908891,Alenka,Brooklyn,Flatbush,40.64016,-73.96784,Entire home/apt,97,3,2,2017-11-18,0.1,1,0
18347330,Sunny One-Bedroom Apartment in Brooklyn,36678842,Danny,Brooklyn,Crown Heights,40.66939,-73.95832,Entire home/apt,150,3,2,2018-01-02,0.08,1,0
172700,"Sunny, cozy room in Lower East Side",302772,Cheryl,Manhattan,Lower East Side,40.71473,-73.98841999999999,Private room,115,3,3,2016-02-15,0.04,2,337
2435408,Modern Duplex Studio Factory Loft,7503643,Vida,Brooklyn,Greenpoint,40.726690000000005,-73.9419,Entire home/apt,129,30,9,2019-04-30,0.16,52,325
16893993,Sunny room in a shared appartement in Bushwick,3855091,Do,Brooklyn,Bushwick,40.70657,-73.92181,Private room,53,5,1,2017-08-27,0.04,1,0
721719,Heart of Harlem 1 BR Garden apt,3726131,John,Manhattan,Harlem,40.80745,-73.94353000000001,Entire home/apt,150,5,17,2018-06-25,0.26,2,36
1290208,Live like a real New Yorker!,7016230,André,Manhattan,Lower East Side,40.7191,-73.98866,Entire home/apt,80,3,67,2017-01-16,0.92,1,85
8652556,A Rm 8 Dbl Pensione-like Hrt of Bk,44924546,Hayes,Brooklyn,Boerum Hill,40.68522,-73.97856,Private room,83,1,202,2019-06-25,4.53,4,0
5846745,"Spacious room in fun, quiet house",24561040,Ame,Brooklyn,Park Slope,40.68018,-73.97596,Private room,115,2,153,2019-07-05,3.0,3,0
9112463,"Cozy 1 bedroom, close to it all in Manhattan !",39916377,Jaclyn,Manhattan,Upper East Side,40.76295,-73.95725,Entire home/apt,145,6,49,2019-06-21,2.38,1,76
27024042,Art Chalk wall room,203307016,Israel,Brooklyn,Bedford-Stuyvesant,40.68063,-73.91689000000001,Private room,65,1,44,2019-06-20,3.73,2,75
35805037,Lovely & Spacious 2 Bedroom Apartment,269345069,Joyce,Brooklyn,Vinegar Hill,40.70112,-73.98402,Entire home/apt,225,2,1,2019-06-27,1.0,1,303
26441519,Sunny & colorful room in Bushwick w/ yard access,16865342,Elene,Brooklyn,Bushwick,40.70553,-73.91938,Private room,53,2,29,2019-06-20,2.46,2,143
23644901,"Modern, lux BDR breakfast airport pickup included!",51088192,Sama,Brooklyn,Bedford-Stuyvesant,40.69028,-73.94163,Private room,100,3,0,,,1,364
24918572,The Crown,188391102,Alliot,Brooklyn,Crown Heights,40.67442,-73.94096,Entire home/apt,295,4,7,2019-05-10,0.56,2,343
34065052,Spacious & Awesome Room in Brooklyn!,215532980,Isa & Bruno,Queens,Ridgewood,40.70515,-73.9136,Private room,75,1,11,2019-07-01,4.52,3,88
15789405,Bedroom available in Chic & Modern loft-like apt.,7607175,Rodney,Manhattan,Lower East Side,40.7208,-73.9819,Private room,75,5,1,2017-12-19,0.05,1,157
19385783,"Bright, clean room in great location",5399668,Annesofie,Queens,Long Island City,40.74538,-73.94747,Private room,75,2,17,2018-06-03,0.68,1,0
30111883,Twin Private Room,224074972,Askhat,Brooklyn,Bedford-Stuyvesant,40.69356,-73.94537,Private room,80,2,16,2019-06-17,2.17,4,3
34499063,Minimalist House,247013511,Frank,Queens,Jackson Heights,40.75246,-73.87505,Entire home/apt,79,2,8,2019-06-23,4.36,6,336
80700,Loft w/ Terrace @ Box House Hotel,417504,The Box House Hotel,Brooklyn,Greenpoint,40.73738,-73.95482,Private room,349,3,7,2019-05-24,0.07,28,60
5615835,"Nice Room with Loft Bed- Manhattan, East Village",29106164,Christina,Manhattan,East Village,40.72805,-73.98415,Private room,75,3,32,2019-05-24,1.39,1,72
1586935,Luxury Gramercy Lg 1Bd w Balcony,8457613,Erin,Manhattan,Gramercy,40.73494,-73.98751,Entire home/apt,250,365,0,,,1,365
13725194,"Bright and spacious room in Bushwick, Brooklyn",49367785,Jordan,Brooklyn,Bushwick,40.69757,-73.92905999999999,Private room,45,5,0,,,1,0
166541,Spacious Quiet rm - 20mins to Midtown,793620,Yvette,Manhattan,Washington Heights,40.84468,-73.94303000000001,Private room,75,2,34,2019-06-15,0.35,1,222
35262444,Room in Minimalist Apartment,446512,Héctor,Manhattan,Washington Heights,40.85457,-73.92778,Private room,66,1,5,2019-07-06,4.69,1,130
36065361,Artist Luxe Loft Prime Williamsburg,271035656,Josh,Brooklyn,Williamsburg,40.70835,-73.95368,Entire home/apt,270,2,1,2019-07-05,1.0,1,308
21139869,East Side Private Bedroom,28027678,Gane,Manhattan,Kips Bay,40.742740000000005,-73.97918,Private room,115,1,160,2019-06-28,7.43,1,15
22879396,"Spacious, Sunny room in Cobble Hill !",12479495,Shalini,Brooklyn,Cobble Hill,40.68712,-73.9914,Private room,75,3,0,,,1,0
8326389,Exquisite Apartment in Hip Hamilton Heights,43893277,Edward,Manhattan,Harlem,40.82523,-73.95383000000001,Private room,85,3,37,2019-06-11,0.81,1,61
23665341,"Sunny 1BR in Sunnyside, Queens",176793977,Patrizia,Queens,Sunnyside,40.74035,-73.91663,Private room,60,7,0,,,1,0
26366437,LIVING ROOM COUCH amazing Williamsburg location,91498269,Jonny,Brooklyn,Williamsburg,40.7155,-73.95724,Shared room,100,1,31,2019-06-30,2.81,1,82
18823930,Manhattan Luxury High-Rise Apt w/ Unbeatable Views,41382247,Dan,Manhattan,Hell's Kitchen,40.76011,-73.98828,Entire home/apt,275,1,0,,,1,0
10525616,Prime Park Slope Apartment,14076423,J,Brooklyn,Park Slope,40.67626,-73.98210999999999,Entire home/apt,175,7,43,2018-08-01,1.07,1,0
31142239,Brooklyn Retreat,232749708,Winston,Brooklyn,East Flatbush,40.65546,-73.92031,Entire home/apt,300,2,12,2019-04-14,1.95,1,352
10611168,Studio Near Time Square,51501835,Jeniffer,Manhattan,Hell's Kitchen,40.76295,-73.99432,Entire home/apt,130,30,6,2019-06-15,0.15,31,331
22186114,Private Room in Brooklyn,16467711,Tori,Brooklyn,Bushwick,40.69743,-73.92171,Private room,75,1,2,2018-01-01,0.11,1,0
29286966,Big 1BR in park adjacent apartment,630534,Brandy,Brooklyn,Flatbush,40.65026,-73.96316,Private room,196,3,5,2019-06-08,0.65,1,35
9819018,A cozy room in Lower East Manhattan,49861582,Emily,Manhattan,Lower East Side,40.71209,-73.98794000000001,Private room,62,28,2,2016-01-14,0.05,1,0
33544651,Sun Lit Room in Ridgewood/Bushwick 25 mins to NYC,135280693,John,Queens,Ridgewood,40.70811,-73.91054,Private room,60,3,3,2019-06-01,1.15,2,264
32126629,Midtown - United Nations - MOMA - East River Apt,62436749,Alexander,Manhattan,Midtown,40.75483,-73.96991,Entire home/apt,295,4,0,,,1,270
16604568,Park Slope. The best community in Brookyn NY.,41878998,Ruth,Brooklyn,South Slope,40.66812,-73.98595,Private room,90,3,3,2019-04-08,0.4,1,5
28786315,Brooklyn House at 443 Linden Room 3,216304678,Bryan,Brooklyn,East Flatbush,40.65285,-73.943,Private room,60,3,11,2019-05-18,1.17,5,347
17560078,Studio Apartment in Upper East Side,66519807,Jing,Manhattan,Upper East Side,40.77734,-73.94592,Entire home/apt,60,7,0,,,1,0
18470545,Comfy & Cozy In Brooklyn,38120363,Brian,Brooklyn,Crown Heights,40.67238,-73.91488000000001,Private room,49,2,39,2019-05-03,1.53,2,84
28030557,Cozy 2 bedroom NYC apartment near LGA Airport,151520943,Kenny,Queens,East Elmhurst,40.76248,-73.86986,Private room,110,1,52,2019-03-30,4.92,1,365
6311978,LES Private Room in 3BR Apt,4309521,Sarah,Manhattan,Lower East Side,40.71959,-73.98984,Private room,60,1,1,2016-01-05,0.02,1,0
27251398,EAST RIVER VIEW~HIRISE STUDIO,200380610,Pranjal,Manhattan,Midtown,40.75424,-73.96311999999999,Entire home/apt,200,30,0,,,65,364
4190301,Cool room while I'm away!,21739563,Redding,Brooklyn,Bedford-Stuyvesant,40.69525,-73.93768,Private room,100,1,0,,,1,0
11827037,Spacious apt in Prospect Lefferts,63002307,Natalie,Brooklyn,Prospect-Lefferts Gardens,40.6559,-73.95443,Private room,65,1,0,,,1,0
4950357,"Quiet Room, Near Columbia University & Subway",8253604,James & Shaun,Manhattan,Harlem,40.81561,-73.95264,Private room,89,1,203,2019-06-28,3.89,2,162
27062294,"Private 1-bedroom, shared bath in Gramery/Union Sq",48539240,Shreyasi,Manhattan,Gramercy,40.73411,-73.98289,Private room,199,1,1,2018-07-30,0.09,2,0
34479995,Penn room 12,244817841,Aminul,Brooklyn,East New York,40.66929,-73.89421,Private room,38,7,4,2019-06-29,2.35,13,282
19637270,Cozy 1 Bedroom at a Very Convenient Location!,52432205,Magdalena,Queens,Sunnyside,40.74266,-73.91884,Entire home/apt,140,2,4,2018-01-01,0.17,1,0
35451637,Amazing private room near central park and subway2,266726110,Sergii,Manhattan,Harlem,40.80445,-73.9567,Private room,88,30,0,,,7,360
7692660,Prolonged Traveler's Dream(a month first & more),32164030,Ikkyukim,Bronx,Hunts Point,40.81229,-73.88887,Private room,40,30,19,2019-06-29,0.4,6,287
23728251,Private Room in Big Classic Williamsburg Art Space,9223263,Eric,Brooklyn,Williamsburg,40.71665,-73.96269000000001,Private room,45,3,3,2018-04-11,0.19,1,0
3052904,Spacious Upper East Side Pvt. Room,15543098,Carlos,Manhattan,Upper East Side,40.77401,-73.9457,Private room,55,1,2,2016-12-31,0.03,1,0
30589865,VANLIFE in NYC!  Perfect for minimal travelers!,20902952,Michael,Brooklyn,Red Hook,40.67204,-74.00792,Entire home/apt,120,2,1,2019-05-05,0.45,1,157
9839263,Location Little Nana (only female),3250450,Petya,Queens,Astoria,40.76036,-73.92399999999999,Private room,39,18,0,,,18,310
33659082,Home Away From Home at Mosholu pkwy,229929832,Ifeoluwa,Bronx,Norwood,40.87414,-73.88342,Private room,51,1,10,2019-07-04,4.76,1,271
17435074,Spacious Bed and Bathroom in Brooklyn,117962524,Corley,Brooklyn,Sheepshead Bay,40.60913,-73.95254,Private room,100,1,1,2017-02-25,0.03,1,0
32734625,Private Room in a chill home 20 mins to Manhattan,241390361,Melissa,Brooklyn,Bedford-Stuyvesant,40.69424,-73.93415999999999,Private room,55,2,22,2019-07-01,5.2,1,45
33884341,Sunny Private Room close to Manhattan(Blue),255890676,Hok Thu,Brooklyn,Bushwick,40.69612,-73.92918,Private room,66,2,11,2019-07-01,4.23,1,147
34629692,Lower East Side Gem,778213,Jessica,Manhattan,Lower East Side,40.71761,-73.98233,Entire home/apt,250,2,0,,,1,107
15454775,Commuters paradise - Cozy Townhouse!,22789212,Xenios,Queens,Long Island City,40.74965,-73.94019,Private room,99,2,4,2018-07-16,0.16,1,0
3829609,Brooklyn's finest. Renovated apt!,4928083,Fernando,Brooklyn,Crown Heights,40.67767,-73.95161999999999,Entire home/apt,76,5,14,2019-04-11,0.28,1,0
21365714,Queens Village relaxing place,154700793,Evens And Charlene,Queens,Queens Village,40.70601,-73.73737,Entire home/apt,67,3,93,2019-06-29,4.46,1,134
6799130,1 Bedroom available for the entirety of September,35590273,Nikima,Brooklyn,Red Hook,40.67659,-74.00643000000001,Private room,35,10,1,2015-09-02,0.02,2,0
34907584,Nice 1 Bedroom in Washington Heights,232410,Lynne,Manhattan,Washington Heights,40.83903,-73.94588,Entire home/apt,125,2,2,2019-06-02,1.4,1,321
22029995,"Beautiful, bright apartment in prime Williamsburg",6967723,Emily & Mathias,Brooklyn,Williamsburg,40.71603,-73.95749,Entire home/apt,209,7,1,2018-01-02,0.05,1,0
33797564,SUNNY SUMMER SUBLET,73049484,Kumru,Brooklyn,Crown Heights,40.66623,-73.92874,Entire home/apt,100,50,0,,,2,225
33780177,Private Bathroom Bedroom Near Subway,120763629,Mei,Brooklyn,Bath Beach,40.60471,-74.00243,Private room,59,2,0,,,2,361
15287016,1 bedroom in sunny Nolita apartment,24385779,Lauren,Manhattan,Nolita,40.7215,-73.99395,Private room,85,2,5,2017-03-11,0.16,1,0
28638855,Cute & Cozy Studio in the BEST part of BK,7505271,Simone,Brooklyn,Greenpoint,40.72586,-73.94466,Private room,99,1,8,2018-12-30,0.92,1,0
9518,"SPACIOUS, LOVELY FURNISHED MANHATTAN BEDROOM",31374,Shon,Manhattan,Inwood,40.86482,-73.92106,Private room,44,3,108,2019-06-15,1.11,3,311
16603017,Sophisticated Retreat in Spacious Manhattan Apt,23957491,Elka,Manhattan,Washington Heights,40.8568,-73.93162,Private room,96,1,87,2019-06-12,2.97,1,83
341982,"Lincoln Center Studio, Clean&Sunny!",483013,Yj,Manhattan,Upper West Side,40.77577,-73.98258,Entire home/apt,99,2,36,2015-08-23,0.45,1,0
15455678,Comfortable and convenient  space for you!,48909179,Darris,Manhattan,Harlem,40.82834,-73.9496,Private room,49,2,55,2018-12-11,1.68,1,26
35215551,Charming East Village 1 Bedroom!,263707859,Sharon,Manhattan,East Village,40.72404,-73.98219,Entire home/apt,150,2,0,,,1,0
19803208,Spacious & Spectacular,9020323,Andrea,Brooklyn,Bedford-Stuyvesant,40.67921,-73.94283,Private room,110,3,20,2019-07-05,0.89,1,173
32724719,"Quiet and Private Space in Bushwick, Brooklyn",42164373,Gina,Brooklyn,Bushwick,40.70725,-73.91966,Entire home/apt,50,3,1,2019-03-24,0.28,1,0
26063550,Ocean hill home away from,193500709,Levi,Brooklyn,Bedford-Stuyvesant,40.67758,-73.90841,Private room,59,1,24,2019-06-30,1.86,3,32
9597258,Cozy and affordable room.,32379616,Fabiola,Bronx,Williamsbridge,40.88165,-73.85625,Private room,34,5,17,2019-05-31,0.4,2,313
3209980,Private room in 2B East Village!,16264357,Tal,Manhattan,East Village,40.7215,-73.97747,Private room,85,5,142,2019-07-05,2.3,1,80
35023304,The best home away from home!,263843788,Diana,Queens,Sunnyside,40.74143,-73.9229,Entire home/apt,145,2,7,2019-07-01,5.68,1,14
19730080,Private bedroom in Sunny Bushwick Apartment,139093829,Valentina,Brooklyn,Bushwick,40.6874,-73.91455,Private room,40,3,17,2018-08-27,0.71,1,0
1484031,"Private room in cozy Harlem, NY Apt",6228539,Michelle,Manhattan,Harlem,40.80427,-73.95404,Private room,100,2,15,2019-05-20,0.21,2,326
9765276,Private Room Near Prospect Park,37821056,Nichole,Brooklyn,Flatbush,40.6518,-73.95894,Private room,39,7,13,2018-07-27,0.3,4,346
13525308,Spacious Brooklyn Apt near F/G train,50995154,Bev,Brooklyn,Kensington,40.64277,-73.9744,Entire home/apt,95,2,11,2019-04-15,0.3,1,0
36142537,2 Bedroom Home away from home,62154352,Emily,Manhattan,Harlem,40.81427,-73.95141,Entire home/apt,150,2,0,,,1,40
3887381,Modern 2BR Near Union Square,8179499,Brent,Manhattan,East Village,40.73177,-73.98598,Entire home/apt,180,5,0,,,1,0
35010433,温馨旅店(2),263740985,Yongqiu,Queens,Flushing,40.75291,-73.83135,Private room,80,1,2,2019-06-06,1.76,3,359
18205794,"Bright, Quiet and Modern--1,200 Sq Ft in W Village",1448674,Sean,Manhattan,West Village,40.7355,-73.99964,Entire home/apt,329,4,33,2019-06-09,1.25,1,16
16533876,Charming spacious room in Williamsburg,11521252,Florence,Brooklyn,Williamsburg,40.7129,-73.94896,Private room,83,4,0,,,1,0
19326520,Awesome Williamsburg Apartment,16342788,Carlos,Brooklyn,Williamsburg,40.70857,-73.94501,Private room,85,1,2,2017-09-18,0.09,2,64
9755479,Beautiful 1BR NYC,18799694,Evan,Manhattan,East Village,40.73333,-73.99075,Entire home/apt,300,1,0,,,1,0
9036422,Columbus Circle/Hell's Kitchen Gem,45296989,Patrick,Manhattan,Upper West Side,40.77188,-73.98846999999999,Entire home/apt,125,7,4,2017-04-08,0.1,1,0
25453535,Contemporary 1BR in Midtown East by Sonder,12243051,Sonder,Manhattan,Murray Hill,40.74386,-73.97327,Entire home/apt,180,29,1,2018-08-15,0.09,96,342
30124206,Fresh Room One Block From Metro!!,226335012,Ann,Brooklyn,Bedford-Stuyvesant,40.6891,-73.95596,Private room,55,2,23,2019-06-21,3.59,1,323
36468880,Private room in a nice Brooklyn apartment,274195458,Abayomi,Brooklyn,Bushwick,40.69308,-73.91025,Private room,130,1,0,,,1,83
18459547,Dumbo Penthouse Loft with Outdoor Spaces & Views,1349266,Adam,Brooklyn,Vinegar Hill,40.70369,-73.98306,Entire home/apt,186,30,1,2019-06-11,1.0,1,1
20017161,Amazing location across from Park and Subway,602131,Molly,Brooklyn,Prospect-Lefferts Gardens,40.65985,-73.96169,Entire home/apt,69,3,11,2019-06-27,0.46,1,7
4484620,Large Sunny Private Room in 2BR steps from subway,2589436,Sarah,Brooklyn,Williamsburg,40.71594,-73.95649,Private room,70,2,15,2018-03-23,0.29,2,0
32044146,Charming Apartment in Greenpoint,138150256,Alejandro,Brooklyn,Greenpoint,40.73324,-73.95304,Entire home/apt,110,7,1,2019-05-26,0.68,2,23
34835501,The River View- Sutton Place,61396454,Ash,Manhattan,Midtown,40.75451,-73.96348,Entire home/apt,190,30,0,,,14,365
30212514,Manhattan West - Double Double Room,224414117,Gabriel,Manhattan,Hell's Kitchen,40.75506,-73.99803,Private room,199,1,7,2019-02-03,0.95,30,166
6085932,"Historic, Sunny Prospect Park Apt!",1211856,Kim,Brooklyn,Prospect-Lefferts Gardens,40.6586,-73.96104,Private room,80,3,4,2019-01-01,0.22,1,331
747419,"Lovely, Sunny 1-Bedroom Apt with Kitcat",160565,Corina,Brooklyn,Bedford-Stuyvesant,40.68371,-73.95604,Entire home/apt,90,1,3,2015-07-06,0.06,1,0
29511905,CozyStudio /Briarwood Van Wyck station F to city,153141476,Franz,Queens,Briarwood,40.70626,-73.81463000000001,Entire home/apt,44,1,17,2019-06-24,2.23,3,44
19555750,Travel Themed Room at Great Location,137264725,Gulcin,Manhattan,Chinatown,40.71391,-73.99162,Private room,60,1,101,2019-06-21,4.13,4,257
17009057,Beauty Brooklyn 2BR close to trains 30+ days only,1410860,Sara Kate,Brooklyn,Bedford-Stuyvesant,40.683240000000005,-73.95174,Entire home/apt,300,30,67,2019-06-20,2.43,1,360
24105640,"Tranquil private bedroom, Hamilton Heights, NY",178473107,Allan C.,Manhattan,Harlem,40.8301,-73.94757,Private room,99,1,22,2019-06-30,1.88,6,45
22569600,Cozy and Warm Stay in Fidi/Battery Park City,63343926,Hanna,Manhattan,Battery Park City,40.71082,-74.0176,Private room,94,1,65,2019-06-24,3.68,1,6
3741728,Missy's Place,19133023,Melissa,Brooklyn,Bedford-Stuyvesant,40.68667,-73.93897,Entire home/apt,117,5,105,2019-06-27,1.77,1,6
31439169,One bedroom right next to Central Park on UES!,95635119,Ella,Manhattan,Upper East Side,40.7848,-73.95687,Private room,42,3,7,2019-06-29,1.39,1,131
9487684,Nice and cozy studio in the Upper West Side.,4515330,Alo,Manhattan,Upper West Side,40.7795,-73.98258,Entire home/apt,175,4,2,2016-06-06,0.05,1,0
261194,Cozy Artist Duplex **Bedstuy Charm**,696482,Christine,Brooklyn,Bedford-Stuyvesant,40.68338,-73.95289,Entire home/apt,130,3,18,2019-06-18,0.25,1,1
19902776,Beautiful 2br apt. in heart of historic Harlem,140931908,Daniela,Manhattan,East Harlem,40.81033,-73.93874,Entire home/apt,200,2,9,2019-06-25,0.38,1,27
9451784,Trendy Williamsburg Apartment!,22953164,Caroline,Brooklyn,Williamsburg,40.71028,-73.95445,Private room,80,2,4,2016-09-05,0.09,1,0
30747562,BedStuy cozy + convenient private room and bath,2581995,Layla,Brooklyn,Bedford-Stuyvesant,40.68061,-73.91693000000001,Private room,37,1,29,2019-06-19,4.58,2,10
11984762,A cozy place to set your mind free.,59473349,Judy,Brooklyn,East New York,40.67729,-73.87996,Entire home/apt,70,5,37,2019-06-28,1.48,1,263
21868933,Gorgeous Home with Private Terrace: Union Square!,9282079,Justine,Manhattan,Gramercy,40.73581,-73.98918,Entire home/apt,245,4,12,2019-05-25,0.62,1,0
33186981,Beautiful apartment in Bedstuy Brooklyn,72031522,Vanessa,Brooklyn,Bedford-Stuyvesant,40.6802,-73.93436,Private room,60,2,9,2019-06-15,2.76,1,22
11564960,1BR Walkup on Upper East Side,61088024,John,Manhattan,Upper East Side,40.77697,-73.95371999999999,Entire home/apt,75,1,0,,,1,0
8381953,Tranquil Apt with Garden Access,44171084,Sheena,Manhattan,Harlem,40.82244,-73.94773,Entire home/apt,124,3,102,2019-06-15,2.66,1,247
23536265,Cozy room in 2BR apartment at the Upper East,159598333,Sol,Manhattan,Upper East Side,40.78167,-73.94734,Private room,89,3,7,2019-05-15,0.68,5,213
20847505,Charming Apartment on Central Park West!,84932767,Abigail,Manhattan,Upper West Side,40.78717,-73.96806,Entire home/apt,150,1,24,2019-05-02,1.08,1,27
34036011,Charming East Village Penthouse Studio Apartment,43885531,Lee,Manhattan,East Village,40.72935,-73.9826,Entire home/apt,130,30,1,2019-06-14,1.0,1,115
35159849,温馨旅店(3),263740985,Yongqiu,Queens,Flushing,40.75746,-73.83069,Private room,110,1,0,,,3,358
29513249,Large 1 bedroom apartment available,222249366,Nikia,Manhattan,Harlem,40.82267,-73.95044,Entire home/apt,80,3,1,2018-10-24,0.12,1,0
22177035,"Quiet, Comfy Bedroom in Prime Williamsburg",8750186,Peter,Brooklyn,Williamsburg,40.7207,-73.96087,Private room,69,7,0,,,1,0
16416474,Sun Drenched Spacious Loft in NYCs Trendiest Hood,6755652,Jenny,Manhattan,Lower East Side,40.72077,-73.99023000000001,Entire home/apt,205,3,102,2019-06-23,3.36,1,117
9505990,whole apartment & 2 cats!,49260425,Fernanda,Brooklyn,Bushwick,40.695440000000005,-73.93221,Entire home/apt,68,3,1,2016-07-25,0.03,1,0
2918225,"Central Penthouse Room, Terrace & Private Bath",1646926,Dave,Brooklyn,Williamsburg,40.71288,-73.95822,Private room,155,2,42,2016-12-11,0.67,1,0
14445481,Times Square Studio Suite,88904682,Joshua,Manhattan,Hell's Kitchen,40.76549,-73.98581999999999,Entire home/apt,180,2,2,2016-09-19,0.06,1,2
35612199,Designer large studio in Brooklyn Heights,213432040,Naomi,Brooklyn,Brooklyn Heights,40.69924,-73.99296,Entire home/apt,150,2,0,,,1,74
28785322,Beautiful and Convenient Location in Lower NYC,140983856,Nini,Manhattan,Financial District,40.710640000000005,-74.00754,Entire home/apt,185,15,11,2019-05-29,1.23,2,331
74680,One Bedroom Mini studio - Free WIFI,265109,Nazleen,Queens,Astoria,40.77635,-73.93426,Entire home/apt,115,2,198,2019-05-31,2.01,1,257
4430808,Studio-Private Entrance /Bath/Kitchen Near JFK,23002099,Sol & Izak,Queens,Jamaica Estates,40.71873,-73.80324,Entire home/apt,64,2,192,2019-06-17,3.47,1,234
1702581,PRIVATE. ROOM  -  Midtown/Central Park,5668786,Ed &Alexa,Manhattan,Hell's Kitchen,40.76796,-73.98601,Private room,100,2,244,2019-07-05,3.49,1,52
30084269,Private Large Bedroom in Brooklyn,12171344,Marta,Brooklyn,Crown Heights,40.66655,-73.95005,Private room,85,2,7,2019-07-03,0.99,2,27
33140984,COZY ROOM IN THE HEARTOF BROOKLYN (420 FRIENDLY),128369561,Frampton,Brooklyn,Bushwick,40.695440000000005,-73.91011999999999,Private room,46,1,7,2019-06-08,2.04,1,130
4839357,1 Bedroom apartment with Backyard ,854567,Oketo,Brooklyn,Bushwick,40.68843,-73.91577,Private room,40,1,0,,,2,0
3840000,4 ROOM RAILROAD - WILLIAMSBURG,19783353,Ryan,Brooklyn,Williamsburg,40.70955,-73.95085,Entire home/apt,90,4,17,2019-01-24,0.29,1,4
18188738,Cute Family Friendly Vintage Brownstone Living!!,27403581,Shay & Cam,Manhattan,Harlem,40.82665,-73.94669,Shared room,49,2,52,2019-04-16,1.95,1,194
25140000,2 Rooms + Bath in Spacious Apartment w/ Backyard,4281300,Alex,Brooklyn,Williamsburg,40.715720000000005,-73.94161,Private room,209,1,21,2019-06-30,3.07,3,15
8225210,Doorman Harlem Apt with Great Views,43370599,John,Manhattan,Harlem,40.81243,-73.9392,Entire home/apt,250,1,0,,,1,89
15758553,Luxurious Williamsburg Loft with Private Patio,14258860,Alvaro,Brooklyn,Williamsburg,40.71809,-73.95283,Entire home/apt,200,5,1,2016-11-13,0.03,1,0
31085028,Village/soho  |  2Br + Skylights,4399103,James,Manhattan,Greenwich Village,40.72785,-73.99933,Entire home/apt,310,31,18,2019-06-28,2.87,2,7
25054951,NO LONGER AVAILABLE SORY,70120241,Darren,Manhattan,Upper West Side,40.79629,-73.96523,Entire home/apt,225,59,0,,,1,358
16011595,Top Floor Views Great Apartment in Williamsburg,24404906,Tony,Brooklyn,Williamsburg,40.70969,-73.95251999999999,Entire home/apt,120,5,1,2019-01-03,0.16,1,0
5502282,Great Room in Williamsburg (uriel),3398752,Alessandra,Brooklyn,Williamsburg,40.71074,-73.95429,Private room,95,2,186,2019-06-22,3.75,2,62
18946091,Beautiful Bay Ridge room,62475681,Nina,Brooklyn,Fort Hamilton,40.62327,-74.03543,Private room,90,6,0,,,1,365
7957339,Luxury Waterfront Building 1Bd/1Bth,32088026,Robert,Brooklyn,Sheepshead Bay,40.584790000000005,-73.9388,Entire home/apt,109,1,0,,,1,0
6155857,Heart of West Village cozy apt,7573842,Christina,Manhattan,West Village,40.73405,-74.00283,Entire home/apt,250,3,1,2016-07-21,0.03,1,0
8955750,Sunny Brooklyn Brownstone apartment,46182242,Kristen,Brooklyn,Sunset Park,40.64469,-74.01035,Entire home/apt,140,2,74,2018-12-16,1.65,1,2
17586014,Spacious and Sunny in Prime Park Slope,119466544,Jim,Brooklyn,South Slope,40.66317,-73.98465,Entire home/apt,175,1,2,2017-03-24,0.07,2,0
21893604,Private Bedroom in West Village/Chelsea,1144452,Dante,Manhattan,Chelsea,40.74045,-74.00046999999999,Private room,12,3,8,2019-06-07,0.59,1,37
23376196,Modern Townhouse Apartment in Brooklyn,3806282,Sunny,Brooklyn,Bedford-Stuyvesant,40.68475,-73.92896999999999,Entire home/apt,115,2,39,2019-06-19,2.41,1,90
16673954,Charming West Village Brownstone w/Private Terrace,10437339,Ro,Manhattan,West Village,40.73898,-74.00415,Entire home/apt,250,5,10,2019-06-13,0.37,2,198
14467580,★STAY IN OUR MIDTOWN LUXURIOUS STUDIO SUITE★,64065593,ResortShare5,Manhattan,Midtown,40.7538,-73.97139,Entire home/apt,252,2,16,2019-03-21,0.49,13,327
34598639,Comfy and Classic Brooklyn Brownstone 1 Bedroom!,1354539,Eve,Brooklyn,Bedford-Stuyvesant,40.68541,-73.95298000000001,Entire home/apt,125,3,4,2019-06-18,4.0,1,155
7980191,1 Bedroom Apt in Midtown Manhattan,27331181,Telitha,Manhattan,Murray Hill,40.74763,-73.9733,Entire home/apt,250,2,26,2017-01-02,0.58,1,0
31861671,Hamilton Loft. 2Queen. priv bath. full kitchen,238750007,Hamilton,Manhattan,Harlem,40.82163,-73.94757,Entire home/apt,145,4,17,2019-07-01,3.09,3,265
35717409,Share Room;Cozy;Silent and Safe 15 m to Times Sq,175730239,Baboucarr,Queens,Sunnyside,40.73913,-73.92692,Shared room,30,3,0,,,12,359
24574987,Sunny bedroom at the heart of Harlem,6892560,Rebeca,Manhattan,East Harlem,40.80552,-73.94031,Private room,51,5,16,2019-06-29,1.12,1,17
26877259,*Times Square Luxury Apartment Private Room*,172864847,Jae,Manhattan,Theater District,40.759640000000005,-73.98731,Private room,100,1,137,2019-07-07,12.05,1,36
9328355,Stylish and Comfy in Bed Stuy,2754405,Janice,Brooklyn,Bedford-Stuyvesant,40.69153,-73.94263000000001,Entire home/apt,72,30,11,2019-06-22,0.26,1,251
35260885,Modern Apt with Beautiful Views in Manhattan,264742656,Ignacio,Manhattan,Financial District,40.70912,-74.00671,Entire home/apt,249,3,4,2019-07-03,4.0,1,86
13262935,Lovely large bedroom in Brownstone (garden),9148721,Aurelie,Brooklyn,Bedford-Stuyvesant,40.68909,-73.94636,Private room,60,2,9,2018-01-17,0.24,2,0
21014202,曼哈顿林肯中心一室一厅,97044757,柏润,Manhattan,Upper West Side,40.77312,-73.98819,Private room,78,1,11,2018-06-10,0.5,2,0
34230337,Master Bed Room With Private Bathroom #1,258217172,Jin Sen,Brooklyn,Bushwick,40.68757,-73.90961,Private room,70,1,9,2019-06-29,4.22,1,262
34839277,Cozy & Comfortable Private Room,40085320,Alaa,Brooklyn,Prospect-Lefferts Gardens,40.66261,-73.94399,Private room,55,2,11,2019-07-07,9.17,2,44
13952428,Cozy room w/private entrance in East Williamsburg,67961258,Kaitlin,Brooklyn,Williamsburg,40.70883,-73.93873,Private room,67,1,14,2017-04-12,0.4,1,0
21241079,West Village Apartment,57169534,Nals,Manhattan,West Village,40.73261,-74.00713,Entire home/apt,295,2,7,2018-09-28,0.33,1,365
21161871,Entire apartment in Turtle Bay,3778274,AJ And Freddy,Manhattan,Midtown,40.75643,-73.96847,Entire home/apt,120,2,7,2019-01-01,0.36,2,0
6638539,Spacious family House in Old Neighborhood,562114,Sveva,Brooklyn,Bay Ridge,40.63314,-74.02896,Entire home/apt,295,5,4,2019-04-27,0.13,1,19
7842116,Huge room in Sunset Park with AC,30320622,Caitlin,Brooklyn,Borough Park,40.64362,-74.00046,Private room,55,1,0,,,2,0
24855248,"1st Fl Studio on Upper East, close to Central Park",37421312,Nikki,Manhattan,Upper East Side,40.77096,-73.95334,Entire home/apt,125,7,3,2018-05-31,0.21,1,0
15334973,Chic room by the park in Bushwick,12573650,Patrick,Brooklyn,Bushwick,40.70191,-73.92298000000001,Private room,38,1,11,2017-04-19,0.35,1,0
25493355,"Close to Central Park,renovated quite studio A",192407842,Aron,Manhattan,Upper West Side,40.78488,-73.9763,Entire home/apt,149,1,62,2019-07-03,4.77,1,224
30349105,Entire studio Central Park west,4431107,Ally,Manhattan,West Village,40.730340000000005,-74.01021999999999,Entire home/apt,200,1,0,,,3,158
22907187,Charming apartment nestled in NYC's West Village,20268978,Daniel,Manhattan,West Village,40.73254,-74.00285,Entire home/apt,220,1,0,,,1,0
26947508,CLASSIC 1BR IN WEST 15TH STREET-CHELSEA,200380610,Pranjal,Manhattan,Chelsea,40.74037,-74.00015,Entire home/apt,210,30,0,,,65,364
18104150,Large Newly Renovated Guest Suite,124702572,Ted & Tony,Brooklyn,Bedford-Stuyvesant,40.6817,-73.92068,Entire home/apt,200,2,12,2019-06-14,0.46,1,9
27391028,2BR WITH PRIVATE PATIO EAST VILLAGE,200380610,Pranjal,Manhattan,East Village,40.73223,-73.98658,Entire home/apt,253,30,0,,,65,332
5892693,"Large, sunny, private studio Apt 2F",29739883,Adam & Allen,Brooklyn,Greenpoint,40.72232,-73.9434,Entire home/apt,110,2,248,2019-06-13,4.82,2,1
6555427,"Inviting,sunny grdn 15 min to Manhattan",24597265,Freda,Queens,Ditmars Steinway,40.772090000000006,-73.91096,Private room,50,6,11,2019-05-31,0.24,8,358
22019912,Private Room in HOME w/Professionals,13208109,Jenny,Brooklyn,Flatbush,40.64066,-73.9664,Private room,45,5,3,2018-07-15,0.16,1,0
16454164,Beautiful and Quiet Morningside Heights 1BR,19659393,Cathy,Manhattan,Morningside Heights,40.80826,-73.96499,Entire home/apt,105,2,1,2017-01-02,0.03,1,0
31946864,Sweet  Private Room in the heart of Manhattan NYC,239519185,Raphael,Manhattan,Hell's Kitchen,40.76295,-73.98866,Private room,70,1,30,2019-06-10,6.08,2,193
15438016,Awesome room and rooftop deck in East Williamsburg,27506975,Nick,Brooklyn,Williamsburg,40.70553,-73.94266999999999,Private room,90,2,1,2016-10-17,0.03,1,0
34255449,Beautiful Manhattan TOWNHOUSE APARTMENT w Deck,779474,Clint,Manhattan,Washington Heights,40.83515,-73.94178000000001,Entire home/apt,128,3,9,2019-07-05,4.66,1,236
10252499,Great Hells Kitchen sofa,2782391,Jeff,Manhattan,Hell's Kitchen,40.76646,-73.98704000000001,Shared room,50,2,2,2016-05-11,0.05,2,0
17071462,Large comfortable room near Penn Station,3660702,Greg,Manhattan,Chelsea,40.7455,-73.9916,Private room,99,1,136,2019-06-21,4.62,4,61
28937536,Modern Luxury Condo with a Sunny Patio,70636634,Allia,Brooklyn,Sunset Park,40.66461,-73.99506,Entire home/apt,220,15,1,2018-10-08,0.11,1,0
33909508,Private room in Manhattan,173673660,Jessica,Manhattan,Washington Heights,40.8415,-73.9375,Private room,55,2,6,2019-07-01,2.54,1,0
22713353,Large Brooklyn Rm- Prospect Park & F/G Train!,133545456,Casey,Brooklyn,South Slope,40.66085,-73.98178,Shared room,55,2,1,2018-03-18,0.06,1,0
24473606,Perfect Sunny 1BR in the Treetops,3469364,Joe,Manhattan,NoHo,40.72547,-73.99284,Entire home/apt,185,10,1,2019-05-23,0.64,1,57
22972328,"The best safest area, 15mins to midtown Manhattan",110966607,Rika,Queens,Astoria,40.76097,-73.92191,Private room,47,3,24,2018-11-05,1.44,1,0
24204269,Big Sunny Room 1 Block from Central Park,7360975,Calvin,Manhattan,East Harlem,40.79635,-73.94815,Private room,80,3,15,2019-06-01,1.25,1,88
30819021,Your 1BR home in Murray Hill!,41955015,Angeles,Manhattan,Murray Hill,40.74719,-73.97478000000001,Entire home/apt,150,1,2,2019-01-07,0.32,1,0
1970915,Private Backyard! Beautiful 1BR apartment.,10176907,Maria,Brooklyn,Bushwick,40.70022,-73.91441,Entire home/apt,80,7,6,2016-11-14,0.12,1,3
30913615,Cute room for single traveler,33238800,Ayzhan,Manhattan,Hell's Kitchen,40.76568,-73.9876,Private room,100,1,35,2019-06-30,5.59,1,82
22953136,Private Specious Sunny Brooklyn Loft,4383475,Keiichiro,Brooklyn,Williamsburg,40.70593,-73.92818,Entire home/apt,125,3,0,,,1,0
20680045,Private Room for 1 guest with air conditioner,35242969,Prime,Brooklyn,Bedford-Stuyvesant,40.6824,-73.91315,Private room,48,4,7,2019-06-22,0.31,1,2
28223260,Private 1 BR/1 Bath apt with full kitchen,15717497,Nick,Manhattan,Upper West Side,40.77078,-73.98344,Entire home/apt,179,1,0,,,1,0
19407781,Bed-Stuy Brownstone huge sunny room 25mins to LES,127357582,Shannon,Brooklyn,Bedford-Stuyvesant,40.6834,-73.92035,Private room,69,2,63,2019-06-29,2.53,2,102
7603716,Zen Private Bedroom in Brooklyn Gem,10831168,Jennifer,Brooklyn,Fort Hamilton,40.61926,-74.03272,Private room,70,1,15,2019-06-30,0.39,1,22
10096707,Bright & Spacious Apartment. A Williamsburg Gem.,51813565,Yoav,Brooklyn,Greenpoint,40.72034,-73.95478,Entire home/apt,135,2,18,2019-06-30,0.42,1,0
34538701,Perfect Harlem home for couples/small families,21334989,Reyna,Manhattan,East Harlem,40.81142,-73.93748000000001,Entire home/apt,120,5,0,,,1,0
29417325,"Classic, yet Unconventional Tribeca New York City!",221595358,Karen,Manhattan,Tribeca,40.71904,-74.00856999999999,Private room,149,1,32,2019-06-30,3.86,2,317
35547909,舒适单人房(Comfort single room),257683179,H Ai,Queens,Flushing,40.76135,-73.80724000000001,Private room,35,1,0,,,6,7
10134546,Family Room/Kitchen/Shared Bathroom,51991283,Jennifer,Manhattan,Harlem,40.79933,-73.95296,Private room,189,1,7,2019-06-23,0.16,5,291
310338,Harlem/Hamilton Heights Sunny Room,745069,Kimberly,Manhattan,Harlem,40.82451,-73.94457,Private room,75,3,30,2019-01-01,0.35,3,322
9689477,Large Studio - Lincoln Center,42694270,Thomas,Manhattan,Upper West Side,40.77401,-73.99056,Entire home/apt,155,4,6,2017-08-02,0.14,1,0
1859901,Prime East Village Spacious 1 BED,9702964,Amanda,Manhattan,East Village,40.72394,-73.98940999999999,Entire home/apt,150,4,43,2018-12-30,0.68,1,188
32820306,The Grand Clinton Hill AirBnB,29411897,Keith,Brooklyn,Bedford-Stuyvesant,40.68873,-73.95472,Private room,70,1,18,2019-06-23,4.7,1,142
3185489,Private Bedroom in Nice Apt. Near Riverside Park!,16142344,Jeffrey,Manhattan,Harlem,40.82165,-73.95491,Private room,70,3,16,2016-07-31,0.26,1,209
20775039,Great Location - 1BR/Times Square/Hell's Kitchen,148861123,Andrew T,Manhattan,Hell's Kitchen,40.7631,-73.99133,Entire home/apt,145,2,77,2019-06-16,3.62,1,194
34788703,Clean comfortable room,260902999,Debera,Manhattan,Harlem,40.81737,-73.93781,Private room,150,5,0,,,1,269
23924218,Apartment in the heart of Williamsburg,1966537,Matthieu,Brooklyn,Williamsburg,40.714490000000005,-73.96265,Entire home/apt,105,2,13,2019-01-27,0.82,1,0
26978310,Sunny Brooklyn House: Steps from the train!,12960612,Lilia,Brooklyn,Bushwick,40.6984,-73.92766999999999,Entire home/apt,275,2,0,,,1,0
34421663,2 Bedroom the NYs Most Poppin Neighborhood,259816232,Rachel,Manhattan,Lower East Side,40.71911,-73.98414,Entire home/apt,250,1,0,,,2,179
32240388,Sonder | Stock Exchange | Classic 1BR + Sofa Bed,219517861,Sonder (NYC),Manhattan,Financial District,40.70722,-74.01023,Entire home/apt,230,2,9,2019-06-10,2.11,327,323
22562364,Room in LIC/Astoria close to the city & LGA/JFK,30812164,Yumi,Queens,Long Island City,40.75501,-73.93455,Private room,38,1,19,2018-10-31,1.73,1,0
15746736,Stylish Williamsburg One Bedroom Apartment,101772343,Liz,Brooklyn,Williamsburg,40.71585,-73.95325,Entire home/apt,136,30,8,2019-04-16,0.3,1,0
8439145,"Beautiful, Secure, Central NYC Apartment!",7654837,George,Manhattan,Midtown,40.75287,-73.97439,Entire home/apt,149,10,3,2019-01-01,0.13,1,14
21526187,West Village Bedroom in duplex apartment,118137788,Chris,Manhattan,West Village,40.72986,-74.00465,Private room,100,2,3,2017-11-16,0.15,1,0
5826475,NYC Charming Harlem Brownstone w/ private garden!,30242959,Celine And Ken,Manhattan,Harlem,40.82682,-73.94634,Private room,116,2,129,2019-07-02,2.5,1,89
5406041,Mod 3 BR duplex-East Village,27974744,Cara,Manhattan,East Village,40.72755,-73.97876,Private room,100,2,156,2019-06-19,3.9,1,197
7461611,Extraordinary One Bedroom Apartment,28316637,Lisa,Brooklyn,Crown Heights,40.66514,-73.95688,Entire home/apt,185,3,56,2019-06-26,1.25,1,333
6301965,Beautiful SoHo Loft,655506,Silvia,Manhattan,SoHo,40.7234,-73.99967,Entire home/apt,16,3,3,2018-01-08,0.16,1,0
393682,Private cozy bedroom in Nolita,1968502,Paola,Manhattan,Nolita,40.72172,-73.99689000000001,Private room,100,5,61,2018-01-02,0.7,1,188
5699348,Spacious UES 1 bedroom apartment,8686625,Marie,Manhattan,Upper East Side,40.78301,-73.95085,Entire home/apt,165,1,166,2019-06-23,3.3,1,210
22937095,"The Studio, lush cabin living in Brooklyn",2416281,Noemie,Brooklyn,Bedford-Stuyvesant,40.68898,-73.95835,Entire home/apt,98,3,45,2019-06-29,2.56,1,179
28219460,Convenient Apartment in Brooklyn Townhouse,6928558,Amy,Brooklyn,Bedford-Stuyvesant,40.69084,-73.95368,Entire home/apt,140,2,51,2019-07-06,5.02,1,125
31673405,Sunny 2 bedroom in Central Brooklyn!,121842697,Lo,Brooklyn,Crown Heights,40.67648,-73.93814,Entire home/apt,200,5,14,2019-06-22,3.59,1,96
35353949,Spacious Two Bedroom-Prime Manhattan Midtown Loc,17689167,Steph,Manhattan,Midtown,40.75124,-73.98451,Entire home/apt,342,3,2,2019-06-23,2.0,1,40
24632516,Quiet Sunlit Bedroom w/ Private Bath in Brooklyn,79322329,Elissa,Brooklyn,Bushwick,40.70133,-73.92074000000001,Private room,115,3,45,2019-07-04,3.14,1,75
26986526,☆Nice Private Room Near Park & Train in MANHATTAN!,20134899,Michael,Manhattan,Harlem,40.82607,-73.95124,Private room,54,23,8,2018-12-30,0.7,2,35
21995883,Chelsea urban style loft,79886089,Stephanie,Manhattan,Chelsea,40.74624,-73.99273000000001,Private room,150,5,4,2019-01-01,0.22,1,0
25635216,Clean and Nice Central Park Apt in Lincoln Center,193127179,Sagawa,Manhattan,Upper West Side,40.7764,-73.98236,Private room,85,4,18,2019-05-03,1.38,1,133
13638026,Large 1 bed apt in heart of Williamsburg,3695865,Jessica,Brooklyn,Williamsburg,40.71911,-73.95828,Entire home/apt,200,2,3,2016-10-30,0.08,1,0
15966074,Evergreen Upper Bed for Female Traveler 紐約民宿,101491116,Tong,Brooklyn,Cypress Hills,40.68313,-73.87077,Shared room,19,2,76,2019-06-20,2.4,6,120
6575471,NYC 2 Bedroom,33247865,Anthony,Manhattan,Greenwich Village,40.72911,-73.99915,Entire home/apt,350,2,34,2017-01-01,0.74,1,0
18838643,Private bedroom in West Soho/West Village,3714721,James,Manhattan,SoHo,40.72681,-74.00771,Private room,76,2,60,2019-06-21,2.37,2,116
25584852,Huge Room With TV Uptown Manhattan,69862540,Rina,Manhattan,Washington Heights,40.8395,-73.94156,Private room,65,2,38,2019-06-27,2.97,3,21
11590055,Park Avenue 3 Bedroom Apartment,50760546,CRNY Monthly Rentals,Manhattan,Midtown,40.7455,-73.98111999999999,Entire home/apt,215,30,2,2017-02-19,0.06,31,125
23901030,Wyndham Midtown 45 (2 Bedroom Presidential) 5A,100238132,Michael,Manhattan,Midtown,40.75316,-73.97163,Entire home/apt,339,3,34,2019-04-19,2.27,12,0
3840286,"Modern, sunny two bedroom",1482208,Allison,Brooklyn,Williamsburg,40.71159,-73.94043,Entire home/apt,246,2,25,2019-03-31,0.54,2,0
19346710,"1 bedroom w/ Queen bed, in Manhattan",135559842,Mauricio,Manhattan,Harlem,40.81375,-73.95268,Private room,49,2,0,,,1,0
19710742,Sunny Room w/ Private Bath in Williamsburg!,2361069,Philip,Brooklyn,Williamsburg,40.71553,-73.96332,Private room,90,3,74,2019-06-23,3.29,1,79
14466137,Crown Heights Cozy 2 Bedroom apt.,88001494,Mendy,Brooklyn,Crown Heights,40.66737,-73.93661,Private room,85,3,55,2019-07-06,1.56,3,49
4804228,Kosher Upper West Side Studio Apt,24750076,Chaz,Manhattan,Upper West Side,40.79331,-73.97537,Entire home/apt,149,4,15,2019-04-27,0.3,1,0
2238300,"Peaceful home, friendly area!",249753,Penny,Brooklyn,Bushwick,40.70422,-73.91405,Entire home/apt,95,5,1,2018-01-06,0.05,1,0
9925100,Luxury Apartment on Park ave,29413554,Hoda,Manhattan,Flatiron District,40.73926,-73.98758000000001,Entire home/apt,150,1,1,2015-12-28,0.02,1,0
8975190,Fresh and great 2BR,46901221,Sandy,Brooklyn,Sheepshead Bay,40.5974,-73.96211,Entire home/apt,129,2,137,2019-07-02,3.55,2,133
26440960,Large beautiful home in the center of Manhattan!,53046634,Joey,Manhattan,Hell's Kitchen,40.76322,-73.99253,Entire home/apt,285,3,6,2018-12-10,0.51,2,76
710015,"Large room, Outdoor Patio, Great Host, Safe Area!",3136147,Gym Hoodie,Brooklyn,Borough Park,40.63324,-73.99461,Private room,103,3,0,,,1,0
30387132,"Bespoke Tribeca Studio, Indoor pool + Great views by Blueground",107434423,Blueground,Manhattan,Tribeca,40.71663,-74.00546,Entire home/apt,276,30,0,,,232,284
22167066,Spacious & Private Harlem/Washington Heights Room,126397762,Xavier,Manhattan,Harlem,40.82967,-73.93956999999999,Private room,79,1,63,2018-11-27,3.28,3,51
21110331,Cherry Hill,141012332,Jeremiah,Bronx,Mott Haven,40.80762,-73.92454000000001,Entire home/apt,115,2,100,2019-06-23,4.76,1,130
33912045,chill zone,176119156,Monica,Brooklyn,Williamsburg,40.70628,-73.9379,Entire home/apt,190,1,13,2019-06-23,5.91,1,171
35508218,Garden Flat,155137506,Dandey,Queens,Laurelton,40.68129,-73.74745,Entire home/apt,85,1,8,2019-07-06,8.0,1,166
5992438,Room in Historic Fort Greene Apt.,2537749,Anna,Brooklyn,Fort Greene,40.6942,-73.97104,Private room,50,1,2,2016-09-23,0.06,1,0
15158791,"SPECIAL: Luxury Apt, Close to Transp, Beach & Food",84558839,Mitch,Brooklyn,Manhattan Beach,40.58085,-73.93934,Entire home/apt,130,2,73,2019-06-30,2.15,1,330
3883020,Huge Apartment! Convenient! Artsy! Comfy!,12556197,Rez,Brooklyn,Crown Heights,40.66856,-73.95619,Entire home/apt,104,5,45,2019-06-30,0.77,2,159
21154544,Huge beautiful bedroom with double exposure,66260832,Dragana,Manhattan,Harlem,40.8152,-73.95175,Private room,50,15,0,,,1,0
24445770,Cozy Comfort in the Heart of Greenpoint Brooklyn,89031106,Edyta,Brooklyn,Greenpoint,40.72198,-73.94911,Entire home/apt,210,30,2,2019-06-03,0.13,4,354
36002857,Soho Comfort,91111113,Javier,Manhattan,SoHo,40.72236,-74.00255,Entire home/apt,125,3,1,2019-07-03,1.0,1,77
14207287,"Cute room near Columbia University, Manhatta",86241021,Kate,Manhattan,Upper West Side,40.80189,-73.9655,Private room,60,20,4,2017-01-15,0.11,1,0
5191617,"Cozy Room in Clinton Hill, Bk",3977023,Vaida,Brooklyn,Bedford-Stuyvesant,40.68977,-73.95603,Private room,70,1,1,2015-08-31,0.02,2,0
771436,3BR/3 Bath House in Astoria,4070269,William,Queens,Ditmars Steinway,40.78027,-73.90821,Entire home/apt,250,28,0,,,1,88
27863860,New York Apartment,106651452,Karen,Manhattan,Civic Center,40.7131,-74.00527,Entire home/apt,70,15,0,,,1,0
3283729,"Beautiful, Furnished Studio!",16596651,Gautam,Manhattan,Upper East Side,40.77787,-73.95104,Entire home/apt,125,4,7,2015-11-15,0.11,1,0
22805947,Big studio  in Pospect Park,162127741,Roger,Brooklyn,Prospect-Lefferts Gardens,40.65757,-73.96039,Entire home/apt,110,5,28,2019-06-30,1.71,1,347
18090927,An Amazing 1-Bedroom Apt. with Spectacular Views,686339,Ben,Manhattan,Kips Bay,40.73819,-73.97389,Entire home/apt,150,62,0,,,1,88
3930878,Clean One Bedroom Apartment,20364466,Michael,Manhattan,East Village,40.72509,-73.97898,Entire home/apt,117,3,7,2018-05-25,0.12,1,7
32048047,Artist Loft Bushwick up to 4 guests,65800377,Benny,Brooklyn,Bushwick,40.70053,-73.92314,Private room,150,3,0,,,3,28
33787438,Cozy Studio in the heart of NYC,131544841,Taina,Manhattan,Kips Bay,40.744690000000006,-73.98037,Entire home/apt,120,2,5,2019-07-07,2.05,1,10
6654323,Sunny Deck and Private Garden,16437254,Benjamin,Brooklyn,Fort Greene,40.6882,-73.97719000000001,Entire home/apt,179,30,0,,,21,0
35939197,"Rooms in the new hipster area of Brooklyn, NYC 3",266998393,Hector,Brooklyn,Bushwick,40.69427,-73.91995,Private room,30,3,0,,,3,100
2296024,Three bedroom upscale condo,2321783,Donna,Bronx,Riverdale,40.88579,-73.91599000000001,Entire home/apt,250,7,2,2019-01-02,0.04,1,338
7269771,CLEAN COZY & COMFY E. VILLAGE PAD,16155254,Lina,Manhattan,Stuyvesant Town,40.7305,-73.98043,Entire home/apt,160,1,150,2019-06-01,3.21,4,238
20692159,A Simple Room 35 Minutes From 42nd Street,113152267,Pedro,Bronx,University Heights,40.85657,-73.90915,Private room,55,1,2,2018-03-28,0.11,1,0
11441692,Modern West Village Studio,6501137,Dee,Manhattan,West Village,40.73982,-74.00806999999999,Entire home/apt,228,1,10,2017-01-01,0.25,1,0
24873530,Bed-Stuy 2 Bedroom Beauty w/ Spacious Living Room,26178850,Anna,Brooklyn,Bedford-Stuyvesant,40.68344,-73.93308,Private room,45,5,19,2019-05-27,1.34,1,199
7659042,Cozy Room 25 Minutes from Manhattan,23187157,Andrew,Brooklyn,Bushwick,40.70036,-73.91723,Private room,80,1,0,,,1,0
3792246,private bedroom in NYC apartment,7508547,Pamela,Queens,Ridgewood,40.7012,-73.90008,Private room,49,2,77,2019-06-22,1.53,1,1
14445183,Family Friendly Stay in Brooklyn,88945872,Andria,Brooklyn,East Flatbush,40.6468,-73.9508,Entire home/apt,100,5,83,2019-06-30,2.5,1,31
16324410,Private cozy room near LGA airport,58391491,Juel,Queens,East Elmhurst,40.76432,-73.87227,Private room,33,1,333,2019-06-24,10.64,5,139
28085491,1 Bedroom in NYC's Lower East Side! | Chinatown,50250626,Greg,Manhattan,Lower East Side,40.71882,-73.98554,Entire home/apt,185,1,52,2019-07-04,5.2,1,162
16779548,Empire Room in Spacious Apartment,24283455,Igam,Brooklyn,Gravesend,40.58906,-73.98245,Private room,35,3,52,2019-06-09,1.78,2,0
24919725,Shared Open Studio - Floor Space,159154462,Ken,Manhattan,Midtown,40.75722,-73.98161999999999,Shared room,85,1,5,2018-10-18,0.36,2,83
19193139,Loft Bright Studio,133923404,Madelline,Manhattan,Harlem,40.82669,-73.94827,Entire home/apt,95,5,9,2019-05-25,0.38,1,0
27016931,Bronx Apartment-> BRAND NEW BUILDING-BUILT IN 2010,203266238,Steve,Bronx,Morris Park,40.85322,-73.85144,Private room,75,5,6,2019-03-31,0.55,5,29
24831635,Comfortable an Nice Bedroom to relax,187718165,Magui,Queens,Briarwood,40.71007,-73.81483,Private room,30,1,24,2019-06-12,1.67,1,6
20215712,The Bad Pad,144013169,Kara,Manhattan,West Village,40.73552,-74.00554,Entire home/apt,300,3,19,2019-06-27,0.81,1,12
12099852,Spacious 1 Bedroom with City Views,42905408,Carolyn,Queens,Astoria,40.76856,-73.92591,Entire home/apt,165,1,0,,,1,0
34844071,SWEET STUDIO 4 BLOCKS FROM THE BEACH! 15min to NYC,56306339,Al,Staten Island,Midland Beach,40.57503,-74.09523,Entire home/apt,61,5,0,,,1,290
811299,Radiant Cobble Hill - 1 bedroom,4231668,Darren,Brooklyn,Boerum Hill,40.68515,-73.99055,Entire home/apt,119,5,42,2017-01-02,0.53,1,0
3435260,Private Sunny Room in Park Slope,17315514,Ana,Brooklyn,Sunset Park,40.66201,-73.99719,Private room,50,10,1,2016-11-08,0.03,2,0
20998265,Charming- cozy bedroom,90531953,Carolina,Bronx,Concourse,40.82453,-73.92563,Private room,60,1,16,2018-01-01,0.74,1,0
18071246,A3Small Cozy Room in Long Island City,79105834,Leo,Queens,Long Island City,40.75541,-73.9335,Private room,35,1,90,2019-06-22,3.31,9,273
2055467,Great Location on St. Marks Place,10526877,Steven,Manhattan,East Village,40.72852,-73.98705,Entire home/apt,150,1,0,,,1,0
36072357,Charming suite on Historic block,271354975,Frances,Brooklyn,Bedford-Stuyvesant,40.68323,-73.94694,Private room,170,2,0,,,1,164
30376690,Charming Harlem Studio!,81970141,Emily,Manhattan,Harlem,40.82932,-73.94696,Entire home/apt,119,2,15,2019-07-01,2.38,1,12
24509757,Wonderful 3 bed 1.5 baths 20 Mins to Times Square!,1273890,Sergio,Manhattan,Washington Heights,40.85081,-73.9368,Entire home/apt,150,30,0,,,2,339
13410813,1 br apartment(3’ to train)+access to coworking,43375242,Gabriela,Queens,Long Island City,40.7537,-73.93186,Entire home/apt,120,3,40,2019-06-30,1.45,2,365
1922863,Bi-level Loft with a Private Garden,915973,Donald P.,Brooklyn,Williamsburg,40.71715,-73.95527,Entire home/apt,248,3,57,2019-06-06,0.9,1,344
34493353,"5★ clean,  150ft² bedroom, 10min to Union Square",28371926,John,Brooklyn,Williamsburg,40.70973,-73.94521,Private room,60,2,9,2019-06-25,4.82,1,87
22580951,Private Huge 4 Bedroom Apartment,21593637,Pat And Shelly,Brooklyn,Bedford-Stuyvesant,40.68464,-73.92656,Entire home/apt,179,3,30,2019-06-14,1.68,2,285
2895820,Quiet Room in Central Location,5454390,Tracy & Matt,Manhattan,East Village,40.73362,-73.9892,Private room,113,2,255,2019-07-07,4.05,1,41
21346661,Spacious Private Room in Greenwich Village,78007526,Nick,Manhattan,Greenwich Village,40.72883,-74.00145,Private room,130,1,43,2018-07-15,2.04,1,145
22973043,"Coolest neighborhood, cutest apartment.",74873565,China,Manhattan,Two Bridges,40.7116,-73.99568000000001,Entire home/apt,175,2,8,2019-05-06,0.46,1,0
22312190,Art Lover’s Dream! Chelsea Delight!,52602009,Norman,Manhattan,Chelsea,40.75071,-74.00247,Private room,84,2,119,2019-06-19,6.44,1,20
33800016,COZY ROOM IN PRIME MID EAST CLOSE TO EVERYTHING!!!,28580275,Sommy,Manhattan,Midtown,40.75661,-73.96396,Private room,100,2,4,2019-05-22,1.82,4,314
15035050,HEART OF SOHO UPDATED 1 BR,61391963,Corporate Housing,Manhattan,Nolita,40.72332,-73.99466,Entire home/apt,142,30,7,2019-03-26,0.24,91,66
16341416,Sunny room in BK for your NYC stay!,40146897,Eric,Brooklyn,Crown Heights,40.67306,-73.92334,Private room,49,2,34,2019-06-04,1.11,5,29
29132728,Cozy and spacious 1-bedroom apartment,83907534,Leen,Manhattan,Kips Bay,40.74228,-73.97601,Entire home/apt,175,7,5,2019-06-14,0.66,1,32
382524,Cozy room with private bathroom & outside garden,732535,William,Manhattan,Harlem,40.803340000000006,-73.94805,Private room,180,3,14,2019-04-04,0.16,3,348
22339259,Cozy affordable room close to Express station!,64018594,Daphne,Manhattan,Harlem,40.80966,-73.95299,Private room,90,1,1,2017-12-31,0.05,2,0
27774442,Huge Industrial Chic Williamsburg 1 Bdrm w/rooftop,24399066,Rachel,Brooklyn,Williamsburg,40.72018,-73.9573,Entire home/apt,185,1,20,2019-06-09,1.89,1,44
24537860,Sonder | Hanover Square | Modern 1BR + Rooftop,12243051,Sonder,Manhattan,Financial District,40.70563,-74.0078,Entire home/apt,209,29,3,2019-04-30,0.26,96,328
30009701,Fast Commute - SUNNY PRIVATE ROOM  in luxury BK,188949327,Criselis,Brooklyn,Bedford-Stuyvesant,40.68986,-73.9249,Private room,50,1,6,2019-04-29,1.0,1,0
35729594,Rose's Brooklyn Oasis - Close to Subway!,268757078,Vinette,Brooklyn,East Flatbush,40.6456,-73.95065,Private room,40,1,1,2019-06-30,1.0,2,151
4053987,Small Private Room for 1 person,1960128,Luana,Queens,Ozone Park,40.6844,-73.8472,Private room,58,1,2,2015-08-16,0.04,2,364
33999874,BRIGHT ROOM CLOSE TO MIDTOWN MANHATTAN,32167398,Meela,Queens,Long Island City,40.75894,-73.92864,Private room,60,1,4,2019-05-12,1.52,5,355
23956264,Bright room in sunny Prime Williamsburg pad.,128785861,Carlos,Brooklyn,Williamsburg,40.71622,-73.95364000000001,Private room,70,1,13,2018-09-06,0.93,2,0
22188812,Quiet 2 Bdrm in Williamsburg,67336825,Cody,Brooklyn,Williamsburg,40.70879,-73.94977,Entire home/apt,105,3,2,2017-12-19,0.11,1,0
22730298,Spacious King size Apartment near Prospect Park,131827796,Rose,Brooklyn,Prospect-Lefferts Gardens,40.66248,-73.95427,Entire home/apt,130,3,36,2019-06-25,2.23,1,132
26250185,LYRIC - Hotel Studio Suite with Kitchen,197053492,Lyric At 70 Pine,Manhattan,Financial District,40.70722,-74.00873,Entire home/apt,219,1,36,2019-07-07,2.83,8,321
8687556,NYC  Garden apartment next to trains/restaurants,13713605,Bea Ebony,Brooklyn,Kensington,40.64272,-73.97418,Entire home/apt,90,4,68,2019-07-01,1.78,2,267
16319001,Stanhope,106798652,Timbrooke,Brooklyn,Bushwick,40.69477,-73.92489,Private room,50,7,0,,,2,362
31795059,Loft on the Best Block of the Lower East Side,1533007,Sivan,Manhattan,Chinatown,40.71683,-73.99172,Entire home/apt,130,3,15,2019-06-19,3.04,1,15
19158672,Newly Renovated 1 Bedroom in Hell's Kitchen. 58/10,56342503,Matthew,Manhattan,Hell's Kitchen,40.7694,-73.98736,Entire home/apt,280,4,3,2018-01-05,0.13,1,0
12885249,Room in Bushwick Bk available June,65459567,Destiny,Brooklyn,Bushwick,40.68651,-73.91185,Private room,26,14,0,,,1,0
6733512,A Serine Stay in Bedstuy,1398639,Juliet,Brooklyn,Bedford-Stuyvesant,40.68814,-73.93089,Private room,55,10,14,2019-05-06,0.31,3,301
25347359,Royal suite,189792874,Voxie,Brooklyn,Canarsie,40.63202,-73.90916,Entire home/apt,135,2,16,2019-06-30,1.21,1,358
652648,GRAMERCY PARK~FURNISHED E.20's ST P,1475015,Mike,Manhattan,Kips Bay,40.741890000000005,-73.97833,Entire home/apt,87,30,3,2018-08-15,0.05,52,363
4846754,Basement apartment in bedstuy,6885157,Randy,Brooklyn,Bedford-Stuyvesant,40.68266,-73.95031999999999,Entire home/apt,60,1,23,2019-07-05,1.99,15,83
30532068,Astorias spacious room in a historical mansion!!,229104353,Abram,Queens,Astoria,40.77606,-73.92804,Private room,91,2,0,,,2,341
30489218,"Gorgeous 1-bedroom apt in Williamsburg, Brooklyn",59026607,Anuj,Brooklyn,Williamsburg,40.70392,-73.94885,Entire home/apt,72,3,7,2019-05-16,1.26,1,0
29652490,♂ ♀ Sunny Bedroom in Popular Brooklyn,204852306,Dee,Brooklyn,Bedford-Stuyvesant,40.67937,-73.93262,Private room,45,15,0,,,14,0
24850009,Cute studio steps from Prospect Park,19508332,Jessica,Brooklyn,Prospect-Lefferts Gardens,40.66042,-73.9602,Entire home/apt,75,2,7,2019-06-07,0.54,1,9
8055582,Private Autumn Room in Brownstone Near Subway,40176101,Brady,Brooklyn,Bedford-Stuyvesant,40.69003,-73.93085,Private room,79,1,284,2019-06-09,6.09,7,67
35085042,"Gorgeous, spacious Brooklyn Studio",189994854,Ethan,Brooklyn,Gowanus,40.67753,-73.99084,Entire home/apt,110,30,1,2019-07-01,1.0,1,1
4265471,Ladies Shared Dorm Room (Top Bunk),3294438,Torell,Brooklyn,Bedford-Stuyvesant,40.68676,-73.95801,Shared room,30,2,13,2019-07-01,0.37,3,339
16823231,1BR Spacious Luxury Apartment in Williamsburg BK,2369654,Michael & Hanako,Brooklyn,Williamsburg,40.71778,-73.95503000000001,Entire home/apt,120,4,7,2018-04-16,0.24,1,0
3944625,Huge serene room in a perfect area!,20440955,Mario,Brooklyn,Brooklyn Heights,40.69417,-73.99443000000001,Private room,129,2,199,2019-07-06,3.42,1,298
7915596,"Large, Bright NYC Room Near Trains",2339049,Arianna & Z,Brooklyn,Bushwick,40.69919,-73.93818,Private room,75,2,226,2019-06-10,4.78,2,128
13459473,Spacious room in Midtown East Manhattan,956383,Andrew,Manhattan,Midtown,40.75896,-73.96439000000001,Private room,105,7,0,,,1,0
29662414,"Grand Street in Brooklyn, G stop, L stop.",162938514,Alex,Brooklyn,Williamsburg,40.71121,-73.95028,Entire home/apt,250,2,24,2019-06-29,3.01,1,282
26811414,Charming House near Prospect Park,9296262,MIchele,Brooklyn,Windsor Terrace,40.65251,-73.97598,Entire home/apt,145,3,3,2018-08-02,0.26,1,69
4942985,Quirky BrwnStone Studio in Harlem ,25476493,Taylor,Manhattan,Harlem,40.80607,-73.94805,Entire home/apt,115,1,0,,,1,0
3600961,Charming 1 Bed in Trendy Location!,18142696,Morgan,Manhattan,East Village,40.72974,-73.98371999999999,Entire home/apt,160,2,5,2015-08-20,0.08,1,0
32541389,LUXURY 2 BR ON E 18th ST IN GRAMERCY PARK-DOORMAN,200380610,Pranjal,Manhattan,Gramercy,40.73512,-73.98614,Entire home/apt,235,30,0,,,65,242
29159920,Suite East Side - FREE street parking & wifi,219738858,Joe,Manhattan,Lower East Side,40.72074,-73.98487,Entire home/apt,195,30,21,2019-06-21,2.43,5,117
19387402,Luxury Central Park Apartment close to everything,78325795,Bozhena,Manhattan,Harlem,40.80369,-73.94856999999999,Entire home/apt,179,2,143,2019-07-05,5.77,3,197
7670562,JFK 10 & LGA 15 MINUTES A/C  PRIVATE BEDROOM,22959695,Gurpreet  Singh,Queens,Richmond Hill,40.69604,-73.82449,Private room,50,1,424,2018-11-25,8.86,5,0
5266736,Cozy Garden Flat.,27261471,Philmore,Brooklyn,Canarsie,40.64716,-73.89403,Entire home/apt,120,2,1,2019-06-30,1.0,2,140
7358093,Brooklyn Brownstone with Backyard,26202073,Raven,Brooklyn,Bushwick,40.68833,-73.91676,Entire home/apt,89,5,0,,,1,0
21216288,Spacious Apartment + Bushwick Backyard,5022142,Yoni,Queens,Ridgewood,40.706,-73.91418,Entire home/apt,90,4,4,2019-05-29,0.26,1,0
33614390,Vacate NYC.,58027700,Janei,Brooklyn,Bedford-Stuyvesant,40.67758,-73.92751,Private room,65,1,12,2019-06-29,4.29,1,179
13710241,A Cozy Bedroom in 2 Bedroom Apt,6110471,Yarynka,Manhattan,Harlem,40.801,-73.95833,Private room,110,1,23,2019-06-09,1.0,1,146
8362098,Lovely 1.5 bed in South Park Slope,2128335,Julian,Brooklyn,Sunset Park,40.66198,-73.99785,Entire home/apt,69,5,9,2016-12-30,0.2,1,0
13433870,Bright Bedroom with views of city,31162653,Laszlo,Brooklyn,Bushwick,40.7025,-73.92935,Private room,95,2,3,2018-01-03,0.09,1,0
32704496,Ladies Shared Cozy Space,163749958,Brianna,Manhattan,Kips Bay,40.74433,-73.97868000000001,Shared room,39,2,1,2019-05-10,0.5,3,365
21512357,NYC Modern Luxury Apartment 15 Mins to Wall Str.,3424386,V,Brooklyn,Park Slope,40.68111,-73.97994,Entire home/apt,129,3,7,2019-04-10,0.38,1,12
34419243,Beautiful LIC-Lush garden-Midtown1stop-Breakfast,259796664,Santi,Queens,Long Island City,40.75317,-73.93502,Private room,99,1,7,2019-06-01,3.44,10,352
19329734,Large Top Floor Apartment,135401519,Luka,Manhattan,Kips Bay,40.74063,-73.98205,Entire home/apt,325,30,155,2019-06-19,6.22,1,240
15943497,(3)Comfy Home Away From Home/Multiple Rooms,88043058,Pamela,Brooklyn,Bedford-Stuyvesant,40.68875,-73.95401,Private room,40,1,41,2019-05-24,1.34,4,352
10992335,Cozy 1BR near subway,19000768,Karina,Queens,Sunnyside,40.74219,-73.92485,Entire home/apt,90,2,3,2017-11-06,0.12,2,0
13879965,Private Micro Room 2,59529529,Han,Manhattan,Hell's Kitchen,40.762890000000006,-73.99419,Private room,70,1,218,2019-07-02,5.98,6,184
35579436,The Artist's Loft,194369832,Adam,Manhattan,East Village,40.72347,-73.97792,Entire home/apt,200,2,1,2019-06-26,1.0,1,43
4530154,Park Slope Sky Parlor,3201774,Ashley,Brooklyn,South Slope,40.66388,-73.9905,Private room,53,1,105,2019-06-21,2.11,2,137
14332083,Large furnished room with 2 beds,87723508,Edyta,Queens,Glendale,40.69848,-73.89569,Private room,34,30,14,2019-07-02,0.41,2,365
19409883,Spacious 2BR APT in Upper Manhattan,39739038,Stephanie,Manhattan,East Harlem,40.79749,-73.93336,Private room,140,1,1,2017-12-10,0.05,2,177
17900681,Sunny & Spacious Room Facing Central Park,8748472,Christina,Manhattan,Upper West Side,40.79806,-73.96085,Private room,100,2,5,2017-05-01,0.18,1,0
8194369,Cute room in huge artist loft!,13076168,Jaimie,Brooklyn,Bedford-Stuyvesant,40.67889,-73.9481,Private room,49,14,9,2018-10-02,0.2,1,0
23258639,Large Alcove Studio in the Heart of Chelsea,22412963,Anne,Manhattan,Chelsea,40.74482,-73.99882,Entire home/apt,180,1,72,2019-06-25,4.67,3,223
13156982,Sunny New Artist's 1BR In Greenpoint,62285182,Brian,Brooklyn,Greenpoint,40.73432,-73.95145,Entire home/apt,117,2,17,2016-11-19,0.47,1,0
14055341,Cozy Private Room in LIC close to Everywhere in NY,25537819,Joelle,Queens,Long Island City,40.74604,-73.94194,Private room,70,1,13,2018-08-24,0.36,2,0
5320983,Beautiful bright renovated 2BR w Balcony-sleeps 5!,588270,Dikla,Brooklyn,DUMBO,40.7043,-73.98666999999999,Entire home/apt,189,2,177,2019-06-09,3.33,2,235
33157502,#2 Make yourself at home. (close to LGA and JFK),249649095,Tenzin,Queens,East Elmhurst,40.76132,-73.88192,Private room,53,2,16,2019-06-21,4.49,1,79
11228502,SMALL ROOM in private House,22420999,Herman,Queens,Richmond Hill,40.69585,-73.83098000000001,Private room,50,2,5,2018-12-31,0.25,5,344
25130960,Williamsburg Brooklyn 2BR  Apt. / 5min to L Train,141597248,Osvaldo,Brooklyn,Williamsburg,40.70847,-73.94426,Entire home/apt,107,7,1,2018-06-19,0.08,1,0
34205576,Convenient ground floor duplex - no stairs!,258243498,Ben,Brooklyn,Williamsburg,40.70998,-73.94694,Private room,155,3,1,2019-05-27,0.7,3,365
24670553,South exposure Bay windows Loft studio,26584499,Ofir,Manhattan,Upper West Side,40.78245,-73.98355,Entire home/apt,125,30,0,,,8,283
31100684,HUGE room in Grammercy,9420910,Alyona,Manhattan,Kips Bay,40.73885,-73.97938,Private room,150,1,1,2019-05-25,0.67,2,157
9185696,Excellent 1 Bedroom Apt. in Queens,47790995,Harman,Queens,Queens Village,40.71846,-73.75584,Entire home/apt,75,5,85,2019-05-25,1.9,1,332
30554810,Railroad 2 bdr apartment,70065270,Iryna,Manhattan,East Harlem,40.789,-73.94798,Entire home/apt,90,3,1,2019-01-01,0.16,1,0
19636727,Private Room for 1 with Balcony! (004),137999892,Simranjeet,Staten Island,Concord,40.60732,-74.08709,Private room,40,2,36,2019-05-09,1.6,7,286
13951783,Time SQ  Midtown West Central Park 3Beds Sleep6,82491369,Joel,Manhattan,Hell's Kitchen,40.76463,-73.98855,Entire home/apt,275,2,125,2019-06-11,3.44,1,146
16960374,Beautiful 1br in Manhattan!,30097523,Kevin,Manhattan,Harlem,40.821670000000005,-73.94988000000001,Entire home/apt,110,6,5,2018-07-23,0.17,1,0
28418722,"Apartment  minutes away from JFK, LGA, CitiField",214424497,Michelle,Queens,St. Albans,40.70454,-73.7656,Entire home/apt,64,1,32,2019-07-07,3.47,1,259
15481730,Gorgeous Bushwick Apartment,1093220,Chavisa,Brooklyn,Bushwick,40.70435,-73.92551999999999,Private room,40,5,19,2019-06-15,0.62,3,0
33077150,Comfortable & Private One Bedroom Apt in NYC!,248944703,Sasha,Manhattan,Murray Hill,40.7462,-73.97296,Entire home/apt,160,2,11,2019-07-03,4.34,1,90
36315267,"Great Soho Apartment "" Renovated & Clean """,138379336,Karin,Manhattan,SoHo,40.72654,-74.00201,Entire home/apt,285,5,0,,,1,365
2557654,East Village Charm,13094498,Doug,Manhattan,East Village,40.72939,-73.98319000000001,Private room,75,2,124,2019-07-07,1.92,1,109
794567,Brooklyn Oasis - Master Bedroom.,4103779,Rachel,Brooklyn,Prospect-Lefferts Gardens,40.65586,-73.95953,Private room,82,3,62,2019-06-22,0.8,1,247
28510048,NYC Spacious 6 Br Victorian Home w/ parking,57812046,Dave + Suzanne,Brooklyn,Flatbush,40.63848,-73.96571999999999,Entire home/apt,330,3,2,2019-07-03,1.05,2,18
16395800,Small Room,78497102,Ira,Manhattan,Lower East Side,40.71777,-73.98526,Private room,99,1,6,2018-01-01,0.2,1,0
22545284,"Private Brooklyn studio, cozy for wintertime",3073721,Jennifer,Brooklyn,East Flatbush,40.65398,-73.94399,Entire home/apt,85,2,52,2019-01-01,3.54,1,0
10634636,Cozy room 15mins Manhattan & 10 LGA,697477,Kesang,Queens,Woodside,40.75427,-73.90646,Private room,55,1,54,2019-06-21,1.28,1,297
8281889,"Williamsburg, Brooklyn space",43669213,Jasmine,Brooklyn,Williamsburg,40.70309,-73.94788,Private room,150,1,4,2017-03-19,0.09,1,363
33801421,The best building in Bed-Stuy,46430057,Pharohl,Brooklyn,Bedford-Stuyvesant,40.69266,-73.94431,Entire home/apt,60,1,7,2019-07-01,7.0,1,17
35425436,World luxury,266609191,Yvette,Brooklyn,Bedford-Stuyvesant,40.68451,-73.92753,Private room,70,1,2,2019-06-15,2.0,1,161
17809303,Room With A View,1495021,Lida,Queens,Sunnyside,40.7381,-73.91893,Private room,64,31,0,,,2,95
16337590,Artsy Apt in Bushwick!,9210000,Tracy,Brooklyn,Bushwick,40.68376,-73.91121,Private room,50,2,5,2017-05-16,0.16,1,206
16228697,Beautiful brownstone in Harlem- $2.75 bus from LGA,86509759,Roanne,Manhattan,East Harlem,40.80802,-73.94013000000001,Private room,77,3,30,2019-06-28,0.98,1,90
25972171,HUGE WASHINGTON HEIGHTS ROOM,90689056,Maddie,Manhattan,Washington Heights,40.84813,-73.94349,Private room,55,5,1,2018-06-13,0.08,1,0
5569302,"Sunny Apt, park view - Jeffreson L",5074343,Josh,Brooklyn,Bushwick,40.70336,-73.92416,Entire home/apt,65,5,0,,,1,0
20917327,AWESOME APARTMENT mins from JFK and LGA,150304209,Melrose,Queens,St. Albans,40.6959,-73.75159000000001,Entire home/apt,85,2,59,2019-06-17,2.69,1,36
16630483,"SPACIOUS, trendy  Flatiron Apt-Traveler's Delight!",107459717,Matt,Manhattan,Kips Bay,40.73945,-73.98273,Entire home/apt,144,2,2,2018-12-16,0.08,1,0
1073635,Cozy Carroll Gardens Brownstone Apt,4243849,Emma,Brooklyn,Carroll Gardens,40.683040000000005,-73.99819000000001,Entire home/apt,175,2,279,2019-06-22,3.68,1,218
34316644,Yellow  ButterFly,145878384,Denise,Brooklyn,East Flatbush,40.65607,-73.92942,Private room,110,3,0,,,7,320
728764,AMAZING COLUMBUS CIRCLE LOCATION :),1475015,Mike,Manhattan,Hell's Kitchen,40.76761,-73.98619000000001,Entire home/apt,100,30,3,2018-11-01,0.12,52,365
12947454,"Awesome, Clean & Cozy UWS Apartment",33419138,George,Manhattan,Upper West Side,40.78175,-73.97576,Entire home/apt,180,1,1,2016-05-19,0.03,1,0
25071113,"Airy, art-filled home in bohemian East Village",104921994,Sunhwa,Manhattan,East Village,40.72718,-73.9843,Entire home/apt,128,30,7,2019-05-16,0.5,1,142
33362477,Comfy 2 bedroom apartment in Manhattan,1692538,Nuttamon,Manhattan,Washington Heights,40.85482,-73.93137,Entire home/apt,174,1,6,2019-06-09,1.88,5,324
28871823,Chic Modern Minimalism | Private Luxury Space,10320429,Julie,Brooklyn,Bedford-Stuyvesant,40.69058,-73.94863000000001,Private room,72,2,37,2019-06-30,3.94,1,18
22570044,Convenient bedroom in a modern apartment,790872,Tri,Manhattan,East Harlem,40.8049,-73.94012,Private room,80,1,4,2018-03-15,0.23,2,0
34817616,5 min walk to Times Square!  Sleeps 5. Very clean.,251535441,Nick,Manhattan,Hell's Kitchen,40.76047,-73.99202,Entire home/apt,199,7,6,2019-07-01,3.46,1,102
9786398,LOCATION! Private room with yard.,1698487,Chelsea,Brooklyn,Prospect Heights,40.67835,-73.96846,Private room,85,1,90,2019-06-16,2.08,1,345
4244528,Williamsburg Beauty,4162754,Angel,Brooklyn,Williamsburg,40.71295,-73.9623,Private room,80,1,52,2019-05-27,1.12,1,297
23269735,Light Flooded Artist Loft in Brooklyn,149047,Heather Nadine,Brooklyn,Bedford-Stuyvesant,40.69158,-73.95958,Entire home/apt,150,4,6,2019-07-08,0.63,1,11
33822605,Brooklyn share next to train 25 min to Manhattan,201015598,Anchor,Brooklyn,Bedford-Stuyvesant,40.6783,-73.91055,Shared room,35,1,3,2019-06-07,1.11,17,77
35235212,Feel like a home & few steps walking to City Mall.,265288059,Masum,Queens,Corona,40.73611,-73.86401,Private room,36,1,2,2019-06-30,1.76,2,62
28780515,2 bedrooms available• private garden • 2/5  train,5166260,Jenni & Eric,Brooklyn,East Flatbush,40.65241,-73.95088,Private room,80,2,51,2019-06-24,5.5,1,34
95883,Spacious Loft in Clinton Hill,509918,Eduardo,Brooklyn,Bedford-Stuyvesant,40.69465,-73.95458,Entire home/apt,200,5,4,2018-12-26,0.07,1,9
34323565,Sonder | 21 Chelsea | Vibrant Studio + Rooftop,219517861,Sonder (NYC),Manhattan,Chelsea,40.74229,-73.9959,Entire home/apt,209,29,0,,,327,365
19699241,MJ house,138782186,Hannah M,Queens,Rosedale,40.65531,-73.7274,Private room,70,1,0,,,2,365
18963479,Studio apt in Midtown East steps to UN,132245692,Stay With US!,Manhattan,Midtown,40.75169,-73.97323,Entire home/apt,70,2,79,2019-06-22,3.21,1,98
14570408,Private room in 2 BR on Woodside,70769144,Byungdo,Queens,Woodside,40.75105,-73.90151999999999,Private room,30,7,1,2016-12-01,0.03,1,0
23160162,Large bright loft in Williamsburg,71840935,Cara,Brooklyn,Williamsburg,40.70569,-73.95300999999999,Private room,55,2,5,2018-09-07,0.3,1,0
24945253,Brand new beach front house near JFK (2),187383058,John,Queens,Arverne,40.5872,-73.79567,Entire home/apt,350,2,25,2019-07-07,1.83,2,332
10078736,Newly Renovated Carriage House,51716739,Harvin,Brooklyn,Bedford-Stuyvesant,40.68886,-73.93084,Entire home/apt,225,2,68,2019-06-04,1.69,3,273
35197107,***Entire Apartment 5 mins to JFK***,265043054,Lovlee,Queens,Jamaica,40.67289,-73.76699,Entire home/apt,100,1,4,2019-07-01,4.0,1,78
28489062,Cozy 2 Bedroom by the Park !,20104851,Scott,Brooklyn,South Slope,40.66595,-73.97973,Entire home/apt,195,4,22,2019-06-25,3.01,1,67
16159778,Cozy room in Williamsburg,13483196,Noelle,Brooklyn,Williamsburg,40.71212,-73.96086,Private room,90,1,0,,,1,0
19405371,Modern and Artful Home in Manhattan/NYC,35064923,Marlyn,Manhattan,East Harlem,40.80138,-73.94413,Entire home/apt,127,4,86,2019-06-29,3.68,1,1
33154669,Center Located OneBedroom CloseTo LGA Train7/E/F,90131587,Yu Qun,Queens,Elmhurst,40.73716,-73.87957,Entire home/apt,109,2,3,2019-05-26,1.15,1,0
13542938,"East 58th Street, Lux Svcd 1bd Apt",22541573,Ken,Manhattan,Midtown,40.75724,-73.96384,Entire home/apt,245,30,0,,,87,280
20156382,"The BABY ""O""",143431362,Okela,Brooklyn,East Flatbush,40.63831,-73.94572,Private room,89,1,14,2019-05-05,0.62,1,364
34978307,Park Slope Sweet Home 1 Bedroom August Rental,84642468,Xiaohui,Brooklyn,Gowanus,40.66714,-73.99279,Private room,80,14,0,,,1,192
34209710,Cozy Room for Female Guests/ just 30sec to Subway!,63834320,Minami & Takuya,Brooklyn,Bushwick,40.70058,-73.91123,Private room,65,2,8,2019-07-07,3.93,1,19
21173263,Private Entrance Room in Brooklyn w/ Queen Bed,48510097,Ellen,Brooklyn,Bushwick,40.6897,-73.91512,Private room,60,2,1,2017-10-09,0.05,1,0
33713803,Rad Clubhouse: 2 Private Rooms + Diner Kitchen,19645976,Angela,Brooklyn,Williamsburg,40.70891,-73.96342,Private room,169,3,7,2019-07-01,3.56,1,72
29392902,"1 x Bedroom Apt with Amazing Rooftop, Greenpoint",91101209,Anna,Brooklyn,Greenpoint,40.7348,-73.95543,Entire home/apt,150,6,1,2018-11-26,0.13,1,154
17157615,"East Village, Private room with access to garden",115395049,Adi And Evangel,Manhattan,East Village,40.725840000000005,-73.9894,Private room,78,1,38,2019-06-21,1.3,2,138
13940091,Your own Midtown Manhattan Apt & private Garden,61649970,Chantelle,Manhattan,Murray Hill,40.747440000000005,-73.97299,Entire home/apt,219,1,56,2019-06-09,1.58,2,217
33776553,Spanish Harlem! Next to the 6 train in Manhattan!,251508221,Dee,Manhattan,East Harlem,40.79834,-73.94337,Entire home/apt,300,2,1,2019-05-15,0.55,1,180
2460611,1890s North Williamsburg Townhouse,4137875,Rachel,Brooklyn,Greenpoint,40.72559,-73.95033000000001,Private room,145,2,21,2019-04-22,0.45,1,64
34415643,Bright & Meditative room in Williamsburg!,22553147,Michael H.Y.,Brooklyn,Williamsburg,40.71143,-73.94189,Private room,69,1,9,2019-07-04,8.18,3,318
34971337,Spacious 2 Bed on Park with Washer/Dryer #6113,113723310,Joe,Manhattan,Murray Hill,40.74751,-73.98051,Entire home/apt,300,30,0,,,8,355
18841864,Sunny apartment in Clinton Hill,2294171,Ro,Brooklyn,Clinton Hill,40.68318,-73.96067,Entire home/apt,120,2,1,2017-05-29,0.04,1,0
24699739,Sunny Room in Park Slope,48410883,Jason,Brooklyn,South Slope,40.66807,-73.9906,Private room,40,5,7,2019-05-10,0.49,2,0
36108811,Bright and Sunny home away from home.,271616449,Raiysa,Bronx,Parkchester,40.8349,-73.85259,Private room,40,3,1,2019-06-28,1.0,1,68
20568215,NYC tourism and food just steps away!,93376283,Gabriella,Manhattan,Hell's Kitchen,40.76638,-73.99079,Entire home/apt,168,2,4,2017-11-25,0.2,1,0
1016819,2BR 2Bath duplex w garden & terrace,5596242,Sabrina And Eduardo,Brooklyn,Clinton Hill,40.68771,-73.96186,Entire home/apt,235,6,5,2018-07-03,0.07,1,3
2611458,close to Manhattan country setting,13373889,Aaron,Staten Island,Concord,40.60375,-74.08065,Private room,129,1,40,2018-10-14,0.85,2,86
6091850,Cozy 1BD in a cool neighborhood.,31614694,Silvia,Queens,Long Island City,40.76019,-73.92915,Entire home/apt,80,3,177,2019-06-24,3.66,1,196
30505964,Cozy renovated Brooklyn apt near LGA JFK NYC,73624239,Sarah,Brooklyn,East New York,40.67396,-73.87905,Entire home/apt,120,2,11,2019-07-01,1.68,1,62
35184104,Bedroom in Penthouse Apartment,49132405,Abshan,Manhattan,East Harlem,40.79908,-73.93290999999999,Private room,140,2,1,2019-06-10,1.0,1,21
5771361,Newly renovated 2 bed 2 bath in EV,21191263,Jonny,Manhattan,East Village,40.72915,-73.98866,Entire home/apt,275,1,1,2015-03-30,0.02,1,0
505029,SPACIOUS Fabulous Sunny Loft for 2 wks in Fall,2490471,Ann,Manhattan,East Village,40.724540000000005,-73.97944,Entire home/apt,175,4,13,2018-11-16,0.17,1,0
7791635,"Dominique's mini room NYC-sleep, shower & go*wifi",310670,Vie,Bronx,Eastchester,40.88001,-73.8345,Private room,62,2,5,2017-07-11,0.12,13,320
25428161,Serene Studio in FiDi by Sonder,12243051,Sonder,Manhattan,Financial District,40.70587,-74.00685,Entire home/apt,167,29,0,,,96,332
16269344,"Fort Greene 2 bed, 2 bath in modern building",92321381,Terry,Brooklyn,Fort Greene,40.69117,-73.96968000000001,Entire home/apt,145,30,0,,,1,29
1386742,Columbus Circle/Central Park/Hells Kitchen,40100,Nicole,Manhattan,Upper West Side,40.76977,-73.98638000000001,Private room,89,3,231,2019-06-27,4.67,2,38
8966368,Beautiful Apartment in Cobble Hill,321710,Piero,Brooklyn,Cobble Hill,40.68653,-73.99288,Entire home/apt,225,3,1,2016-04-12,0.03,1,0
33618626,Highland Park 2 bedroom share,2099273,Eric,Brooklyn,Cypress Hills,40.68176,-73.89402,Private room,85,30,0,,,1,98
36422456,3 Br ✰ Prime Williamsburg ✰ | 5 min to Manhattan ✰,255815505,Feliks,Brooklyn,Williamsburg,40.70626,-73.94699,Entire home/apt,245,4,0,,,1,156
5117339,Quiet Bdrm w/Private Bath & TV in BIG apartment!,26446036,Buddy,Manhattan,Upper West Side,40.78648,-73.9692,Private room,135,2,78,2019-06-02,1.68,1,0
16148973,"Sun-drenched, Lux, village studio",28804489,Bobbi,Manhattan,East Village,40.73121,-73.98693,Entire home/apt,220,5,46,2019-07-01,1.81,1,92
17447150,1 BR Contemporary Luxury Apartment w W/D in UWS,15145088,Izi,Manhattan,Upper West Side,40.78688,-73.97403,Entire home/apt,184,30,3,2018-10-22,0.12,8,346
31990543,1 berm south brooklyn,239851275,Joseph,Brooklyn,Sheepshead Bay,40.60263,-73.94355,Private room,200,1,0,,,1,363
25995062,Private room with balcony with ROOFTOP terrace,177314795,Viviane,Brooklyn,Prospect-Lefferts Gardens,40.66342,-73.94519,Private room,90,1,100,2019-07-03,7.71,3,316
17684098,Spacious Uptown Apartment near Columbia University,19884477,Marine,Manhattan,Morningside Heights,40.80935,-73.95786,Entire home/apt,139,1,77,2018-12-17,2.79,1,0
32160889,Brand NewXL 1BR~Prime midtown~Laundry~Elev~Sleeps4,162280872,Izi,Manhattan,Hell's Kitchen,40.76273,-73.9942,Entire home/apt,185,30,0,,,13,298
23470849,Perfect room in between walks&fun in Manhattan,22188,Laura,Manhattan,Upper West Side,40.78046,-73.98818,Private room,90,3,2,2019-04-30,0.63,2,339
24367577,Clinton Hill Dream House,3074904,Lauren & Chelsea,Brooklyn,Clinton Hill,40.6844,-73.96221,Entire home/apt,190,2,10,2019-01-27,0.77,4,12
34353572,SPECTACULAR LOFT OVERLOOKING THE MANHATTAN SKYLINE,255697979,Heleen,Brooklyn,DUMBO,40.70412,-73.99194,Entire home/apt,200,30,0,,,2,365
245574,Brooklyn Brownstone apartment,1288460,Al-,Brooklyn,Bedford-Stuyvesant,40.6889,-73.95383000000001,Entire home/apt,180,2,181,2019-06-05,1.92,1,280
10336440,"Sunny, spacious Clinton Hill 1.5 BR",283636,Nathan & Ximena,Brooklyn,Clinton Hill,40.68545,-73.96048,Entire home/apt,200,3,22,2019-06-03,0.54,1,363
33801117,Brooklyn Couples Retreat w/ spa bathroom,25308624,Michele,Brooklyn,Bedford-Stuyvesant,40.68129,-73.93437,Private room,75,5,4,2019-05-30,2.03,1,313
444430,comfy room minutes from museums,420542,Danielle,Bronx,Mott Haven,40.81128,-73.92399,Private room,49,1,23,2018-03-27,0.27,1,333
12497438,"Large, beautiful 1 bedroom downtown Manhattan",67674810,Cristina,Manhattan,Chinatown,40.7164,-73.99743000000001,Entire home/apt,175,30,4,2018-06-24,0.11,1,0
28609705,20 mins from Manhattan. 10 mins frm S.I. ferry.,215922295,Muneeb,Staten Island,Rosebank,40.61088,-74.07327,Entire home/apt,200,5,8,2019-06-05,1.0,1,244
20743305,"Luxury room w/ balcony, 5 mins to subway",11300359,Maya,Brooklyn,Bushwick,40.69954,-73.93579,Private room,60,5,6,2019-04-16,0.27,1,13
5029202,"Spacious 2 Bedroom, 2 Bath, 5th Avenue Entire Apt",14362471,Andy And TJ,Manhattan,East Harlem,40.79641,-73.94847,Entire home/apt,229,30,6,2019-02-14,0.12,1,61
20314852,COMFY BEDROOM IN THE HEART OF HARLEM,144863286,Georgy,Manhattan,Harlem,40.8173,-73.95571,Private room,120,1,0,,,1,180
6923161,Cozy room just off Central Park,36285615,Selim,Manhattan,Harlem,40.80152,-73.9509,Private room,90,2,12,2016-07-05,0.24,1,0
8813306,Cozy Apartment Near Times Square,4385138,Mike,Manhattan,Hell's Kitchen,40.7567,-73.99277,Entire home/apt,185,2,241,2019-06-24,5.65,1,22
20991704,Gorgeous Master Bedroom for Sukkot!,17742578,Sarah,Brooklyn,Midwood,40.6229,-73.96169,Entire home/apt,79,1,0,,,1,0
30295927,Bedroom in Massive Loft Apartment,51340124,Nikki,Manhattan,Chelsea,40.73785,-73.99214,Private room,350,2,0,,,2,0
2022920,UES,8214568,Allison,Manhattan,Upper East Side,40.78081,-73.95045,Entire home/apt,250,1,0,,,1,0
2310791,Old Brooklyn Charm,3689829,Lee,Brooklyn,Clinton Hill,40.68583,-73.96558,Entire home/apt,200,2,110,2019-06-24,1.73,1,51
16814536,Prime location homestay in Brooklyn sunset park,30576651,Lun,Brooklyn,Sunset Park,40.63964,-74.01975,Private room,55,4,1,2017-01-30,0.03,1,0
16368328,Cozy Harlem Jewel,107158006,Liliana,Manhattan,Harlem,40.8228,-73.93956,Private room,60,2,119,2019-06-24,3.82,1,198
503460,Spacious Apartment w extra room,2483236,Caitlin,Staten Island,New Springville,40.59274,-74.16178000000001,Private room,68,2,11,2018-10-22,0.24,1,88
3601324,7even Days Sleep Near Prospect Park,16834792,Louis,Brooklyn,Crown Heights,40.66529,-73.9557,Entire home/apt,130,5,150,2019-07-03,2.48,2,309
30264393,Hendrix Upstairs Oasis Rm #3,105878573,Tonisha,Brooklyn,East New York,40.66522,-73.88686,Private room,50,1,20,2019-05-31,2.82,5,62
21053044,RESIDENCE NEAR JFK (TB3),145727343,Janelle,Queens,Jamaica,40.68501,-73.79162,Private room,33,1,7,2019-06-25,0.35,3,139
13729180,"Prime Village NOHO, renovated designed2BR~W/D unit",2119276,Host,Manhattan,East Village,40.72927,-73.99039,Entire home/apt,300,30,2,2017-05-02,0.06,39,310
3167768,Family-friendly 3-bedroom condo,16067583,Natasha,Brooklyn,Prospect Heights,40.67765,-73.96378,Entire home/apt,275,4,19,2019-07-05,0.32,1,34
16405126,Artists Bright Eclectic Home & Studio,50097540,Ana Cristina,Brooklyn,Williamsburg,40.70735,-73.94032,Entire home/apt,114,4,41,2019-02-22,1.44,1,0
31075172,Brooklyn's Finest - LL,50364039,Cathy,Brooklyn,Williamsburg,40.71477,-73.96122,Entire home/apt,130,2,25,2019-07-02,3.99,3,261
34365445,"2 BR Apt close to LGA, JFK & Midtown (3B)",259229690,Rina,Queens,Woodside,40.74632,-73.89381999999999,Entire home/apt,179,1,4,2019-07-05,2.22,4,75
33955057,Splendid 1 bdrm in West Village NYC,4189194,Sandra,Manhattan,West Village,40.73286,-74.00463,Entire home/apt,160,3,3,2019-06-07,1.88,1,2
23632578,Chelsea Studio Steps from Madison Square Garden,3717633,Tony,Manhattan,Chelsea,40.75129,-73.99561,Entire home/apt,185,2,32,2019-06-23,2.02,1,47
6347713,Huge Private Room in the BEST location,33064443,Judy,Manhattan,Flatiron District,40.741690000000006,-73.9933,Private room,95,3,1,2017-07-14,0.04,1,0
22533156,Private Sunny Room (B) in Historic Townhouse,28428851,Christine,Brooklyn,East Flatbush,40.65255,-73.9454,Private room,75,2,5,2019-06-02,0.35,2,40
23142074,Spacious & bright 2BR/2BA (available for August),818585,Julian,Brooklyn,Flatbush,40.64726,-73.95936999999999,Entire home/apt,76,14,1,2018-02-08,0.06,1,41
2949128,FAB APT & LOCALE in HELLS KCHN PRIVATE SAFE COMFY!,15049157,Marjorie,Manhattan,Hell's Kitchen,40.76375,-73.9924,Entire home/apt,250,3,136,2019-06-21,2.17,1,284
1399352,A Nest in Brooklyn,7557833,Christine,Brooklyn,Bedford-Stuyvesant,40.69243,-73.94547,Private room,70,3,54,2019-06-17,0.77,5,316
7024303,LIGHTFILLED ONE BEDROOM LOFT,2750745,Sarah,Brooklyn,Bedford-Stuyvesant,40.69039,-73.95947,Entire home/apt,120,2,4,2017-10-29,0.08,1,0
10446429,Studio in West Village/Cornelia St,11386786,Sam,Manhattan,West Village,40.7327,-74.00341,Private room,80,1,0,,,1,0
14981522,Peaceful room in Artsy W'burg 3br,94404356,Jonathan,Brooklyn,Greenpoint,40.72151,-73.94141,Private room,70,1,39,2019-07-05,1.66,2,15
36235154,Top on Manhattan,3850264,Jason,Manhattan,Harlem,40.80658,-73.95736,Private room,138,3,1,2019-07-03,1.0,2,65
20119649,CROWN HEIGHTS GUESTS HOUSE 3L,74541079,Abraham,Brooklyn,Crown Heights,40.67081,-73.93646,Entire home/apt,129,3,24,2019-07-01,1.04,9,74
34860207,Spacious 2 Bedroom - Quiet and Easily Accessible,90463984,Isabelle,Queens,Richmond Hill,40.69838,-73.84228,Entire home/apt,120,7,0,,,3,122
36356416,[Female Only]Private Room near Columbia University,118767681,Sunny,Manhattan,Upper West Side,40.80243,-73.96637,Private room,49,1,0,,,1,14
23199948,Empire State Studio,172506981,Marlene,Manhattan,Midtown,40.74827,-73.98828,Entire home/apt,150,3,27,2019-07-06,1.79,1,320
27139685,"SofaBed-Hell's Kitchen, Heart of Manhattan",204335117,Joseph,Manhattan,Hell's Kitchen,40.76391,-73.99325,Shared room,39,1,44,2019-07-02,4.0,1,31
31913609,Stuy Heights Brownstone Passive House Garden Unit,21019302,Bobby And Ruth,Brooklyn,Bedford-Stuyvesant,40.68489,-73.92087,Entire home/apt,200,2,15,2019-07-05,3.69,1,300
17510140,❤ of Manhattan | Fantastic 1 Bedroom,3191545,Kyle,Manhattan,Hell's Kitchen,40.76485,-73.98436,Entire home/apt,195,30,0,,,23,364
17728208,Bright and Clean One Bedroom - Females Only!,95306427,Alexi,Manhattan,East Village,40.72766,-73.98249,Private room,100,3,26,2018-10-21,0.94,1,0
25772890,"Rustic room in beautiful, naturesque Fort Greene",71987360,Brendan,Brooklyn,Clinton Hill,40.6943,-73.96916999999999,Shared room,45,2,4,2018-08-13,0.31,1,0
32661706,"Spacious, modern and sunny 1-BD in Forest Hills",139306955,Bianca,Queens,Forest Hills,40.7164,-73.83501,Entire home/apt,150,5,3,2019-06-03,0.99,1,75
28584690,Upper East Cozy Apt,42601145,Eva,Manhattan,Upper East Side,40.77481,-73.95558,Private room,60,1,48,2019-06-27,4.97,1,8
30158357,Room in Bushwick Apartment,50755816,Tali,Brooklyn,Bushwick,40.69631,-73.92944,Private room,37,1,2,2019-02-18,0.34,1,0
33293218,1860’s Vanderbilt Mansion - 19th century details,141124307,Stratis,Brooklyn,Bedford-Stuyvesant,40.68579,-73.9358,Entire home/apt,249,3,12,2019-06-29,4.19,1,38
33689653,Brooklyn Bliss 3,44929652,Lawanne,Brooklyn,East Flatbush,40.64423,-73.94683,Private room,50,2,2,2019-06-24,2.0,4,356
33633697,Olive's Guest Quarters #3,152394865,Arline,Brooklyn,Flatlands,40.6313,-73.94534,Private room,175,2,4,2019-06-18,2.18,3,43
24441860,"East 12th street, Lux 1bd in Greenwich Village",22541573,Ken,Manhattan,East Village,40.733990000000006,-73.99002,Entire home/apt,245,30,1,2018-11-05,0.12,87,357
34207925,Spacious and beautiful 4BR with backyard,646729,Andy,Brooklyn,Flatbush,40.63781,-73.96531,Entire home/apt,275,2,10,2019-07-03,5.17,1,298
19968221,"Artist's Townhouse w/ garden, grill -near subway",184913,John,Brooklyn,Gowanus,40.68192,-73.9908,Entire home/apt,298,3,3,2019-05-27,0.36,1,192
34649628,Super private room and bath with private entrance,40632179,Valentina,Manhattan,Harlem,40.8303,-73.9407,Private room,60,1,0,,,3,278
17284471,Modern Apt on Best Location in Brooklyn !,1409823,Fernando,Brooklyn,Bedford-Stuyvesant,40.688590000000005,-73.94998000000001,Entire home/apt,75,5,16,2019-05-28,0.58,1,15
2078687,Lower East Side Haven on Ludlow St,10621196,Kate,Manhattan,Lower East Side,40.71715,-73.98935999999999,Entire home/apt,110,8,5,2016-01-06,0.07,1,333
35967171,Private Room in Luxury Apt Building - NYC,19445589,Nicole,Manhattan,Hell's Kitchen,40.75707,-73.99764,Private room,225,2,0,,,1,20
32186945,Private Master Bedroom with Ensuite Bath HK,25043035,Lauren,Manhattan,Midtown,40.76638,-73.98311,Private room,100,1,4,2019-05-12,0.85,1,0
9464543,Prime Location in CHELSEA,15208048,Philipp,Manhattan,Chelsea,40.74601,-73.99987,Private room,98,1,1,2015-12-14,0.02,1,0
10647977,Cozy studio in WaHi,32298504,Cassy,Manhattan,Washington Heights,40.83723,-73.94249,Entire home/apt,70,3,34,2018-10-24,0.81,1,0
13216246,Comfy Greenpoint room w/ easy access to Manhattan!,6531491,Stephen,Brooklyn,Greenpoint,40.72217,-73.94800000000001,Private room,75,1,55,2019-07-08,1.46,1,0
9772152,Quaint West Chelsea Studio near it all. 3,47577639,Jc,Manhattan,Chelsea,40.74105,-74.00401,Entire home/apt,195,4,48,2019-06-19,1.19,2,280
5789606,Cozy BedRoom in a great location.,30037999,Loyda,Manhattan,Morningside Heights,40.80593,-73.9583,Private room,70,2,200,2019-06-29,3.92,1,202
8425148,*Amazing Lower East Side Apartment*,21940002,Zlatko,Manhattan,Lower East Side,40.71978,-73.98424,Entire home/apt,205,2,6,2017-01-01,0.13,1,0
13673459,"Cozy, Chic and Convenient One Bedroom Apt",79547468,Vanessa,Manhattan,East Harlem,40.79758,-73.94518000000001,Entire home/apt,125,6,2,2016-12-31,0.06,1,0
8688783,Fun Unique Spacious Midtown Getaway,45620787,William,Manhattan,Upper East Side,40.7644,-73.9693,Entire home/apt,275,2,148,2019-06-23,3.26,1,216
22635959,Private room with visit to queens # 3,158540605,Sonia,Queens,Glendale,40.70116,-73.88935,Private room,45,1,61,2019-07-02,3.52,6,274
16179502,Charming room well located !!!!,13325936,Madi,Manhattan,East Harlem,40.79275,-73.94191,Private room,60,5,1,2017-01-02,0.03,1,0
4261214,Cozy place in Uptown Manhattan,22022473,Gita,Manhattan,Harlem,40.80936,-73.94454,Entire home/apt,149,2,82,2019-06-05,1.43,1,215
5729530,1Br apt on the UES accomodates two,29707420,Riki,Manhattan,Upper East Side,40.76939,-73.9504,Entire home/apt,150,1,0,,,1,0
25816034,Bronx 2 Bedroom with View of Manhattan Skyline,179677211,Bettina,Bronx,Van Nest,40.84778,-73.86146,Entire home/apt,150,1,29,2019-06-03,2.23,3,24
4097284,"Bklyn, private Three Bedroom.",11948817,Leslie,Brooklyn,Canarsie,40.63056,-73.89043000000001,Entire home/apt,75,2,91,2019-06-09,1.56,2,289
27836335,Private Room in great location Bushwick!,13098292,Raisa,Brooklyn,Bushwick,40.699940000000005,-73.93299,Private room,55,2,0,,,2,0
11589391,"Beautiful, light filled, spacious",17862696,Shahla,Brooklyn,Gowanus,40.6717,-73.99247,Entire home/apt,295,4,2,2017-04-30,0.07,1,326
29259463,SPACIOUS/FURNISHED One Bedroom Brooklyn Apartment,18917915,Sean,Brooklyn,Williamsburg,40.70296,-73.94086,Entire home/apt,90,3,7,2019-07-05,0.95,1,3
34501825,Bushwick penthouse,40707667,Horacio,Brooklyn,Bushwick,40.70191,-73.91951999999999,Private room,60,1,12,2019-07-04,5.9,1,27
19034388,"Gorgeous, Family-Friendly, NYC Garden Apt!",706623,Emilia,Brooklyn,Bushwick,40.69441,-73.90881,Entire home/apt,119,3,12,2019-04-27,0.51,4,50
28256958,Downtown BK luxury apartment,78817833,David,Brooklyn,Downtown Brooklyn,40.68978,-73.98598,Private room,110,21,0,,,1,0
32961822,Sunny Upper East Side one bedroom apartment,248064547,Sara,Manhattan,Upper East Side,40.7776,-73.94634,Entire home/apt,165,1,12,2019-06-25,3.03,1,75
6672812,Cozy room in light-filled apartment,1549512,Ilene,Brooklyn,Clinton Hill,40.68385,-73.96748000000001,Private room,68,7,0,,,2,0
4892675,20 min from Union Square,25175433,Pablo,Queens,Ridgewood,40.69958,-73.90825,Private room,40,3,0,,,1,0
19929723,Cozy And Quiet Getaway (Queen Size Bed),137999892,Simranjeet,Staten Island,Concord,40.60609,-74.0888,Private room,34,4,24,2019-05-18,1.03,7,293
11575101,Private studio apartment,61175876,Raquel,Brooklyn,Bushwick,40.69549,-73.92249,Entire home/apt,79,4,97,2019-07-01,2.42,2,250
9037702,An Artists' Home in Chinatown - B,254860,Ricky,Manhattan,Chinatown,40.71434,-73.99342,Private room,80,4,1,2015-11-02,0.02,1,0
4603012,Spacious 1BR Apt in Greenpoint,45609,Sean,Brooklyn,Greenpoint,40.73132,-73.95831,Entire home/apt,149,15,22,2019-04-30,0.39,1,0
4291654,Private room in Bushwick Loft,22280299,Brad,Brooklyn,Williamsburg,40.70407,-73.93562,Private room,100,1,0,,,1,0
24153401,Sunny Family Apartment,2011899,Janelle,Brooklyn,Crown Heights,40.66749,-73.95555999999999,Entire home/apt,70,45,1,2018-08-04,0.09,1,2
23727037,Brooklyn's Best Kept Secret,127345864,Charlene,Brooklyn,East Flatbush,40.641740000000006,-73.93193000000001,Entire home/apt,135,2,26,2019-07-03,2.21,4,29
1054201,One Bedroom Townhouse Apartment,4165498,L.A.,Manhattan,East Harlem,40.79535,-73.93274,Entire home/apt,120,5,83,2019-06-10,1.11,2,242
19890678,Sunny room with a Balcony in Prospect Heights,513517,Tak,Brooklyn,Crown Heights,40.67567,-73.95779,Private room,59,2,1,2018-05-25,0.07,1,0
20587133,"Spacious, bright room in art-filled apartment!",116758734,Amos,Manhattan,Inwood,40.87085,-73.9183,Private room,59,4,19,2018-10-06,0.84,1,0
23879156,"Best Room for 3, Only 1 Block From The Subway!",179387087,John,Brooklyn,Bedford-Stuyvesant,40.67936,-73.9072,Private room,40,2,41,2019-04-28,2.59,3,0
34422726,Home away from home,234422924,Arlene,Bronx,City Island,40.8439,-73.78792,Private room,29,1,2,2019-06-16,1.43,1,18
286838,Private Room in Brownstone,1492339,Karin,Manhattan,Harlem,40.80748,-73.95589,Private room,75,2,101,2015-10-31,1.1,1,0
6171211,Room in Prospect Heights,32018795,Ciara,Brooklyn,Crown Heights,40.66746,-73.96073,Private room,32,7,0,,,1,0
29679677,Lofty Studio in the heart of Williamsburg,8587936,Aimée,Brooklyn,Williamsburg,40.71823,-73.96141,Entire home/apt,180,3,0,,,1,0
13154343,Spacious Modern Alcove Studio in a Luxury Building,13739649,Alexander,Manhattan,Hell's Kitchen,40.76144,-73.99243,Entire home/apt,225,2,32,2019-06-25,0.85,1,44
35768150,"Stunning, Renovated 2bed/1.5bath Apt in Prime LES!",268205314,Vanessa,Manhattan,Chinatown,40.71598,-73.99549,Entire home/apt,299,1,2,2019-06-28,2.0,1,334
29724480,J-NEW ROOM*NEAR CASINO*AIRPORT*CAFE*DOORSTEP METRO,213208277,Darry,Queens,South Ozone Park,40.6728,-73.79495,Private room,59,4,2,2019-05-17,0.33,8,365
13745575,2 Bedroom Apartment / Prime Williamsburg Location,1571120,Timothy + Gina,Brooklyn,Williamsburg,40.71104,-73.96098,Entire home/apt,199,2,31,2019-05-22,0.88,2,23
18753411,Private Room 2 Blocks From Central Park / UWS,109106746,Omer,Manhattan,Upper West Side,40.79948,-73.96314,Private room,75,1,5,2017-06-23,0.2,1,0
33783359,Sunny Modern Studio Near Columbus Circle,20235361,Cynthia,Manhattan,Upper West Side,40.77123,-73.98782,Entire home/apt,140,7,0,,,1,24
35197281,BEAUTIFUL APARTMENT IN THE CENTER OF WEST VILLAGE,131083549,Brian,Manhattan,Greenwich Village,40.73359,-73.99772,Entire home/apt,250,3,2,2019-06-23,2.0,1,32
15191740,★★LUXURY at a MIDTOWN RESORT★★,64065593,ResortShare5,Manhattan,Midtown,40.75368,-73.97358,Private room,198,2,30,2019-04-11,0.89,13,333
33636178,Sonder | The Biltmore | Warm Studio + Rooftop,219517861,Sonder (NYC),Manhattan,Theater District,40.76122,-73.98583,Entire home/apt,182,29,0,,,327,333
29907852,Plantation House,224885898,Thomas,Brooklyn,Bedford-Stuyvesant,40.68135,-73.92121999999999,Entire home/apt,125,3,10,2019-07-01,1.6,1,361
3895455,Bedroom in Spacious Loft-Like Apt.,157795,Madeline,Brooklyn,Crown Heights,40.67658,-73.94683,Private room,42,4,4,2018-07-17,0.11,2,0
21469568,Sunny & Gorgeous master bedroom  by central park,115228513,Aly,Manhattan,Upper West Side,40.80272,-73.96629,Private room,129,1,83,2019-06-09,4.0,2,365
26235821,Wonderful Location on East 68th st,10371008,Anna,Manhattan,Upper East Side,40.76436,-73.95671999999999,Shared room,75,4,10,2019-06-14,1.15,2,329
33557100,Great Room with WC,76849762,German,Brooklyn,Williamsburg,40.71492,-73.94397,Private room,60,3,1,2019-06-02,0.81,1,0
17893797,Private Room in Spacious Central Harlem Apartment,26821811,Lynda,Manhattan,Harlem,40.8155,-73.93986,Private room,38,3,1,2018-08-02,0.09,1,0
14141050,Two bedrooms available in a cozy apartment.,1715674,Shriya,Brooklyn,Windsor Terrace,40.655440000000006,-73.97491,Private room,130,2,4,2018-01-01,0.11,1,0
21178032,"#2,单间双人房,(共用卫生间)",148852095,Kelly,Queens,Flushing,40.75547,-73.83547,Private room,60,2,24,2019-07-02,1.14,3,76
34176788,A Little Sumptin' on Sumpter,258035043,Sofia,Brooklyn,Bedford-Stuyvesant,40.67878,-73.9172,Private room,48,1,22,2019-07-07,9.85,2,236
4549248,Cozy One Bedroom in Williamsburg!,22089583,Cesar,Brooklyn,Williamsburg,40.71901,-73.95618,Entire home/apt,200,3,3,2015-10-22,0.05,1,0
20933848,Prime Location of Flushing Queens 豪华卧室 旅途中的家 A,63312104,Max,Queens,Flushing,40.74893,-73.82046,Private room,60,1,39,2019-06-23,1.79,6,359
35702066,Private Bedroom in cozy apartment,13830544,Renee,Brooklyn,Bedford-Stuyvesant,40.69386,-73.93256,Private room,52,4,1,2019-06-22,1.0,3,325
3331279,Spacious Brooklyn Townhouse,3840659,Alicia And Jamie,Brooklyn,Bedford-Stuyvesant,40.6851,-73.95655,Entire home/apt,215,4,14,2018-04-05,0.23,1,0
26425032,Private Room in apartment (1),198478845,Jelani,Brooklyn,Clinton Hill,40.6867,-73.9612,Private room,59,4,6,2019-06-20,0.87,2,156
765203,Art Lover's Abode Brooklyn,2276842,Debbie,Brooklyn,Williamsburg,40.70745,-73.94306999999999,Shared room,52,3,19,2019-06-30,0.44,2,88
20811696,A CLASSIC NYC NEIGHBORHOOD-EAST 86TH/5TH AVENUE,76104209,Rated,Manhattan,Upper East Side,40.78015,-73.95852,Entire home/apt,225,30,0,,,33,346
2255549,New Studio in Heart of Chelsea,735701,Charles,Manhattan,Chelsea,40.7444,-73.9994,Entire home/apt,221,2,252,2019-07-06,4.91,1,256
1442495,Spacious Duplex in Fun & Hip Area,5908577,Eric,Brooklyn,Crown Heights,40.67427,-73.95042,Entire home/apt,300,2,16,2019-06-09,0.24,2,41
22174455,Adorable Hamilton Heights Apartment,5132258,Jessica,Manhattan,Harlem,40.82434,-73.95066,Entire home/apt,200,3,14,2019-03-09,0.73,2,0
14137639,Brooklyn Oasis,18418244,Jocelyn,Brooklyn,Bushwick,40.69572,-73.9293,Private room,85,2,3,2017-09-28,0.1,1,83
18836337,Modern Comfort,95564806,Olvin,Brooklyn,Brownsville,40.66032,-73.91341,Private room,55,2,58,2019-02-25,2.25,3,0
33682823,New York City Luxury Bedroom!!,224317184,Luke,Manhattan,Harlem,40.81652,-73.94914,Private room,215,5,7,2019-06-21,2.73,8,335
29609786,Le Chateau,22307859,Sharon,Brooklyn,Flatbush,40.6345,-73.9519,Private room,98,3,0,,,5,0
35575973,Luxury Building one stop from midtown Manhattan !!,265422938,泽宇,Queens,Long Island City,40.74887,-73.93829000000001,Private room,149,2,0,,,2,53
33897702,Privacy in a shared Space!! Males Only Plz,27260699,J,Brooklyn,Bushwick,40.69541,-73.90785,Shared room,28,1,8,2019-06-17,3.2,4,41
35408266,Harlem 1 bedroom in a 2bedrooms long stay only,266502082,Emmanuelle,Manhattan,Harlem,40.82521,-73.93811,Private room,40,30,0,,,1,6
17508940,Haven in the Heights,32788186,Alexandra,Manhattan,Washington Heights,40.85321,-73.93596,Shared room,35,1,27,2019-06-30,0.95,1,33
24203680,Entire Newly Renovated Sugar Hill Apt,9756051,Samantha,Manhattan,Harlem,40.82696,-73.94598,Entire home/apt,100,3,6,2019-01-04,0.44,1,8
2635078,"GREAT 2bed/2bath/patio, FORT GREENE",1821771,Daria,Brooklyn,Fort Greene,40.68914,-73.9776,Entire home/apt,235,4,23,2019-06-21,0.36,1,31
14549226,"Charming & Cozy Private Apt near Prospect Park, BK",89954209,A.J.,Brooklyn,Prospect-Lefferts Gardens,40.65826,-73.95036,Entire home/apt,107,3,82,2019-06-20,2.34,1,284
31124852,Totally Renovated Plush loft apartment,232618610,Hugo,Brooklyn,Cypress Hills,40.68392,-73.8693,Entire home/apt,195,4,7,2019-06-29,2.47,1,136
1220548,Cozy 2 BR apartment in Queens,2050338,Verena,Queens,Richmond Hill,40.69414,-73.82538000000001,Entire home/apt,90,30,33,2017-12-08,0.46,3,298
26022104,Cosy condo in Williamsburg with amazing rooftop,144345250,David,Brooklyn,Williamsburg,40.71552,-73.94263000000001,Private room,110,2,0,,,1,0
29965839,Entire 1BR Apt in FiDi close to Everything!,54689007,Ana,Manhattan,Financial District,40.70903,-74.00596,Entire home/apt,165,20,0,,,3,53
5567278,Spacious Bright West Village Apt!,2306485,Sam,Manhattan,West Village,40.73296,-74.00235,Entire home/apt,220,3,118,2019-05-20,2.26,1,180
13729876,Bright Williamsburg Oversized Loft-like Space!,23424348,N-And-A,Brooklyn,Williamsburg,40.71301,-73.9495,Entire home/apt,200,30,47,2019-05-25,1.41,1,298
9024747,Tranquil Room :),47113234,Bryan,Brooklyn,Bushwick,40.69989,-73.92352,Private room,100,1,0,,,1,0
10163240,Private room in 3 br in Manhattan,41535999,Amber,Manhattan,Morningside Heights,40.80348,-73.9632,Private room,70,1,1,2016-01-12,0.02,1,0
23860047,Beautiful 4 Bedroom Apartment,27615247,Judy,Brooklyn,Midwood,40.62301,-73.96253,Entire home/apt,150,14,3,2018-07-24,0.24,3,3
13453271,"NEAR CENTRAL PARK, TIMES SQUARE, COLUMBIA UNIV.",17848380,Yi Qun,Manhattan,Upper West Side,40.796690000000005,-73.97126,Private room,120,1,12,2019-05-19,0.35,3,338
15360220,Bohemian Brooklyn Pad with Rooftop Garden Oasis,10109204,Alexandra,Brooklyn,Bushwick,40.70378,-73.91311,Private room,65,2,3,2018-02-10,0.09,1,0
10365991,"Sunny and Spacious 2BR, Murray Hill",17790870,Zal,Manhattan,Murray Hill,40.74673,-73.97343000000001,Entire home/apt,83,1,2,2016-01-31,0.05,1,0
20634950,Waterfront Condo with private bedroom and bathroom,25518844,Alison,Brooklyn,Greenpoint,40.72992,-73.96,Private room,200,2,11,2018-10-07,0.51,1,179
35916489,Sun-drenched LGBT Cozy Private QueenRoom @Bushwick,135563904,Michael,Queens,Ridgewood,40.7055,-73.9096,Private room,180,1,2,2019-07-01,2.0,3,78
35290565,Private bedroom with private bathroom!,265703830,Noah,Brooklyn,Bedford-Stuyvesant,40.69423,-73.94627,Private room,150,1,0,,,1,365
19954751,Fascinating Modern Apartment - 5 mins Time Square,131712054,Edison,Manhattan,Hell's Kitchen,40.76122,-73.99129,Private room,111,1,136,2019-07-06,5.86,1,51
11884931,Sunny Room near subway!!,18221107,Darya,Manhattan,Inwood,40.86087,-73.92724,Private room,65,3,36,2018-06-10,0.9,1,249
22735103,Sunnyside Bedroom,33695224,Mehmet,Queens,Sunnyside,40.74439,-73.91372,Private room,60,1,3,2018-05-28,0.17,1,0
32238106,Sonder | Stock Exchange | Modern Studio + Kitchen,219517861,Sonder (NYC),Manhattan,Financial District,40.7072,-74.01214,Entire home/apt,194,2,8,2019-06-13,2.26,327,318
12953757,Huge + Cozy East Williamsburg Room,24747678,Caroline,Brooklyn,Bushwick,40.7029,-73.9296,Private room,75,3,5,2018-08-04,0.14,1,0
15038469,Prime Park Slope Room (10 min. train to Lower NYC),62587696,Andrew,Brooklyn,Gowanus,40.67127,-73.99006,Private room,45,2,97,2019-06-21,2.92,2,80
11434848,Private room in Manhattan,12925391,Claire,Manhattan,Harlem,40.8006,-73.95314,Private room,55,1,0,,,1,0
36006715,Room in cozy Brooklyn apartment,1639684,Tyler,Brooklyn,Williamsburg,40.70757,-73.94247,Private room,49,5,0,,,1,4
20016975,Rustic 1 Bedroom with Exposed Brick,55939980,Katy,Manhattan,Midtown,40.75685,-73.96388,Entire home/apt,210,2,4,2018-12-30,0.22,1,0
23946797,Entire apt in Manhattan. 15 mins to Times Square!,65059624,Peiyi,Manhattan,East Harlem,40.80942,-73.93701,Entire home/apt,50,3,118,2019-06-23,8.06,1,4
25310404,Opal Bedroom,119669058,Melissa,Brooklyn,Bedford-Stuyvesant,40.69314,-73.9571,Private room,60,2,24,2019-06-12,1.76,34,340
11653913,spacious 1 BR heart of astoria,10575779,Andrea,Queens,Astoria,40.7588,-73.91762,Entire home/apt,190,2,1,2016-03-26,0.03,1,0
13920697,Brownstone apt in Bklyn w/ gorgeous natural light,29513490,Whitney,Brooklyn,Bedford-Stuyvesant,40.6837,-73.93325,Entire home/apt,125,2,4,2017-01-02,0.12,1,0
17839487,Sunny Top Floor Room with Manhattan skyline view,122012905,Lene,Brooklyn,Bedford-Stuyvesant,40.68144,-73.9426,Private room,55,5,0,,,1,0
26472343,1 Bedroom 3R in Authentic Brooklyn Brownstone,73425483,Vincent,Brooklyn,Bedford-Stuyvesant,40.69101,-73.93773,Private room,118,1,29,2019-07-01,2.46,6,288
33743082,"NEWLY-RENOVATED APARTMENT, 35 MINS FROM MANHATTAN",619942,Stacy & Simon,Brooklyn,Cypress Hills,40.68935,-73.87254,Entire home/apt,150,30,0,,,6,17
25204636,GORGEOUS & HUGE room for long term,20212516,My,Manhattan,West Village,40.73675,-73.998,Private room,89,1,13,2019-06-30,1.2,2,7
12089013,NYC MIDTOWN WEST LUXURY 1BR APT! CITY VIEWS!,30283594,Kara,Manhattan,Midtown,40.76545,-73.98156,Entire home/apt,239,30,1,2019-02-28,0.23,121,351
15984809,Sun filled 1 bedroom in the heart of Crown Heights,95597107,Linda,Brooklyn,Crown Heights,40.67896,-73.95748,Entire home/apt,130,4,3,2018-05-03,0.1,1,13
23856563,Sun-filled Artist Home 1BR in convenient L.I.C !,25497297,Megan,Queens,Long Island City,40.74643,-73.94693000000001,Entire home/apt,125,2,10,2019-05-12,0.84,1,8
16725576,"Room with the balcony, fits 3!",68762417,Simon,Manhattan,East Harlem,40.79501,-73.94448,Private room,99,1,109,2019-07-05,3.61,4,168
28913606,King Hotel Room at Wyndham Midtown 45 Resort,49128620,Joy,Manhattan,Midtown,40.75359,-73.97305,Private room,175,2,2,2019-05-12,0.22,1,1
30694768,A Relaxing Place in Inwood,188050970,Walkiria,Manhattan,Inwood,40.85962,-73.92971,Private room,65,1,25,2019-06-26,3.89,1,86
24405962,For all classical lover's 4,96694697,Glory,Brooklyn,Sheepshead Bay,40.60791,-73.96011999999999,Private room,50,2,4,2019-06-29,0.29,2,358
33528101,Sunlit Bedroom with Private Terrace - Williamsburg,19643468,Kelvin,Brooklyn,Williamsburg,40.706520000000005,-73.94541,Private room,80,1,2,2019-05-19,0.65,1,0
24299542,Prime Luxury Apartment,25093840,Abinav,Manhattan,Murray Hill,40.74766,-73.97601,Private room,130,1,3,2018-05-30,0.21,1,0
2141975,Charming and Large UES ROOM for travellers,1580799,Jenn,Manhattan,Upper East Side,40.77459,-73.95149,Private room,85,5,44,2019-06-28,0.77,1,299
13689663,Great Room in Charming Nolita Apartment,8338942,Victor,Manhattan,Nolita,40.72241,-73.99377,Private room,124,1,168,2019-06-22,4.58,4,147
7842671,Bedroom in Soho/Nolita Two-bedroom,3599088,Chris,Manhattan,Nolita,40.72113,-73.99465,Private room,59,2,10,2018-02-18,0.21,2,0
1408914,"Modern, Art Deco Chelsea Studio",2594389,Arsen,Manhattan,Chelsea,40.74206,-73.99499,Entire home/apt,200,3,0,,,1,345
13532633,Cozy Couch in Wburg,8255157,Chris,Brooklyn,Williamsburg,40.71182,-73.95692,Shared room,130,1,0,,,1,0
27759146,Cozy corner near Empire State Building,209549523,Mariluz,Manhattan,Midtown,40.74858,-73.98340999999999,Shared room,62,1,112,2019-06-13,10.77,3,0
28315011,An Art Director's Fort Green Studio,15146990,Madelyn,Brooklyn,Fort Greene,40.68616,-73.97206,Entire home/apt,115,2,4,2019-07-01,0.44,1,95
62891,Smallest House In The Village,306545,Olivia,Manhattan,East Village,40.72477,-73.98161,Entire home/apt,175,3,185,2019-05-24,1.78,2,326
22010163,Modern 2 bedroom apartment close to subway,790872,Tri,Manhattan,East Harlem,40.80481,-73.93812,Entire home/apt,120,1,3,2018-03-18,0.16,2,0
22634088,Brooklyn Condominium With Balcony,155607686,Jenna,Brooklyn,Gravesend,40.58876,-73.97349,Private room,39,3,20,2019-06-15,1.29,1,324
32672993,Cozy room in LES/Chinatown,2238256,Jaclyn,Manhattan,Chinatown,40.71463,-73.99054,Private room,128,13,0,,,1,91
13192944,"Private, cozy, Bedroom",73857837,Ling,Brooklyn,Dyker Heights,40.63009,-74.01342,Private room,43,1,30,2019-07-07,1.15,1,6
165824,Lady only Curtain-divided room,733894,Lucy,Queens,Sunnyside,40.74,-73.91901,Private room,33,44,31,2019-05-01,0.32,3,161
32919210,"Private room,1 min from Subway,20 min to Manhattan",245258532,Elena,Queens,Kew Gardens,40.713,-73.83100999999999,Private room,45,2,16,2019-07-05,4.1,2,6
8102145,Charming UWS Private Room,26163238,Nadalie,Manhattan,Upper West Side,40.78856,-73.97368,Private room,115,1,1,2017-06-04,0.04,1,0
2788298,Fort Greene Perfect Location,14262697,Eric,Brooklyn,Fort Greene,40.69056,-73.98038000000001,Entire home/apt,150,3,1,2015-05-19,0.02,1,0
14205217,"Private Rm/King Size Bed, just you +host in apt",68598597,Jazmin,Manhattan,Harlem,40.82418,-73.94893,Private room,65,1,45,2019-07-01,1.3,2,34
29781691,East meets West,59459840,Michelle,Manhattan,East Harlem,40.79831,-73.94201,Entire home/apt,95,3,4,2019-07-01,4.0,1,88
34056679,Spanish Harlem magical place. Mezzanine bed,254112876,David,Manhattan,East Harlem,40.79787,-73.93568,Private room,90,2,3,2019-06-30,2.43,2,175
18826370,Heights III,9130040,Candace,Brooklyn,East Flatbush,40.663140000000006,-73.93299,Private room,89,1,8,2019-06-30,0.61,6,365
35402354,The perfect 3BR apartment,115771987,Yuki,Manhattan,Financial District,40.70723,-74.01045,Entire home/apt,215,30,0,,,6,299
12713090,Beautiful West Village Apartment,23919461,Cesar,Manhattan,West Village,40.733990000000006,-74.00549000000001,Entire home/apt,250,3,30,2019-05-27,0.77,2,18
31448783,Sleek 1 Bedroom Brownstone Apartment in Brooklyn,5945241,Tomi,Brooklyn,Bedford-Stuyvesant,40.6789,-73.91014,Entire home/apt,80,2,8,2019-07-07,2.12,1,0
14800184,Spacious Bedroom in Gorgeous Renovated Apartment,82715129,Carlos,Brooklyn,Bedford-Stuyvesant,40.69063,-73.93947,Private room,67,2,87,2019-06-30,2.51,1,60
212109,2-bedroom share in heart of Greenwich Village!,666271,Susan,Manhattan,West Village,40.73854,-74.00820999999999,Private room,80,90,9,2019-06-30,0.2,1,338
33256416,Rooftop pool view Lux private room,217482038,Emily,Manhattan,Upper East Side,40.76178,-73.96653,Private room,129,3,1,2019-06-11,1.0,3,0
651648,One Bedroom Apartment in an 1879 Brownstone,3274376,Edward,Brooklyn,Clinton Hill,40.683040000000005,-73.96348,Entire home/apt,200,3,56,2019-05-21,0.96,1,365
24756679,Light-Filled Studio Across From Prospect Park,56051614,Erica,Brooklyn,Prospect Heights,40.67388,-73.96709,Entire home/apt,128,3,13,2019-06-30,0.99,1,2
8518280,Convenient 1Bdr with Outdoor Space (sleeps 4),4264360,Matt,Brooklyn,Williamsburg,40.71263,-73.9591,Entire home/apt,100,2,6,2017-01-29,0.13,1,0
23918586,"Clean Private Room, 10 min from 2 subway lines.",22710535,Ben,Brooklyn,Bedford-Stuyvesant,40.68659,-73.92949,Private room,150,1,1,2018-03-25,0.06,1,0
32681584,Artful UWS Penthouse with Balcony by Central Park,245314318,Arthouse Hotel,Manhattan,Upper West Side,40.78136,-73.97988000000001,Private room,350,1,0,,,10,282
5793707,Lower East Side Minimalist Studio,8390853,Warren & Jessica,Manhattan,Lower East Side,40.7189,-73.99181999999999,Entire home/apt,125,3,117,2019-06-23,2.29,1,228
2611765,Luxury One Bedroom Upper West Side,10331953,Omar,Manhattan,Upper West Side,40.79071,-73.97408,Entire home/apt,145,3,8,2016-06-13,0.13,1,0
12807447,BrownBrick in Park Slope Brownstone,42413378,Hilal & Maryam,Brooklyn,South Slope,40.66548,-73.98196,Entire home/apt,135,3,148,2019-06-21,3.84,2,91
19952747,BEAUTIFUL PRIVATE ROOM,139357580,Shuly,Queens,Ditmars Steinway,40.77148,-73.90545,Private room,45,1,72,2019-06-15,3.13,8,296
30439783,The Halsey Treehouse,138573840,Helen,Brooklyn,Bushwick,40.69453,-73.90666999999999,Private room,90,1,2,2019-01-01,0.31,1,0
35832561,Spacious room in beautiful Manhattan apartment!,20788222,Thirsa,Manhattan,Harlem,40.81216,-73.95036,Private room,150,1,1,2019-06-23,1.0,1,59
9789339,"BIG and Comfortable apt, by Park!",10338528,Jared,Brooklyn,Flatbush,40.65411,-73.95815999999999,Private room,55,4,8,2018-12-26,0.19,1,173
1221517,Private Room (Cozy & Clean) Manhattan NYC,2559004,Sergio,Manhattan,East Harlem,40.8035,-73.94041,Private room,41,30,4,2018-07-01,0.09,5,217
21458972,Large Bed-Stuy Apartment,45697749,Joseph,Brooklyn,Bedford-Stuyvesant,40.68589,-73.95515999999999,Entire home/apt,142,6,4,2018-06-01,0.2,2,0
32527273,Greenwich Village Studio Apartment,178793639,Alexandra,Manhattan,Greenwich Village,40.72835,-74.00159000000001,Entire home/apt,175,3,0,,,1,157
2196271,Bright Dble Bedroom. Private Bath. Close to Subway,396599,Thomas,Brooklyn,Bushwick,40.69972,-73.92244000000001,Private room,55,2,1,2018-12-28,0.16,2,157
33406391,Aloft Manhattan Downtown - Financial District,5144567,Yun,Manhattan,Financial District,40.70922,-74.00571,Private room,169,7,0,,,13,365
2234100,"Coffee,Tea&Milk Astor Place Lodging",10931680,John,Manhattan,East Village,40.72672,-73.98850999999999,Shared room,30,30,125,2017-12-31,1.88,1,304
7206579,"Sunny, Spacious Room- Heart of Williamsburg!",15491509,Autumn,Brooklyn,Williamsburg,40.71544,-73.95433,Private room,66,2,6,2018-01-25,0.13,1,0
36273046,Elegant Spacious UES private room,267839371,Celine,Manhattan,Upper East Side,40.77551,-73.95404,Private room,120,1,1,2019-07-06,1.0,2,358
19525455,"LUXURIOUS, TOWNHOME WITH PRIVATE ROOF - 2500 SQ FT",7958923,Vikas,Brooklyn,Bedford-Stuyvesant,40.69158,-73.94329,Entire home/apt,275,1,6,2019-06-30,0.58,2,213
13891181,Spacious Sunny Bedroom near JMZ Subways,3388950,Amaya,Brooklyn,Bedford-Stuyvesant,40.69454,-73.93319,Private room,73,5,89,2019-06-10,2.68,6,94
27805071,Lovely 1BR in Sutton Place by Sonder,12243051,Sonder,Manhattan,Midtown,40.75452,-73.96256,Entire home/apt,239,29,0,,,96,206
31164039,Amazing BR w/ Private Bath near subway & Manhattan,137358866,Kazuya,Queens,Woodside,40.74524,-73.90637,Private room,70,30,0,,,103,269
13139850,Big Room In Beautiful Bushwick 2br w/ Washer-Dryer,34731099,Matthew,Brooklyn,Bushwick,40.69096,-73.92352,Private room,30,1,0,,,1,0
12764378,Brooklyn Suite,69255438,Mark,Brooklyn,Crown Heights,40.67828,-73.95051,Entire home/apt,180,1,1,2016-05-23,0.03,1,0
32244865,LARGE Trendy Studio!!!,53931758,Lc,Brooklyn,Flatbush,40.64464,-73.96453000000001,Entire home/apt,100,3,3,2019-06-03,0.97,1,73
13314752,Astoria-LIC Private Room,75061595,Cesar,Queens,Long Island City,40.76053,-73.92976999999999,Private room,78,2,27,2017-08-21,0.72,1,0
5849810,Traveler’s Nest - Straight train from JFK Airport,5541374,Hassan And Patti,Brooklyn,Bushwick,40.6863,-73.91378,Private room,69,3,127,2019-06-24,2.48,5,40
20702398,Quiet house on City Island,1457680,James,Bronx,City Island,40.84964,-73.78716999999999,Private room,50,2,45,2019-06-22,2.04,1,118
32744084,Sunny Bedroom in Williamsburg,118385679,Nina,Brooklyn,Williamsburg,40.71315,-73.95695,Private room,50,1,12,2019-06-17,3.13,1,13
12022098,Charming Park Slope Apartment,8303104,Christen,Brooklyn,South Slope,40.66801,-73.98773,Private room,89,1,102,2019-07-03,2.56,1,269
14167380,Greenpoint/Williamsburg Comfortable New Apartment,44454496,Gino,Brooklyn,Greenpoint,40.73101,-73.9405,Entire home/apt,160,3,57,2019-06-11,1.63,1,314
28933616,Spacious studio apartment on ideal LES block,526744,Tessa,Manhattan,Chinatown,40.71614,-73.99085,Entire home/apt,250,2,3,2018-11-04,0.35,1,0
4092826,Forest Hills Villa 皇后区“曼哈顿”-森林小丘别墅!,21228368,Jessica,Queens,Forest Hills,40.71291,-73.84678000000001,Entire home/apt,180,2,105,2019-06-25,1.8,5,190
22101696,"CLEAN, BRIGHT, and MODERN 3 bedroom  Brooklyn apt.",20951849,Elaine,Brooklyn,Bedford-Stuyvesant,40.692240000000005,-73.93219,Entire home/apt,185,1,90,2019-07-01,4.68,2,181
20187779,Beautiful bright  room Near JFK & J Train#2,107272884,Lynn L,Queens,Richmond Hill,40.69584,-73.84727,Private room,40,1,59,2019-06-08,2.52,4,354
19952226,Bright Airy Spacious Brooklyn Artist's Home,15835115,Shelley,Brooklyn,Flatbush,40.65447,-73.95631,Entire home/apt,75,2,3,2017-09-11,0.13,1,0
28802019,Modern  Manhattan Brownstone -1 Block to Subway,217221109,Rich,Manhattan,Harlem,40.80839,-73.94375,Entire home/apt,200,1,40,2019-07-02,4.88,1,274
4499976,Large Sunny 2 Bedroom + den - UWS,23338742,Aneela,Manhattan,Upper West Side,40.78878,-73.97386,Entire home/apt,225,30,17,2018-06-15,0.31,1,179
19433834,Charming one-bedroom with original tin ceilings,6094395,Alysse,Brooklyn,Gowanus,40.67002,-73.99158,Entire home/apt,140,4,14,2018-11-14,0.58,1,8
2728293,East Village w/ Private Bathroom & Roof & Elevator,12511213,Vijay,Manhattan,East Village,40.7221,-73.98259,Private room,90,4,1,2016-06-13,0.03,1,0
27782948,Private room in trendy Williamsburg,20448671,Kandi,Brooklyn,Williamsburg,40.7098,-73.9418,Private room,66,2,6,2019-01-02,0.66,3,173
34364716,La Kings Highway unwinding,2123674,Rabi & Soukaina,Brooklyn,Sheepshead Bay,40.609390000000005,-73.95475,Private room,70,3,0,,,1,83
21815842,Spacious 2 bedroom in beautiful Clinton Hill,1931990,Yarden,Brooklyn,Clinton Hill,40.688590000000005,-73.96035,Entire home/apt,93,3,2,2018-05-11,0.13,1,0
34895344,"West 55th street, Lux 1bd Serviced Apartment",22541573,Ken,Manhattan,Hell's Kitchen,40.76957,-73.99292,Entire home/apt,229,30,0,,,87,115
5458432,Large Industrial Apt. Near Trains & Yankee Stadium,1364903,Farah,Bronx,Concourse Village,40.83161,-73.91958000000001,Entire home/apt,150,4,6,2019-06-10,0.32,1,346
4503472,Park Slope Home away from Home,23353897,Barbara,Brooklyn,Park Slope,40.66763,-73.98156,Entire home/apt,163,4,58,2019-05-29,1.38,1,132
35463686,"Rento mi sofá cama , en mi apartamento. Vivo solo",57201275,Jesús,Queens,Astoria,40.75942,-73.92600999999999,Shared room,45,2,1,2019-06-22,1.0,1,84
28956510,Private room in full floor Soho Loft,23397935,John,Manhattan,SoHo,40.72039,-73.99851,Private room,249,5,3,2019-01-27,0.33,1,5
1530660,Boutique Williamsburg Duplex Apartment,173980,Will And Jo,Brooklyn,Williamsburg,40.70919,-73.95012,Entire home/apt,160,30,13,2014-01-05,0.18,2,252
23468785,Luxe Master Bdrm Chelsea Doorman Gym/RoofDeck/Elev,19043062,Regi,Manhattan,Chelsea,40.74085,-74.00379000000001,Private room,80,4,34,2019-06-28,2.24,2,20
35656431,Private big bedroom w/ access to kitchen- Flushing,128681436,Angel,Queens,Flushing,40.75938,-73.80124,Private room,40,1,1,2019-07-01,1.0,1,66
31510414,Sun-lit room in spacious Clinton Hill loft,44037475,Hannah,Brooklyn,Bedford-Stuyvesant,40.69046,-73.9586,Private room,60,30,1,2019-05-05,0.45,4,153
24941111,Guest Room with A/C,188556821,Harry And Kelly,Queens,Woodside,40.74337,-73.90405,Private room,40,1,7,2018-06-15,0.5,1,0
18852919,THE PERFECT QUIET ATMOSPHERE  WHEN HOME,129890157,Pauline,Bronx,Allerton,40.87063,-73.84895999999999,Private room,70,1,3,2017-06-12,0.12,2,0
6544899,Beautiful Greenwich Village Apartment,34233009,Carol,Manhattan,West Village,40.73638,-74.00393000000001,Entire home/apt,180,28,0,,,1,0
28608920,Chic modern studio,141300,Mel,Manhattan,Upper West Side,40.78581,-73.97179,Entire home/apt,165,1,8,2019-05-06,0.88,1,87
21813560,"Private Room in Sunny, Spacious 3 Bdrm Apartment",19138757,Helen,Brooklyn,Crown Heights,40.67517,-73.9564,Private room,60,3,4,2018-09-30,0.22,1,302
25683401,Gorgeous Sunny Studio step away from Central Park,63266842,Lily,Manhattan,Upper East Side,40.76996,-73.9576,Entire home/apt,138,2,57,2019-07-05,4.44,1,1
20711362,"Subway-adjacent, spacious bedroom w private deck",7138847,Chelsea,Brooklyn,Bedford-Stuyvesant,40.67865,-73.94230999999999,Private room,75,1,4,2018-04-02,0.25,3,0
5251624,"Sunny, Warm, Comfortable Room",3114551,Jules,Brooklyn,Bushwick,40.69888,-73.92081,Private room,40,14,0,,,1,0
9219569,"Quiet, cozy, and big Bushwick Apt!",47672228,Danielle,Brooklyn,Bushwick,40.69064,-73.921,Entire home/apt,125,1,9,2016-07-23,0.21,1,0
34948941,Huge window bedroom in Brooklyn Chinatown,171495922,Stanley,Brooklyn,Sunset Park,40.63721,-74.01229000000001,Private room,60,1,0,,,4,353
32745294,Packaged for one plus group (QUEEN),242631139,Glen,Brooklyn,East Flatbush,40.6472,-73.92951,Private room,100,2,4,2019-06-23,1.85,4,360
14314240,"Entire 2 bedroom apt ,Prime Williamsburg",11052217,Fabio,Brooklyn,Williamsburg,40.71358,-73.95429,Entire home/apt,180,4,94,2019-06-26,2.72,1,326
3554599,"Great Apartment, Great Location",3902832,Elizabeth,Brooklyn,Greenpoint,40.7322,-73.95881999999999,Private room,80,3,0,,,1,0
2236458,Cozy 1 Bdrm n the Heart of Astoria!,11418277,Vanessa,Queens,Astoria,40.76437,-73.9195,Entire home/apt,65,4,2,2014-04-21,0.03,1,0
26394988,Gorgeous room in luxury apartment (2),198478845,Jelani,Brooklyn,Clinton Hill,40.68697,-73.96063000000001,Private room,59,3,10,2019-06-05,0.87,2,150
2257080,SUPERBOWLSUNDAY! 3BLOCK FROM TIMESQ,3312524,Athena,Manhattan,Hell's Kitchen,40.75361,-73.99501,Entire home/apt,350,1,0,,,1,0
11118641,1 BR in 2BR - Luxury High Rise,57765248,Chandni,Manhattan,Hell's Kitchen,40.75744,-73.9936,Private room,90,1,6,2016-05-18,0.14,1,0
18252876,Charming Spacious Studio in UWS with balcony,60022283,Audrey,Manhattan,Morningside Heights,40.80507,-73.96414,Entire home/apt,116,3,16,2019-05-25,0.61,1,0
11751916,Large 2BR apt. steps from Subway,62530335,Adam,Bronx,Concourse,40.8199,-73.9281,Entire home/apt,110,1,0,,,1,0
29567252,Beautiful Artsy Apartment centrally located!,41083526,Brenda,Queens,Sunnyside,40.74322,-73.91989000000001,Entire home/apt,130,4,0,,,2,0
618916,Brooklyn Carriage House,92451,Cath,Brooklyn,Prospect Heights,40.68066,-73.96644,Entire home/apt,200,4,11,2019-04-28,0.13,1,0
36380964,Cozy bedroom in East Village apt!,271590063,Mariel,Manhattan,Stuyvesant Town,40.7338,-73.97972,Private room,70,1,0,,,1,270
14961122,Spacious studio with private garden in Brooklyn,16586817,Giorgia,Brooklyn,Bedford-Stuyvesant,40.68381,-73.91776,Entire home/apt,86,4,55,2019-05-31,1.62,1,17
22122354,3 Minutes to Central Park ❤︎ of NYC!,161616186,Santiago,Manhattan,Upper West Side,40.78233,-73.98415,Entire home/apt,150,3,20,2019-06-22,1.08,1,36
773041,Nice beautiful room In the Bronx,3684360,Enrique,Bronx,Allerton,40.85914,-73.86979000000001,Private room,38,1,187,2019-06-23,2.34,4,241
34289867,"Amazing 2 BR Ap,10min walk 2 Empire state building",258892159,Flora,Manhattan,Kips Bay,40.74357,-73.97646999999999,Entire home/apt,299,1,0,,,1,20
29417620,Beautiful Private Room with 3 Beds in Bed Stuy,219544415,Joel And Julian,Brooklyn,Bedford-Stuyvesant,40.69223,-73.95141,Private room,75,2,13,2019-06-03,1.53,3,365
32701542,Lovely Spacious Home Close to Manhattan & Airports,244453286,Alba,Queens,Sunnyside,40.73802,-73.91901999999999,Entire home/apt,180,3,10,2019-07-06,2.48,2,123
16229170,big loft apartement in the Lower East Side,185745,Alessandra,Manhattan,Lower East Side,40.71278,-73.9919,Entire home/apt,200,1,26,2019-06-06,0.95,2,317
32241235,Sonder | Stock Exchange | Airy 1BR + Laundry,219517861,Sonder (NYC),Manhattan,Financial District,40.70727,-74.01026,Entire home/apt,235,2,3,2019-06-11,1.58,327,341
30059270,Beautiful 1 bedroom in Ridgewood's heart.,225891200,Judit,Queens,Ridgewood,40.70947,-73.90039,Private room,75,2,0,,,1,0
10057826,Deluxe Loft Suite,47554473,Henry Norman,Brooklyn,Greenpoint,40.72778,-73.94471999999999,Entire home/apt,205,3,5,2018-02-18,0.12,13,72
891117,Private Bedroom in Manhattan,4734398,Jj,Manhattan,Harlem,40.82264,-73.94041,Private room,49,1,594,2019-06-15,7.57,3,339
36153727,Ridgewood Deal,271925782,Stephane,Queens,Ridgewood,40.70062,-73.90796,Shared room,35,1,0,,,1,72
31834190,Small studio in Queens,18957069,Natalia,Queens,Woodside,40.74734,-73.89735,Entire home/apt,95,2,0,,,1,17
25265496,Beautiful large 2 br appartement in Brooklyn!,22935245,Anne,Brooklyn,Bedford-Stuyvesant,40.69168,-73.95397,Entire home/apt,145,21,1,2018-07-14,0.08,1,25
25480539,Bronx Roon,102501688,Julissa,Bronx,Highbridge,40.83464,-73.92505,Private room,70,2,2,2018-09-30,0.17,1,348
23118522,"Unique 1 bedroom apt. in Gowanus, Brooklyn",8959179,Kevin,Brooklyn,Gowanus,40.6786,-73.98705,Entire home/apt,104,4,10,2018-12-29,0.73,1,98
28937584,Cozy Private Room in Uptown Manahattan,43027007,Robbie,Manhattan,East Harlem,40.7949,-73.93627,Private room,57,1,26,2019-06-03,2.82,1,344
18734225,1BR in lovely Williamsburg apartment,40238772,Daniël,Brooklyn,Williamsburg,40.70884,-73.95425,Private room,60,20,2,2017-06-19,0.08,1,0
23353173,Chateau Upon Metro - large sunny 1bd near train,55149174,Anthony,Brooklyn,Kensington,40.64588,-73.97831,Private room,43,2,0,,,1,0
28564408,1Dynamic private room in bushwick,215577249,Charlie And Selena,Brooklyn,Bushwick,40.69256,-73.90456999999999,Private room,65,2,26,2019-06-07,2.8,8,362
27100997,Cozy & Private Bedroom near Highline- CHELSEA,203346157,Bryan,Manhattan,Chelsea,40.74309,-73.99535,Private room,115,55,11,2019-05-20,1.31,1,204
24656201,A Place to Call HOME,25479861,Michael,Queens,Sunnyside,40.74567,-73.91881,Private room,89,1,0,,,1,365
35055076,Balcony with Room! Close to LGA and JFK.,256290334,Aisling,Queens,Richmond Hill,40.70254,-73.8322,Private room,65,1,17,2019-07-05,13.42,1,157
12538440,20 Day Room Rental in Manhattan!!,67931669,Indigo,Manhattan,Harlem,40.81498,-73.95078000000001,Private room,45,20,0,,,1,0
20527413,"Spacious, 2 Story Suburban Retreat in the LES",54401544,Cassidy,Manhattan,Lower East Side,40.71898,-73.98472,Private room,133,2,1,2017-12-03,0.05,1,0
2683455,4BR Family apt 15 min to Manhattan,1273385,Cecile,Queens,Long Island City,40.74749,-73.92089,Entire home/apt,155,3,4,2015-10-13,0.07,1,0
22150956,Brooklyn apt,28110419,Daniel,Brooklyn,Boerum Hill,40.68734,-73.98633000000001,Entire home/apt,150,13,0,,,1,0
4625126,Bedroom and art studio/office space,7799229,Artem,Brooklyn,Williamsburg,40.71387,-73.95652,Private room,41,4,14,2018-10-06,0.37,2,0
13506967,Sunny 1-Bedroom in Cobble Hill with Outside Space,4337162,Neil,Brooklyn,Cobble Hill,40.68688,-73.999,Private room,142,3,8,2017-12-31,0.22,1,10
21822750,*AWESOME PLACE*2 MIN SUBWAY!,159020652,JoaoLinda,Brooklyn,Bushwick,40.68235,-73.90381,Private room,48,2,58,2019-06-30,3.04,1,349
22295038,Home away from Home-Close to trains and JFK,58237901,Nicola,Brooklyn,Brownsville,40.66116,-73.90305,Entire home/apt,100,4,29,2019-06-11,1.57,1,281
3056451,One Bedroom close to everything!,15559190,Kerry,Manhattan,West Village,40.72916,-74.00433000000001,Entire home/apt,120,3,5,2016-10-28,0.08,1,0
13876681,Cozy Room Times Square + ALL Museums Free Pass,82096395,Sergio,Manhattan,Hell's Kitchen,40.75981,-73.99118,Private room,150,5,20,2019-01-04,0.55,1,178
14234046,Premier Suites Downtown,18762580,Joseph,Manhattan,Financial District,40.70885,-74.01074,Entire home/apt,200,30,0,,,1,87
13765146,Private Room One Block North of Central Park,45543753,Jonathan,Manhattan,Harlem,40.80046,-73.95509,Private room,70,1,8,2016-08-01,0.22,1,0
16751768,Brooklyn Pied-à-Terre 2 Bed 31 day minimum,32124747,Julian,Brooklyn,Bushwick,40.68637,-73.91133,Entire home/apt,116,31,99,2019-04-30,3.33,1,295
10830815,Bohemian Bedroom for Art Lovers,2276842,Debbie,Brooklyn,Williamsburg,40.7054,-73.94283,Private room,80,2,5,2017-01-01,0.15,2,0
34020020,"Charming, quiet and lovely Brooklyn Heights Studio",14950774,Gina,Brooklyn,Brooklyn Heights,40.690940000000005,-73.99293,Entire home/apt,160,7,0,,,1,98
33015342,Nice Room in this EV Gem!,245637171,Min,Manhattan,East Village,40.72843,-73.98581,Private room,62,30,1,2019-05-28,0.71,8,310
504437,The biggest small apt in Manhattan,2356449,Mariana,Manhattan,Lower East Side,40.72232,-73.98686,Entire home/apt,104,3,57,2019-06-30,0.7,1,6
30187331,Prime Area Room/Astoria/LGA 5 minutes,52599987,Jess,Queens,Ditmars Steinway,40.77568,-73.90303,Private room,100,1,2,2018-12-09,0.27,1,0
33390413,Gorgeous Lower Manhattan studio for summer sublet,251545269,Royi,Manhattan,Financial District,40.70613,-74.01583000000001,Entire home/apt,135,35,0,,,1,105
13959100,East Flatbush- Sunny 1 bedroom apt,79696862,Jay,Brooklyn,Flatlands,40.62297,-73.93849,Private room,57,1,7,2018-05-12,0.2,1,311
4605455,Private Room & Bathroom in LES,23575977,Carly,Manhattan,Two Bridges,40.71205,-73.99463,Private room,120,5,0,,,1,0
19531580,SUNNY N.Y.C. APARTMENT,8816087,Danilo,Manhattan,East Harlem,40.80183,-73.94358000000001,Entire home/apt,130,2,0,,,2,0
1920085,Small Room With Private Loft Bed,1229984,John,Queens,Long Island City,40.744040000000005,-73.95233,Private room,40,25,8,2017-06-11,0.12,3,0
21827433,"Huge, Cozy Brooklyn Duplex with Backyard",142662928,Nell,Brooklyn,Bedford-Stuyvesant,40.69292,-73.93463,Entire home/apt,160,5,0,,,1,0
22265411,Prime Upper East 2BR~Best Value,162280872,Izi,Manhattan,Upper East Side,40.77383,-73.94903000000001,Entire home/apt,150,60,5,2018-09-30,0.31,13,155
14506036,Heart of Harlem Living - NYC to it's fullest!,1215853,Pascal,Manhattan,East Harlem,40.80758,-73.93701999999999,Entire home/apt,140,1,34,2019-07-01,0.98,1,170
36437317,private room in Astoria,122204600,Mohammed,Queens,Astoria,40.76431,-73.90992,Private room,49,15,0,,,1,341
5927152,Room in heart of East Village,30775529,Adam,Manhattan,East Village,40.73101,-73.99087,Private room,300,2,0,,,1,0
113945,Cozy room in Time Square!,275582,Natalia,Manhattan,Hell's Kitchen,40.75835,-73.99193000000001,Private room,85,10,116,2019-05-11,1.17,1,174
22516899,"A Quiet, Sunny Gem in Crown Heights",76426686,Bunge,Brooklyn,Crown Heights,40.6687,-73.93628000000001,Private room,50,5,0,,,1,0
9758735,1 Bedroom Holiday Sublet in Bklyn,411677,Eli,Brooklyn,Flatbush,40.63565,-73.96434,Entire home/apt,70,20,0,,,1,0
29277029,Charming 1-bedroom in Lower Manhattan,220568909,Anneka,Manhattan,Little Italy,40.71751,-73.99849,Entire home/apt,230,2,9,2019-05-19,1.04,1,360
12155351,"Cute Apt, heart of east Village!",34507633,Paul,Manhattan,East Village,40.72772,-73.97978,Private room,80,1,1,2016-05-26,0.03,1,0
3357882,Spacious and unique 1 bdrm / 2 bath,16942970,Caleb,Manhattan,Upper East Side,40.766490000000005,-73.96453000000001,Entire home/apt,200,5,49,2018-12-02,0.84,1,25
21390251,Clean 2BR Park Slope Apt w/ Private Outdoor Space,26765262,Derek,Brooklyn,Gowanus,40.66933,-73.99158,Entire home/apt,125,3,70,2019-07-01,3.38,1,99
21503589,Newly Renovated/Historic-Landmarked Brownstone!,50332029,Mario,Manhattan,Harlem,40.82621,-73.94549,Entire home/apt,95,1,139,2019-06-29,6.9,1,41
10011009,Charming and bright UWS apartment,8936313,Maurad & Maria,Manhattan,Upper West Side,40.78146,-73.97845,Entire home/apt,120,5,0,,,1,0
32517517,Bright room with Open Terrace 3min walk to Subway,204704622,Momoyo,Queens,Elmhurst,40.74063,-73.87732,Private room,33,29,1,2019-06-16,1.0,7,34
16489175,"Spacious LIC apartment, 10 min to Grand Central",108275969,John,Queens,Long Island City,40.74902,-73.9472,Private room,57,5,0,,,1,0
30093274,家庭式獨立衛生間套房G,225889604,Fiona,Queens,Flushing,40.76548,-73.82764,Private room,82,1,2,2019-06-09,0.31,5,85
21546425,"Cozy, quiet one bedroom in the heart of Bedstuy!",37149695,Angelo,Brooklyn,Bedford-Stuyvesant,40.69119,-73.94339000000001,Entire home/apt,100,3,1,2018-01-02,0.05,1,0
34336740,Upper West 1 Bedroom / 1 Bath. Lincoln Center,131647128,Emily,Manhattan,Upper West Side,40.77567,-73.988,Entire home/apt,190,30,2,2019-06-15,1.36,25,322
29334325,Plant & pet-friendly LOFT in the UWS,24595747,Melissa,Manhattan,Upper West Side,40.779720000000005,-73.97870999999999,Private room,97,3,7,2019-03-18,0.83,2,0
17544058,Quite and comfortable shared room in UES,94100043,Mohamed,Manhattan,Upper East Side,40.76675,-73.95428000000001,Shared room,35,1,118,2019-01-03,4.21,2,0
34575989,The Clifton Place,260891097,Earl,Brooklyn,Bedford-Stuyvesant,40.68762,-73.95331999999999,Private room,120,2,2,2019-06-25,1.58,2,88
25505473,"Beautiful, Sunny and very Clean Apartment",137836678,Deni,Queens,Sunnyside,40.74196,-73.92135999999999,Entire home/apt,100,3,4,2019-07-01,0.34,1,326
21364703,Gorgeous 1 BR/1BA where Soho meets West Village!,8480056,David,Manhattan,SoHo,40.72706,-74.00476,Entire home/apt,170,2,17,2019-06-23,0.84,1,6
32304108,Carroll Gardens Cozy Nest,152114575,Barbara,Brooklyn,Carroll Gardens,40.68082,-73.99481999999999,Private room,89,4,5,2019-06-16,1.4,1,0
4047815,Jackson Heights charmer!,20988865,Elizabeth,Queens,Jackson Heights,40.7517,-73.89478000000001,Entire home/apt,100,2,24,2018-12-30,0.42,1,0
3696043,Weeklong Discounted Bklyn Apt by Train & Near Dwtn,807340,Kevin,Brooklyn,Brownsville,40.66827,-73.92509,Entire home/apt,75,1,135,2019-07-01,2.27,1,174
27088022,"Bright, Brand NEW, and Spacious, Gorgeous Home",115827173,David,Staten Island,Willowbrook,40.59886,-74.13217,Entire home/apt,249,4,9,2019-05-13,0.8,2,351
9138664,Private Lg Room 15 min to Manhattan,47594947,Iris,Queens,Sunnyside,40.74271,-73.92493,Private room,74,2,6,2019-05-26,0.13,1,5
13661280,Room in Carroll Gardens,3977023,Vaida,Brooklyn,Carroll Gardens,40.6839,-73.99266,Private room,75,5,0,,,2,0
8925072,Big Bright Room in Bushwick NEXT to L and M Train,4077292,Unue,Brooklyn,Bushwick,40.69744,-73.90773,Private room,70,4,57,2019-06-23,1.44,2,333
9945496,Luxury Upscale Apartment in Midtown,12574877,Leroy,Manhattan,Hell's Kitchen,40.76443,-73.98728,Entire home/apt,150,1,65,2019-06-19,1.56,1,186
11401884,Charming Pied-à-terre à New York!,59849677,Tom & Mel,Manhattan,East Harlem,40.79736,-73.94442,Private room,100,2,77,2019-07-06,1.9,1,235
21931779,Beautiful Art Deco Master Bedroom in Astoria NY,147252767,Melanie,Queens,Astoria,40.76354,-73.91341,Private room,50,1,6,2018-04-07,0.31,1,0
16412250,Cozy and quiet 1 bedroom in great neighborhood,19294443,Melissa,Brooklyn,Park Slope,40.67514,-73.97598,Entire home/apt,85,2,1,2017-01-01,0.03,1,0
12342876,Cozy&Spacious in Beautiful Astoria,8389062,Eliza,Queens,Astoria,40.76202,-73.91467,Entire home/apt,120,1,1,2016-06-12,0.03,1,0
28253482,Artsy Brooklyn Apartment,4601788,Heather Marie,Brooklyn,Flatbush,40.644020000000005,-73.96489,Private room,50,1,5,2018-12-02,0.53,1,0
11315999,Summer in the City,5577926,Lou,Queens,Astoria,40.76821,-73.9125,Private room,60,1,72,2019-06-15,1.82,4,0
5944801,Brownstone Duplex Harlem/Columbia U,27796188,John,Manhattan,Harlem,40.809470000000005,-73.95392,Entire home/apt,300,2,60,2019-07-05,1.18,2,198
16964141,Staten island home not far from ferry to manhattan,113449748,Gloria,Staten Island,Randall Manor,40.63552,-74.12125,Private room,100,3,0,,,1,362
26807614,Twin Cabin with a Window One,51913826,The Bowery House,Manhattan,Nolita,40.72311,-73.99345,Private room,94,1,1,2019-03-24,0.28,8,0
25264538,Modern one bedroom in Financial District,6254791,Maite,Manhattan,Financial District,40.70884,-74.00822,Entire home/apt,299,2,2,2018-09-23,0.2,1,0
13728712,Charming brick brownstone (2nd floor),2026554,Maggie,Brooklyn,Bushwick,40.70173,-73.91504,Entire home/apt,89,3,14,2018-11-17,0.39,1,0
20503786,Studio for rent,145693309,Max,Brooklyn,Prospect-Lefferts Gardens,40.66202,-73.96195,Entire home/apt,80,16,0,,,1,0
36069486,Private room in Central Park North,264495166,Jordania,Manhattan,Harlem,40.80199,-73.95779,Private room,90,2,1,2019-07-03,1.0,3,46
19680275,Nice & new room in 2 bedroom  apt. Washer/dryer 2R,122498535,Gf,Brooklyn,East Flatbush,40.65695,-73.92558000000001,Private room,40,30,0,,,3,326
7108992,Huge Upper West Side Apartment - 3 rooms,3801047,Anna,Manhattan,Upper West Side,40.7982,-73.96931,Entire home/apt,187,3,1,2015-09-05,0.02,1,0
16701051,Tribeca one bedroom apt - jan 13-30th,110629411,T,Manhattan,Chinatown,40.71471,-73.9993,Entire home/apt,100,7,0,,,1,0
13399051,"Modern Apartment LES, 2mn to train",4027689,Miguel,Manhattan,Lower East Side,40.71518,-73.98953,Private room,150,3,12,2017-10-30,0.32,2,0
1744216,Prime Williamsburg Large bedroom for 1or2 people,2480939,Charles,Brooklyn,Williamsburg,40.71973,-73.96070999999999,Private room,85,1,221,2019-06-26,4.1,3,206
36391474,Wonderful apartment close to Metro,273025497,Richard,Brooklyn,Fort Greene,40.68868,-73.97671,Entire home/apt,107,1,0,,,1,49
13452799,Small and cozy room in Williamsburg 2-Bedroom apt.,76849055,Mikalena,Brooklyn,Williamsburg,40.70885,-73.95349,Private room,50,1,3,2016-07-20,0.08,1,0
32102590,Cute Studio in Central of Midtown,211549023,Studioplus,Manhattan,Midtown,40.7467,-73.98706,Entire home/apt,220,2,4,2019-06-18,1.09,13,283
10922889,Shared male room on Manhattan with crazy view! I,39528519,Max,Manhattan,Lower East Side,40.70985,-73.98724,Shared room,35,14,2,2017-10-01,0.08,28,320
29135220,Parisian Style Apartment in Heart of Brooklyn,32830245,Dora,Brooklyn,Prospect Heights,40.68063,-73.97334000000001,Entire home/apt,180,2,9,2019-06-13,1.01,1,0
26635476,Newly Renovated Apartment in Upper Manhattan!,57322447,Matthew,Manhattan,Inwood,40.86159,-73.92616,Entire home/apt,100,4,3,2018-10-31,0.26,1,0
21868813,1 Bedroom modern apartment in the heart of Astoria,120638903,Ioanna,Queens,Astoria,40.76543,-73.92248000000001,Entire home/apt,95,6,2,2017-12-09,0.1,1,0
8152675,CLEAN & COZY 2 bedroom apartment,34920172,Angela,Manhattan,East Village,40.72995,-73.98135,Entire home/apt,200,1,101,2019-06-24,2.19,1,247
29648013,Chic Brand New Maisonette 2BR in Greenpoint,222270217,Katie,Brooklyn,Greenpoint,40.73291,-73.95989,Entire home/apt,139,3,36,2019-06-19,4.48,1,58
6985434,*SKYTRAIN* Studio Loft Apartment - Great Space!,25237492,Juliana,Manhattan,Upper West Side,40.78201,-73.98379,Entire home/apt,120,30,9,2019-04-30,0.24,34,339
24019172,"XL Ensuite 5m to Ferry, RUMC, Snug Harbor",9263105,Wj,Staten Island,New Brighton,40.64393,-74.09312,Private room,40,30,1,2019-06-29,1.0,2,71
8864404,Darian Place,46401675,Benjamin,Manhattan,East Harlem,40.7929,-73.94108,Private room,83,1,0,,,1,0
14065198,Sleek 1BR in the heart of Williamsburg!,27178707,Brian,Brooklyn,Williamsburg,40.71597,-73.95223,Entire home/apt,199,3,2,2016-09-19,0.06,1,0
10491594,one bedroom apt in a new house,16782573,Dorina,Queens,Middle Village,40.71632,-73.88297,Entire home/apt,115,4,6,2018-11-13,0.14,4,314
19520991,Clean 1 bedroom in heart of NYC with Private deck,47988208,Colin,Manhattan,Murray Hill,40.74838,-73.98108,Entire home/apt,275,2,15,2019-03-17,0.65,1,5
20386575,Makes You Wanna STAY! [BEST RATE],142590597,Joica,Brooklyn,East New York,40.6746,-73.87293000000001,Shared room,159,1,7,2018-10-06,0.31,6,180
32402997,Charming private room in Brownstone apartment,237668552,Kim,Brooklyn,Cobble Hill,40.68557,-73.99829,Private room,85,2,11,2019-07-01,2.56,2,111
4792705,Elegant Quiet Spacious 2BD Brownstone Brooklyn NYC,3471761,Kevin & Yuan,Brooklyn,Bedford-Stuyvesant,40.68811,-73.92398,Entire home/apt,149,2,145,2019-07-02,2.62,2,305
34862591,Spacey Bushwick Loft! Perfect location! Big Room!,2201963,Violeta,Brooklyn,Williamsburg,40.70631,-73.93338,Private room,64,21,0,,,1,5
18769652,Beautiful Williamsburg Loft,1890427,Rose & Brian,Brooklyn,Williamsburg,40.71813,-73.94502,Entire home/apt,250,2,9,2018-05-20,0.36,1,0
1750679,THE LINCOLN PARLOR,9209820,Althea,Brooklyn,Crown Heights,40.66946,-73.95008,Entire home/apt,185,3,115,2019-06-08,2.09,3,314
1360781,LUXMaster Suite 24hrDrm WestVillage,176903,Tana,Manhattan,West Village,40.73432,-74.00305999999999,Private room,220,1,2,2013-10-09,0.03,2,364
32226740,Midtown 2BR w/ Patio! Central Park & Times Sq!,232475160,Jhonnil,Manhattan,Hell's Kitchen,40.76242,-73.9925,Entire home/apt,149,2,7,2019-06-21,1.47,1,155
32542856,Newly Remodeled Private Room in SoHo,244197139,Brooke,Manhattan,Nolita,40.72033,-73.99526999999999,Private room,66,30,1,2019-04-16,0.36,5,125
23702442,Sonder | 180 Water | Delightful 1BR + Rooftop,12243051,Sonder,Manhattan,Financial District,40.70753,-74.00514,Entire home/apt,205,29,1,2018-05-04,0.07,96,338
22631779,Room Private Entrance Close to Subway/Bus/Airport,44782054,Jennifer,Queens,Ditmars Steinway,40.77317,-73.91508,Private room,55,2,58,2019-06-27,3.81,1,9
26153609,A Historic District Gem in Jackson Heights,196580929,Vivian,Queens,Jackson Heights,40.75228,-73.88699,Private room,42,1,3,2018-07-22,0.25,1,0
32238391,Sonder | Stock Exchange | Lively 1BR + Lounge,219517861,Sonder (NYC),Manhattan,Financial District,40.70569,-74.01077,Entire home/apt,227,2,8,2019-06-11,3.64,327,349
17684828,Amazing Astoria New York 2 bedroom 10 min to NYC,120456470,Nicholas,Queens,Ditmars Steinway,40.77411,-73.90926,Entire home/apt,200,5,42,2018-12-07,1.55,1,77
36354776,Cozy bedroom in diverse neighborhood near JFK,273393150,Liza,Queens,Richmond Hill,40.68639,-73.81846999999999,Private room,28,2,0,,,1,24
22829069,Sunny spacious apartment in NY available today!,22610399,Dmitry,Brooklyn,Midwood,40.62306,-73.96965,Entire home/apt,66,18,0,,,1,0
27162696,Sweet BR (A) in owner's duplex very near subway,35983559,Laura,Brooklyn,East Flatbush,40.63956,-73.95033000000001,Private room,75,3,10,2019-06-30,0.91,3,123
19590073,Cozy room in Nolita,137702768,Dorothea,Manhattan,Little Italy,40.71885,-73.99514,Private room,120,7,14,2018-12-13,0.62,1,64
7707191,1 room in 3 bdrm apt 78th and 3rd,38301594,Shana,Manhattan,Upper East Side,40.774840000000005,-73.95725999999999,Private room,80,1,2,2015-09-19,0.04,2,0
7561314,Private room in modern Bushwick Apt,39636434,Peter,Brooklyn,Bushwick,40.69095,-73.92385999999999,Private room,48,4,8,2017-08-30,0.17,1,0
975990,Brooklyn Heights Brownstone - Private Bdrm Avail.,5339881,Gerard,Brooklyn,Brooklyn Heights,40.69293,-73.99679,Entire home/apt,325,1,11,2018-12-09,0.19,1,363
17845507,Small room in South Slope House,122079426,Martha,Brooklyn,South Slope,40.6632,-73.98529,Private room,50,1,19,2017-06-12,0.71,1,0
30800868,W 70s BR in Classic UWS Building,3929012,Kevin,Manhattan,Upper West Side,40.77824,-73.98255,Private room,129,1,30,2019-07-01,4.69,4,49
34743257,"Quiet, Warm Room 47 Buffalo 1F Room#3",260072882,Sammy,Brooklyn,Bedford-Stuyvesant,40.67792,-73.92347,Private room,50,2,6,2019-07-02,3.91,2,83
26815937,Bear(D)Close to JFK&LGA&Citi Field&Subway#Parking,191571338,Geheng,Queens,Flushing,40.74544,-73.82244,Private room,48,1,74,2019-07-07,6.2,4,56
19892112,Lovely Park Slope 1BR / 2BA with outdoor space,52535342,Darren,Brooklyn,Park Slope,40.66711,-73.97691,Entire home/apt,175,3,0,,,1,0
30555709,Spacious Sanctuary -Great Neighborhood/City Center,229255407,Jose,Manhattan,Midtown,40.74551,-73.98744,Entire home/apt,150,1,4,2019-01-20,0.57,1,5
4629726,Sunny Studio,23971405,Monica,Queens,Kew Gardens,40.70705,-73.83346,Entire home/apt,100,2,1,2016-01-02,0.02,1,0
29678364,Kan house,183417610,Kanchana,Queens,Elmhurst,40.7409,-73.87738,Private room,180,1,3,2019-05-27,0.39,3,88
17122439,Charming Studio with your Own Private Patio,115057851,Chito And Xavier,Manhattan,East Harlem,40.80827,-73.93813,Entire home/apt,100,3,103,2019-07-01,3.61,2,32
21862803,Beautiful  apt in great location,18405989,Guido,Brooklyn,Windsor Terrace,40.65281,-73.97298,Entire home/apt,150,7,0,,,1,0
4879530,LUXURY PRIVATE MANHATTAN APARTMENT,25102191,Andy,Manhattan,East Harlem,40.80732,-73.93972,Entire home/apt,125,7,0,,,1,0
35451636,Newly renovated private room close to Central Park,266726110,Sergii,Manhattan,Harlem,40.80315,-73.95616,Private room,88,30,0,,,7,364
6570517,Comfy Room Close the Subway ABCD&1!,4534649,L & A,Manhattan,Harlem,40.8179,-73.9539,Private room,75,2,52,2017-03-08,1.04,3,0
17542798,Amazing 1 Bedroom Apt in the Heart of LES,40935862,Andrew,Manhattan,Lower East Side,40.72105,-73.98371,Entire home/apt,150,3,6,2017-07-20,0.22,1,90
35375569,Alphabet City Summer!,266310389,Kirk,Manhattan,East Village,40.72837,-73.98170999999999,Private room,50,30,0,,,1,97
29963540,"Bushwick, Prvt Room/Prvt Bath, 20mins to Manhattan",52357574,Mitch,Brooklyn,Bushwick,40.6988,-73.91388,Private room,85,1,2,2018-12-23,0.27,1,0
29518861,Fantastic private room!,14061862,Jay,Brooklyn,Bedford-Stuyvesant,40.69816,-73.94703,Private room,55,2,20,2019-06-24,2.64,3,332
21951184,Upper East Side Private Entire Studio,59394680,Soojin,Manhattan,Upper East Side,40.77084,-73.94955999999999,Entire home/apt,130,30,0,,,1,0
30131273,Private shared space TV/WiFi included bus/train,226410935,Ninosca,Manhattan,Washington Heights,40.83815,-73.94385,Private room,40,3,23,2019-07-01,3.0,1,129
10017561,Murray Hill 2 Bedroom Classic (84),50760546,CRNY Monthly Rentals,Manhattan,Murray Hill,40.74672,-73.97841,Entire home/apt,150,30,4,2018-11-02,0.12,31,128
6286307,Terrific Location in Prospect Heights,1771148,Alex & Laura,Brooklyn,Crown Heights,40.678090000000005,-73.95903,Private room,62,4,12,2016-09-02,0.24,1,0
10849750,Brownstone Beauty 1 Bedroom,185847,Faizal,Brooklyn,Fort Greene,40.68584,-73.97570999999999,Entire home/apt,135,2,1,2016-08-15,0.03,1,0
22702906,Cozy Brownstone Brooklyn Studio Near Subway!!,6291509,Daniel,Brooklyn,Boerum Hill,40.6876,-73.98472,Entire home/apt,160,4,4,2018-09-26,0.3,1,14
16396119,Enjoy my apartment for the summer!,52780335,Aaron,Manhattan,Washington Heights,40.83985,-73.93715,Entire home/apt,65,3,14,2019-06-29,0.45,1,0
18411446,NEW! Luxury studio WITH SPA shower in Flushing!!!,10366837,Jia,Queens,Flushing,40.75763,-73.83157,Entire home/apt,99,2,88,2019-06-23,3.38,3,120
27260995,2br apt for rent daily 10min away in train to City,114887819,Fernando,Brooklyn,Bushwick,40.69752,-73.93496999999999,Entire home/apt,245,2,5,2019-06-03,0.79,1,128
12955346,Suite with Private Gated Entrance,12160792,Sarah,Brooklyn,Brooklyn Heights,40.69183,-73.99592,Entire home/apt,150,1,107,2019-07-05,2.84,1,75
34038333,Walking distance to Central Park,257019090,Camille,Manhattan,Upper West Side,40.78046,-73.9784,Entire home/apt,150,4,0,,,1,0
22545117,Victorian Artist Loft,90857546,Diana,Brooklyn,Bushwick,40.69818,-73.93576999999999,Private room,108,3,12,2019-03-12,0.79,1,112
20394608,Hamilton Heights sun filled spacious master BR,75749777,Mykola,Manhattan,Harlem,40.82094,-73.95366,Private room,49,16,1,2017-08-21,0.04,1,0
14916806,Voted “Best of Williamsburg” / 1000 sqft Loft,11227830,Logan,Brooklyn,Williamsburg,40.71865,-73.96392,Entire home/apt,249,2,43,2019-06-23,1.27,1,38
9435428,Cozy Studio in East Harlem,48904356,Hasan,Manhattan,East Harlem,40.79335,-73.94583,Entire home/apt,150,1,1,2016-01-02,0.02,1,0
6992973,1 Bedroom in Prime Williamsburg,5162530,,Brooklyn,Williamsburg,40.71838,-73.9563,Entire home/apt,145,1,0,,,1,0
19244237,Your Brooklyn pad,17184568,Luke,Brooklyn,Bushwick,40.70232,-73.92935,Private room,60,1,1,2017-07-02,0.04,1,0
36107803,"Dreamy brownstone with cozy room, big closet, bike",57919043,Garrison,Brooklyn,Park Slope,40.67918,-73.97659,Private room,49,24,0,,,1,44
9842780,Grand apartment on 5th avenue,145616,Lauren,Manhattan,Greenwich Village,40.73238,-73.99517,Entire home/apt,300,3,0,,,1,0
34851748,X,184750740,Juice,Bronx,Morrisania,40.82504,-73.90918,Shared room,80,1,0,,,4,365
36061719,Private Studio-Bedroom in Duplex in Williamsburg,271282883,Terence,Brooklyn,Greenpoint,40.72779,-73.94081,Private room,99,6,0,,,2,54
5707888,"Homey, Large, Gorgeous 2 BR Apt!",3780975,Shira,Manhattan,Harlem,40.80403,-73.95615,Entire home/apt,200,2,6,2016-01-03,0.12,1,0
1929540,2 floor loft in Gramercy park,6846161,Stefano,Manhattan,Kips Bay,40.73772,-73.98025,Entire home/apt,175,3,9,2014-06-21,0.13,1,0
13358405,Delightful Brownstone,75484381,Shon,Brooklyn,Bedford-Stuyvesant,40.69485,-73.94866,Entire home/apt,225,30,0,,,1,249
16205491,BEAUTIFUL 1-BEDROOM @ דירה שווה בוויליאמסבורג,8682765,Nimrod,Brooklyn,Williamsburg,40.71497,-73.93905,Entire home/apt,150,7,0,,,1,0
22994960,Studio Apartment in Murray Hill,96317547,Adam,Manhattan,Murray Hill,40.74827,-73.97851,Private room,120,3,0,,,1,0
27545256,"Sunny, Spacious Bedroom 1/2 Block from Ft Green Pk",8039125,Omar,Brooklyn,Fort Greene,40.68811,-73.97539,Private room,52,4,4,2019-05-31,0.36,1,329
20325986,Brooklyn Condominium - Bushwick,145013050,Dylan,Brooklyn,Bushwick,40.70423,-73.91595,Private room,75,1,3,2017-09-01,0.13,1,0
16182780,Newly Furnished Bedroom in NYC apt,105668518,Benny,Manhattan,Washington Heights,40.8407,-73.93885999999999,Private room,100,2,4,2017-05-08,0.13,1,0
14301951,A beautiful cozy room with balcony,87370616,Francisca,Bronx,Longwood,40.81998,-73.90325,Private room,75,2,110,2019-06-17,3.18,2,350
36343547,Gorgeous 3 BR with backyard 15 minutes from Soho,271799,Emmanuel,Brooklyn,Bedford-Stuyvesant,40.69378,-73.93932,Entire home/apt,200,3,0,,,2,316
19265766,Cozy luxurious & private 1 1/2 bedroom in Brooklyn,134901180,Aldric,Brooklyn,Bedford-Stuyvesant,40.68153,-73.9538,Entire home/apt,200,7,8,2019-05-26,0.33,2,355
706347,"HISTORIC WILLIAMSBURG, BKLYN #2",839679,Brady,Brooklyn,Williamsburg,40.71796,-73.95439,Private room,69,3,2,2013-05-06,0.03,3,284
17258228,Little Red and the big GWB,116333529,Gina,Manhattan,Washington Heights,40.85076,-73.94046999999999,Private room,50,1,0,,,1,0
27140780,Bright cozy private room in stylish Brooklyn apt,1409262,Sarah,Brooklyn,Flatbush,40.64228,-73.95204,Private room,40,2,4,2018-09-28,0.37,6,260
7415011,Cozy room in 1bedroom apt,15824880,Israel,Queens,Astoria,40.7722,-73.93105,Private room,37,1,0,,,1,0
29433879,East Village 2Bdrm apt with Rooftop and City Views,43957041,Amy,Manhattan,East Village,40.72726,-73.97934000000001,Entire home/apt,300,4,3,2019-05-27,0.47,1,0
13031383,Spacious room + private bathroom in Williamsburg,5163395,Caitie,Brooklyn,Williamsburg,40.70775,-73.94725,Private room,75,2,0,,,1,0
19403704,Private bathroom and bedroom for 1 -2 people,10262363,Hangi,Manhattan,Hell's Kitchen,40.75548,-73.9951,Private room,100,4,1,2017-07-03,0.04,1,0
6660373,Come to Know New York II,25812962,Claudio & Rose,Manhattan,East Harlem,40.79131,-73.94344,Private room,40,1,62,2019-07-05,1.35,3,257
11901938,1st Floor Apt in Heart of Brooklyn,3752523,Ari,Brooklyn,Crown Heights,40.66952,-73.94287,Entire home/apt,168,2,63,2019-06-07,1.66,2,344
3760592,Large Room in Penthouse Apartment,9864136,Anthony,Manhattan,Kips Bay,40.74213,-73.9801,Private room,95,30,54,2018-12-16,0.91,26,335
21045324,Bronx room,27187487,Summer,Bronx,Belmont,40.85444,-73.88462,Private room,30,3,5,2018-08-15,0.23,2,361
21900721,Cozy room in a shared apt,159794474,Alex,Manhattan,Upper East Side,40.777,-73.95770999999999,Private room,76,1,0,,,1,0
19981294,Great Room on Kips Bay,132080218,George,Manhattan,Kips Bay,40.74023,-73.97847,Private room,120,1,14,2018-01-01,0.59,1,0
16424642,Skylight loft bed room in large artist house!,3619937,Freddi,Brooklyn,Bushwick,40.69935,-73.92642,Private room,41,7,7,2019-01-16,0.24,2,0
19504042,My Sweet Room,42283996,Vicky,Queens,Rego Park,40.73031,-73.86896,Entire home/apt,65,10,0,,,1,0
8662997,2 BEDROOM IN WILLIAMSBURG MINUTES FROM MANHATTAN,45468039,Kevin,Brooklyn,Williamsburg,40.71871,-73.95862,Entire home/apt,285,2,53,2019-05-26,1.2,1,13
232618,"Spacious, well furnished, high fl. beautiful views",763420,Selma,Manhattan,East Harlem,40.79442,-73.93433,Entire home/apt,145,1,102,2019-06-18,1.52,1,308
20936537,Private Sunny Room with Balcony in Bushwick,71292398,Frances,Brooklyn,Bushwick,40.69827,-73.92493,Private room,50,3,2,2018-12-25,0.1,1,0
7261121,Private Room for a Female,38010132,Jennifer,Queens,Astoria,40.77268,-73.92503,Private room,36,1,0,,,1,0
4867876,Sunny and Spacious Brooklyn Apt,25037051,Ruth,Brooklyn,Crown Heights,40.67006,-73.9553,Private room,70,1,10,2017-01-02,0.18,2,0
2942129,"Bright Large  Room near JFK, LGA & Train 2 beds",15009272,Yolanda,Queens,Woodhaven,40.69414,-73.86324,Private room,40,3,136,2019-06-09,2.21,2,291
23038073,Renovated 2 Bed 2Bath high floor Pool in building,113805886,Yaacov,Manhattan,Upper East Side,40.77915,-73.95040999999999,Entire home/apt,225,31,0,,,33,326
22704461,Amazing Central Park One Bedroom,2681756,Imri,Manhattan,Upper West Side,40.7861,-73.97097,Entire home/apt,170,3,0,,,1,0
13340543,"Bright, Spacious Studio in Upper East Side",75561563,Mindy,Manhattan,Upper East Side,40.76284,-73.96038,Entire home/apt,150,1,25,2018-06-26,0.67,1,0
3595554,Jackson Stayover Apt,18108212,Adriana,Queens,St. Albans,40.69283,-73.75828,Entire home/apt,108,2,81,2019-06-27,1.35,1,328
29956272,"Charming and quiet bedroom in Greenpoint, Brooklyn",46393811,Ondine,Brooklyn,Greenpoint,40.73123,-73.95664000000001,Private room,80,5,1,2018-12-29,0.16,1,22
9736123,Spacious 1BR with river view in the heart of NYC,19135883,Thales,Manhattan,Kips Bay,40.74178,-73.97313,Entire home/apt,260,4,15,2018-10-15,0.35,1,34
30084221,"Live in the heart of East Village, Manhatan",44642799,Judith,Manhattan,East Village,40.72818,-73.98075,Entire home/apt,225,3,2,2019-01-03,0.31,1,0
33739054,Family Friendly East Village Brownstone 2-Floors,52826,Tom,Manhattan,East Village,40.72235,-73.97771999999999,Entire home/apt,165,30,0,,,2,56
1428844,Gorgeous sky-lit 2BR,266878,Jean & Gabriel,Brooklyn,Williamsburg,40.71362,-73.93561,Entire home/apt,175,3,199,2019-06-30,2.78,1,272
27852878,Lush mid-century haven in Greenpoint,117030530,Laine,Brooklyn,Greenpoint,40.73347,-73.95164,Private room,80,3,2,2018-11-24,0.2,1,0
20373836,Downtown Manhattan Weekender,6933112,Josie,Manhattan,Financial District,40.70874,-74.01342,Private room,102,1,0,,,2,0
3488989,"Sunny, Quiet Apt. in Manhattan",17568735,William,Manhattan,Harlem,40.82639,-73.94185999999999,Entire home/apt,135,3,3,2015-09-08,0.05,1,0
7436186,Beautiful bedroom in Ditmas Park!!!,6367907,J And Lana,Brooklyn,Flatbush,40.63198,-73.95988,Private room,108,2,59,2019-06-23,1.24,1,344
31670237,Dominiques Homesharing  room NYC* metro*quiet*safe,310670,Vie,Bronx,Eastchester,40.88009,-73.83456,Private room,68,2,0,,,13,364
29965956,Cozy Apartment near Central Park,225261197,Sunny,Manhattan,Upper West Side,40.7857,-73.97459,Private room,90,1,35,2019-07-05,7.24,2,261
9394266,Chelsea studio,48726094,Antonia,Manhattan,Chelsea,40.75088,-73.99951,Private room,100,2,151,2019-06-17,3.46,1,0
28600950,Wonderful and bright 1BR steps from Central Park,4166822,Kay,Manhattan,Upper West Side,40.79012,-73.96896,Entire home/apt,127,3,14,2019-06-04,1.78,1,0
34389896,Sumptin' Simple on Sumpter,258035043,Sofia,Brooklyn,Bedford-Stuyvesant,40.68079,-73.91893,Private room,48,1,14,2019-06-30,6.36,2,249
3059273,1 bedroom  in  Nolita/Soho,15569250,SoSo,Manhattan,Nolita,40.72118,-73.99682,Private room,115,2,9,2019-07-07,0.29,1,332
25101138,WYNDHAM MIDTOWN 45 NEAR THE UNITED NATIONS,189734742,James,Manhattan,Midtown,40.75184,-73.97301999999999,Private room,175,2,3,2018-11-04,0.31,2,0
7768661,Brand new Manhattan Apartment sleeps 7!,39921605,Rachel,Manhattan,Upper West Side,40.80328,-73.96898,Entire home/apt,238,30,14,2019-04-03,0.31,5,91
1913540,Cute Spacious Studio in Fort Greene,325455,Ashley,Brooklyn,Fort Greene,40.68516,-73.97461,Entire home/apt,120,1,2,2015-10-26,0.03,1,0
8566656,Harlem Cozy One Bedroom,6178560,Alan,Manhattan,Harlem,40.81951,-73.93715,Entire home/apt,131,1,0,,,1,0
21292130,☆Stylish Family + Group Friendly 3BR w/ Roof Patio,21210879,Imani,Brooklyn,Crown Heights,40.67433,-73.92824,Entire home/apt,298,3,24,2019-06-15,1.17,1,265
13711038,Beautiful room in Williamsburg (Roebling and N7),62149112,Sam,Brooklyn,Williamsburg,40.71576,-73.95576,Private room,65,1,3,2017-08-19,0.11,1,0
12869930,2 bedroom Midtown West,51501835,Jeniffer,Manhattan,Hell's Kitchen,40.76313,-73.99481999999999,Entire home/apt,115,30,4,2019-04-17,0.12,31,65
31017536,Spacious Beauty 1 Bedroom Apartment,9891348,Adelle,Manhattan,Kips Bay,40.74098,-73.98331,Entire home/apt,130,2,11,2019-07-06,1.76,1,4
29584983,Large quiet bedroom near williamsburg bridge,53413881,Donald,Brooklyn,Williamsburg,40.70803,-73.95475,Private room,55,2,4,2019-05-30,1.3,1,0
22465418,"Sunny, fashionable home for Spring in Soho!",3210260,Michael,Manhattan,SoHo,40.72393,-74.00446,Entire home/apt,210,5,8,2018-05-28,0.49,1,0
21597684,Room on st marks place (women only),2326551,Laura,Manhattan,East Village,40.72625,-73.98404000000001,Private room,80,1,10,2019-05-07,0.52,2,97
35842268,A Modern Studio in the heart of Midtown West,188338351,Janette,Manhattan,Hell's Kitchen,40.75654,-74.00012,Entire home/apt,177,1,5,2019-06-30,5.0,1,86
17192158,Comfortable and Cozy House near Columbia,21638962,Su Lim,Manhattan,Washington Heights,40.84543,-73.9401,Entire home/apt,50,1,1,2017-02-19,0.03,1,0
927597,(2) CLEAN HOME AWAY FROM HOME!,4983320,Terri,Queens,Flushing,40.75444,-73.83057,Private room,76,1,75,2017-01-01,1.0,2,0
23839013,New 2-Bedrooms on Grymes Hill,148130073,Sebastian,Staten Island,Grymes Hill,40.61758,-74.09111999999999,Entire home/apt,110,2,69,2019-06-25,4.47,1,19
17496320,Cozy sunny room 35 min to Time Square,47735494,Iris,Queens,Rego Park,40.72701,-73.87021999999999,Private room,31,1,37,2018-04-22,1.3,4,0
32493320,Charming Brooklyn studio,244135864,Alanna,Brooklyn,Bushwick,40.70305,-73.93127,Entire home/apt,69,2,4,2019-02-20,0.86,1,0
195578,Loft Style Apt in Williamsburg,304493,Erika,Brooklyn,Williamsburg,40.70275,-73.94501,Private room,85,1,46,2018-12-30,0.97,1,59
28083637,Brooklyn Prospect Park South Master Suite,202837291,Sarahya,Brooklyn,Flatbush,40.64543,-73.96457,Private room,80,1,18,2019-06-22,1.83,2,78
35612963,"Bright  Spacious CrashPad  , NextDoor To Subway",21261408,Jay,Brooklyn,Clinton Hill,40.68981,-73.9604,Shared room,37,1,4,2019-06-29,4.0,6,344
565814,Bright friendly room in Brooklyn,532819,Heather,Brooklyn,Bedford-Stuyvesant,40.68328,-73.9379,Private room,50,2,1,2016-12-28,0.03,1,0
36452965,"❥❥NYC Apt: 4min/subway, 25m/city, 20m/LGA,JFK❥❥",63272360,Annie Lawrence,Queens,Woodhaven,40.69389,-73.86823000000001,Entire home/apt,140,3,0,,,6,232
2291507,"Large, Sunny Room—in Fun, Trendy Area",11057719,Chloe,Brooklyn,Williamsburg,40.71558,-73.94881,Private room,73,14,0,,,1,0
788005,"Spacious 1 Bedroom Apt, Prospect Hts/Park Slope",4153591,Rita,Brooklyn,Prospect Heights,40.67708,-73.96649000000001,Entire home/apt,195,4,10,2019-03-16,0.13,1,95
8190747,cozy apartment,43203249,Gina,Queens,Woodside,40.74715,-73.91104,Private room,75,7,1,2017-03-19,0.04,1,364
24379887,"SUITE- PRIVATE 1/2 BATH, 4 BEDS IN WILLIAMSBURG!!",184004979,Ken And Andy,Brooklyn,Williamsburg,40.709140000000005,-73.961,Private room,130,3,59,2019-06-19,3.93,2,282
23354284,It's Always Sunny in Williamsburg (2)!,3074904,Lauren & Chelsea,Brooklyn,Williamsburg,40.71474,-73.95476,Private room,88,1,58,2019-06-23,3.55,4,50
4822557,Cozy room in Brooklyn!!,24832418,Patrick,Brooklyn,Bedford-Stuyvesant,40.69253,-73.94681,Private room,90,1,0,,,1,0
3216134,Tranquil Washington Heights Space ,16288210,Cheryl,Manhattan,Washington Heights,40.84919,-73.94021,Private room,62,3,37,2017-05-09,0.61,1,35
4578471,CHARMING 1-BD w CITY VIEWS,4263114,LeeAnne,Manhattan,Hell's Kitchen,40.76612,-73.99324,Entire home/apt,125,5,5,2015-08-24,0.09,1,0
13355833,Private Room in Williamsburg,5628991,Christian,Brooklyn,Williamsburg,40.7194,-73.96262,Private room,85,3,0,,,1,0
32240076,Sonder | Stock Exchange | Lovely 1BR + Sofa Bed,219517861,Sonder (NYC),Manhattan,Financial District,40.70637,-74.01199,Entire home/apt,248,2,17,2019-06-17,4.08,327,271
20257297,Williamsburg Sky,4220261,Bashan,Manhattan,Civic Center,40.71332,-74.00643000000001,Entire home/apt,300,2,0,,,1,89
6512929,Large Studio on the Upper East Side,34052554,Whitney,Manhattan,Upper East Side,40.77499,-73.94875,Entire home/apt,120,1,1,2015-06-29,0.02,1,0
452068,"Spacious 4 bedroom house, New York",2246071,Tamara,Brooklyn,Kensington,40.64205,-73.97173000000001,Entire home/apt,200,1,3,2015-08-16,0.06,1,0
3464971,Sunny Home on Brooklyn Border: 15 min to Manhattan,17457445,Kermit & Azadeh,Queens,Ridgewood,40.70706,-73.91436999999999,Entire home/apt,225,7,0,,,1,0
29884872,Cozy Room in Astoria,224735872,Diana,Queens,Long Island City,40.75406,-73.92095,Shared room,40,3,1,2018-11-26,0.13,1,178
2863696,Live in a doll factory!,5229579,Ryan,Brooklyn,Williamsburg,40.7196,-73.96335,Private room,95,3,0,,,3,0
13705844,Master Bedroom in Quaint French Neighborhood,37707224,Mørgan Keon,Brooklyn,Gowanus,40.67961,-73.98886,Private room,65,1,0,,,1,0
22309943,Private room in Brooklyn 3 blocks from subway.,163087464,David,Brooklyn,Bedford-Stuyvesant,40.69131,-73.95666,Private room,59,4,53,2019-07-02,2.88,1,39
5943770,Chambre Privée près de Central Park,18002339,Juliette,Manhattan,Upper West Side,40.79788,-73.9618,Private room,60,7,1,2015-06-15,0.02,1,0
15100883,New york Multi-unit building,95623284,Pablo,Bronx,Fordham,40.86533,-73.89713,Private room,40,3,1,2018-09-24,0.1,1,179
31058735,"25 minutes from Manhattan, shared room",208367810,Dan,Brooklyn,Borough Park,40.63892,-73.9974,Shared room,35,2,1,2018-12-30,0.16,4,87
26164204,Lovely 1BR Apartment in the heart of Park Slope,45062059,Akriti,Brooklyn,Park Slope,40.67259,-73.98324000000001,Entire home/apt,130,2,15,2019-06-16,2.02,1,174
27190713,Modern Studio on Upper East Side,178224519,Lisa,Manhattan,Upper East Side,40.78306,-73.94524,Entire home/apt,150,30,0,,,8,364
13170860,"***Luxury Doorman, Grand Central, United Nations**",52950465,Gal,Manhattan,Midtown,40.75266,-73.97251999999999,Entire home/apt,142,30,0,,,12,323
4264127,Location Lucy ( only female ),3250450,Petya,Queens,Astoria,40.75896,-73.9153,Private room,39,30,13,2018-09-09,0.26,18,341
32518771,Sunny and cozy studio 30 min from Manhattan,1938828,Shay,Brooklyn,East Flatbush,40.64882,-73.94537,Entire home/apt,85,6,12,2019-07-05,3.33,3,215
13042051,Modern Williamsburg Condo near restaurants + metro,43339525,Jeff,Brooklyn,Williamsburg,40.7163,-73.94394,Entire home/apt,178,2,22,2018-10-21,0.59,1,3
5231817,UES LRG 1BR SLEEPS 4~61ST~Gr8 value,2119276,Host,Manhattan,Upper East Side,40.76201,-73.96084,Entire home/apt,150,30,5,2018-03-28,0.11,39,228
9822738,Beautiful Upper East Side Apt!,50593964,Laura,Manhattan,Upper East Side,40.77641,-73.95505,Entire home/apt,199,4,1,2016-01-03,0.02,1,0
35464510,Cozy super affordable room,259427246,Nelly,Brooklyn,Bedford-Stuyvesant,40.67813,-73.92904,Private room,38,5,1,2019-06-14,1.0,3,356
21966432,Cozy Modern Studio,160369263,Luis,Brooklyn,Windsor Terrace,40.65325,-73.97868000000001,Entire home/apt,100,2,61,2019-07-05,3.17,1,337
12687169,Sunny bedroom in gorgeous ParkSlope,49024977,Shelby,Brooklyn,Park Slope,40.67687,-73.97848,Private room,80,1,2,2016-06-05,0.05,1,0
24607120,TWO BEDROOM UNICORN IN THE HEART OF WILLIAMSBURG,128917721,Usamah,Brooklyn,Greenpoint,40.7203,-73.94644,Entire home/apt,250,3,2,2018-12-14,0.22,1,177
34620781,Balcony Private Room with Private Bath En-suite,261187437,Shasha,Brooklyn,Borough Park,40.63313,-74.00598000000001,Private room,35,1,7,2019-06-24,4.04,6,364
9578683,Cozy room in the heart of LES,49511227,Alex,Manhattan,Chinatown,40.71668,-73.98954,Private room,92,1,120,2018-03-19,2.74,2,0
22067826,Home Away From Home,161184313,Kristina,Brooklyn,Greenpoint,40.72977,-73.9525,Private room,80,5,19,2019-06-15,1.28,2,95
28408938,Gorgeous loft  with stunning view : Williamsburg,17760140,Amo,Brooklyn,Williamsburg,40.71801,-73.95573,Entire home/apt,190,4,2,2019-05-31,0.21,1,4
23130144,Private bedroom in Astoria,11696537,Allison,Queens,Astoria,40.7675,-73.90911,Private room,100,1,3,2018-12-30,0.41,1,0
519310,YOU ROOM IN NYC,1366310,Janina,Queens,Woodside,40.74377,-73.91225,Private room,75,2,251,2019-07-07,2.92,2,317
35065083,Best views in the city is here,3398621,Nikita,Brooklyn,Brooklyn Heights,40.69664,-73.99467,Entire home/apt,140,2,1,2019-06-10,1.0,1,0
26280881,Bedroom in 3br exposed brick apt w deck & garden,55978113,Alexis,Staten Island,Stapleton,40.63705,-74.07722,Private room,80,1,4,2018-10-25,0.34,2,29
36069295,Private Rock and roll room 1blk from train,95886123,Melissa,Queens,Astoria,40.76621,-73.92274,Private room,100,2,0,,,2,357
28660068,Gorgeous Bedroom in the heart of Bushwick Him-2R-3,216235179,Nina,Brooklyn,Bushwick,40.70011,-73.92043000000001,Private room,55,30,0,,,17,336
19094871,"Bright, spacious, green BedStuy apartment",3457404,Madalina,Brooklyn,Bedford-Stuyvesant,40.68197,-73.94564,Entire home/apt,70,3,29,2019-03-16,1.16,1,0
33441771,BEST location in Williamsburg,251932107,Nicola,Brooklyn,Williamsburg,40.71623,-73.9601,Private room,85,2,5,2019-06-10,2.38,1,86
27788038,Beautiful overnight bed by Central park,209386156,Abraham,Manhattan,East Harlem,40.79861,-73.94116,Shared room,49,2,62,2019-06-30,5.81,9,3
16764130,Spacious Studio apt—1 Subway stop from Manhattan,41578662,Lucia,Bronx,Mott Haven,40.8115,-73.9258,Entire home/apt,80,7,0,,,2,0
21924203,Private room in Brownstone house,22378099,Ricardo,Brooklyn,Fort Greene,40.6857,-73.96964,Private room,52,5,0,,,1,0
35082713,The Glamper Van,10407935,Meng,Manhattan,SoHo,40.72765,-74.00213000000001,Entire home/apt,89,1,6,2019-06-30,4.74,8,70
29384622,Private Sun-Splashed Studio Chelsea,221366300,Casey,Manhattan,Chelsea,40.74303,-73.99727,Entire home/apt,200,1,34,2019-07-02,4.66,1,0
13032261,2bd Presidential NYC,57571805,Gharet,Manhattan,Midtown,40.75315,-73.97339000000001,Entire home/apt,350,2,3,2017-06-20,0.1,3,0
2803981,Room in Duplex Apartment!!,11330223,Ger,Brooklyn,Williamsburg,40.71389,-73.9657,Private room,80,5,11,2016-05-22,0.18,1,0
28615793,Private bedroom in 4 bedroom apt. in Tribeca,9299046,Frederik,Manhattan,Civic Center,40.71638,-74.00419000000001,Private room,120,5,5,2019-06-24,0.6,1,25
25541772,Luxurious and Spacious 2 Bedroom Brownstone,192713943,Killian,Brooklyn,Clinton Hill,40.681090000000005,-73.96193000000001,Entire home/apt,350,2,0,,,1,18
4472978,Charming Studio in a Great location,5800619,Catia,Manhattan,Hell's Kitchen,40.75531,-73.99945,Entire home/apt,195,1,136,2019-07-05,2.94,1,203
35542830,North Williamsburg Retreat,1646818,Sara,Brooklyn,Williamsburg,40.71884,-73.9502,Entire home/apt,120,30,1,2019-07-06,1.0,1,286
34425422,★ ❤ 1 Sunny apartment for family and friends ★ ❤ ♛,259880452,Malik,Queens,Flushing,40.75502,-73.81582,Entire home/apt,119,2,4,2019-06-24,2.35,2,311
4453233,Cozy Hells Kitchen/Times Sq 2BR,5827529,Ariel,Manhattan,Hell's Kitchen,40.76221,-73.99028,Entire home/apt,160,1,8,2015-10-18,0.14,1,0
3662949,Stylish & Spacious Perfect for Pride!,18567895,Ryan,Manhattan,Hell's Kitchen,40.76522,-73.99486,Entire home/apt,250,2,6,2016-06-17,0.11,1,0
19410180,"Quiet, Comfy Room in Unbeatable Wburg Location!",7252535,Wes,Brooklyn,Williamsburg,40.71228,-73.9599,Private room,80,2,31,2019-06-15,1.26,2,5
11782120,Times Square Two Bedroom,40219037,Ziv,Manhattan,Hell's Kitchen,40.764520000000005,-73.99439,Entire home/apt,200,4,107,2019-06-26,2.73,1,203
26186945,Bushwick Paradise!,45251482,Sheri,Brooklyn,Bedford-Stuyvesant,40.69222,-73.93171,Entire home/apt,300,5,5,2018-08-12,0.39,1,280
27292217,"Center of manhattan, Times Square , 1min from st",57724903,Treasure,Manhattan,Theater District,40.76193,-73.98236,Entire home/apt,325,7,0,,,1,0
17716523,30 Minutes from Manhattan Apartment by South Beach,41398005,Mirco,Staten Island,Arrochar,40.59347,-74.06914,Entire home/apt,122,1,52,2019-06-23,2.0,3,219
19670506,Modern Studio on the Upper East Side,134107066,Hayley,Manhattan,Upper East Side,40.777440000000006,-73.95476,Entire home/apt,117,3,8,2018-04-10,0.33,1,0
6423589,Lofted bedroom in large loft space full of plants,6767463,Tim,Brooklyn,Bushwick,40.70746,-73.92054,Private room,150,30,10,2017-02-28,0.2,1,0
31639432,Entire Cozy Studio in Central Harlem,37277862,Lucy,Manhattan,Harlem,40.80864,-73.94453,Entire home/apt,85,2,7,2019-04-20,1.24,1,0
3363364,Cozy 1 bedroom in charming home.,16968100,Sandra,Brooklyn,East Flatbush,40.652840000000005,-73.94413,Private room,150,1,0,,,1,299
25336605,Luxury Apartment July 4th Wkend -Fireworks view,69825290,Colin,Queens,Long Island City,40.75332,-73.94159,Entire home/apt,150,1,1,2019-01-02,0.16,1,0
13221528,Doorman Lux Huge Studio Prime 5176,16098958,Jeremy & Laura,Manhattan,Theater District,40.762640000000005,-73.98569,Entire home/apt,160,30,3,2018-03-20,0.09,96,344
18895063,Lovely Upper East Side Studio! Close to stuff,34649502,Pat,Manhattan,Upper East Side,40.77948,-73.95152,Entire home/apt,200,2,1,2017-06-20,0.04,1,0
13509320,Cosy private bedroom and bathroom in a 3 bedroom,13482882,Kanak,Queens,Ridgewood,40.70756,-73.914,Private room,65,5,0,,,1,0
23667137,"Safe Area Huge Room/ELECTRIC MASSAGE BED QUEENS,NY",115151548,Beethoven,Queens,Hollis,40.714,-73.77787,Private room,72,5,6,2018-07-02,0.38,1,364
31641160,Marsha Inn,155668897,Nicola,Queens,Jamaica,40.66678,-73.78361,Private room,80,14,6,2019-03-17,1.05,2,365
30685679,Home in NYC 1 BR Apartment Midtown Retreat,2239610,Tanya,Manhattan,Hell's Kitchen,40.756,-73.99804,Entire home/apt,165,5,10,2019-07-06,1.47,1,31
30769303,Luxury Apartment Building,155261188,Ahmed,Queens,Kew Gardens,40.70555,-73.82138,Private room,200,1,0,,,1,365
19885344,"Spacious, Airy, Private Bedroom",19608476,Celia,Manhattan,Washington Heights,40.83495,-73.94406,Private room,87,4,34,2019-06-28,1.41,1,31
16356884,Cozy shared male room at center of Manhattan III\),39528519,Max,Manhattan,Lower East Side,40.71239,-73.98626,Shared room,32,14,0,,,28,342
20698073,"Hip Modern Brooklyn Studio, Minutes to Manhattan!",148148402,Gary,Brooklyn,Clinton Hill,40.69167,-73.96927,Entire home/apt,129,2,93,2019-07-01,4.15,1,43
7254952,Prime Park Slope  Family Home,16183358,Kim,Brooklyn,Park Slope,40.67545,-73.98234000000001,Entire home/apt,175,4,5,2015-09-07,0.1,1,13
4249342,Perfect Private Room in Luxury Bldg w/Gym/Rooftop,2495483,Andy,Manhattan,Financial District,40.70948,-74.00654,Private room,98,7,23,2019-06-01,0.55,1,116
27776337,Apartment for transient guest!,209121939,Linda,Manhattan,Harlem,40.81942,-73.94068,Private room,45,1,14,2019-06-22,1.34,2,128
11740386,Williamsburg Loft,24458604,Austin,Brooklyn,Williamsburg,40.71813,-73.96464,Entire home/apt,85,5,2,2017-05-02,0.07,1,0
26275643,Modern Elegance on the Upper East Side,143719035,Ash,Manhattan,Upper East Side,40.76776,-73.95214,Entire home/apt,220,3,3,2019-04-09,0.26,1,0
22305946,Spacious room in a cosy BedStuy palace,79704239,Alice,Brooklyn,Bedford-Stuyvesant,40.68891,-73.9548,Private room,45,5,0,,,2,0
14366054,"Beautiful, large bedroom",5120169,Jason,Brooklyn,Bedford-Stuyvesant,40.68172,-73.95118000000001,Private room,85,2,8,2017-11-12,0.23,2,0
30292232,"1 BR Apartment in Greenpoint, Brooklyn w/ backyard",8120005,Megan,Brooklyn,Greenpoint,40.72447,-73.94458,Entire home/apt,70,30,2,2019-01-21,0.33,1,0
30393322,"Comfy Wall Street 1BR w/ Speakeasy, Gym, + Rooftop by Blueground",107434423,Blueground,Manhattan,Financial District,40.70601,-74.0096,Entire home/apt,316,30,0,,,232,287
34801106,Private Lrg bedroom shared aprtmnt 12mins from NYC,217484432,Dion,Queens,Ditmars Steinway,40.7754,-73.90786999999999,Private room,115,1,2,2019-05-19,1.15,2,304
20745223,"Flatbush - Ditmas Park, Brooklyn, NY",19848344,Mauro,Brooklyn,Flatbush,40.6473,-73.96245,Private room,50,2,10,2019-06-28,0.97,1,178
16160189,Private Double Room in Bushwick Loft,6007970,Irem,Brooklyn,Williamsburg,40.70666,-73.93666,Private room,45,3,31,2019-03-03,1.01,1,0
30951804,"Serene, Super-Sized Oasis in Bed Stuy",37728210,Alexandra,Brooklyn,Bedford-Stuyvesant,40.68805,-73.92599,Private room,175,2,0,,,1,83
30483778,Manhattan Christmas holiday room at discount!!,221285123,Serena,Manhattan,Hell's Kitchen,40.7589,-73.99165,Private room,69,10,0,,,1,0
9713626,Meatpacking - Luxury Brownstone,13148824,Ali,Manhattan,Chelsea,40.74186,-74.00528,Entire home/apt,280,2,6,2017-01-01,0.14,1,0
13358265,Full 1 Bedroom Apartment in heart of UWS,60380241,Vanessa,Manhattan,Upper West Side,40.778,-73.97912,Entire home/apt,200,2,117,2019-06-22,3.24,1,34
16497297,Glass factory loft,5379884,Jacob,Brooklyn,Greenpoint,40.73792,-73.95541,Private room,60,7,5,2019-05-31,0.16,1,0
35583150,Beautiful Brownstone Entire Apartment In Manhattan,265424495,Benat,Manhattan,Harlem,40.80369,-73.94764,Entire home/apt,150,1,0,,,2,14
9146595,Super cozy private 1 bedroom garden apartment,835110,Charlotte,Brooklyn,Bedford-Stuyvesant,40.68984,-73.92703,Entire home/apt,115,1,131,2019-06-23,2.92,1,241
9773384,Captivating rooftop apartment,3816296,Luke,Manhattan,Chinatown,40.71611,-73.99539,Entire home/apt,180,1,0,,,1,0
16310570,CRAZY SPACE & CRAZY SUN IN BUSHWICK,105828057,Kim,Brooklyn,Bushwick,40.6957,-73.91875,Private room,49,25,61,2018-03-06,1.96,1,0
17691601,Charming Blue Bdrm in Victorian Home,3249903,Kamilya,Brooklyn,Flatbush,40.63501,-73.95522,Private room,98,4,0,,,3,0
35082055,NY style 2 Bedroom apartment,253308587,Stef,Manhattan,Chinatown,40.71752,-73.99387,Entire home/apt,295,4,3,2019-06-14,2.73,1,169
5873309,Columbia University Dorm,30498160,Celia,Manhattan,Upper West Side,40.8034,-73.96831999999999,Shared room,40,1,0,,,1,0
20691057,Cozy 2 Bedroom Apt in NYC's hippest neighborhood,33899564,Kayla,Manhattan,East Village,40.72405,-73.97747,Entire home/apt,150,4,6,2017-10-01,0.26,1,0
24140119,"Cozy space with privacy near JFK, CASINO & NYC",181885526,Ling,Queens,South Ozone Park,40.67344,-73.82096,Private room,69,1,91,2019-07-05,5.95,1,90
25374851,Vintage Custom Van,10407935,Meng,Manhattan,Nolita,40.72218,-73.99539,Entire home/apt,89,1,62,2019-06-30,4.64,8,3
4629211,Brooklyn - Funky 1 Bedroom,3754729,Mike,Brooklyn,Bushwick,40.69087,-73.90916999999999,Entire home/apt,122,3,48,2019-06-04,0.87,1,256
271083,Sleep & Wake near Botanical Gardens,1217923,Kevin,Brooklyn,Prospect-Lefferts Gardens,40.65772,-73.96131,Entire home/apt,93,4,115,2019-06-12,1.25,1,312
20007899,"Brooklyn 1 Bedroom w/ AC, laundry and roof!",3554481,Jessica,Brooklyn,Bedford-Stuyvesant,40.69639,-73.9343,Entire home/apt,120,4,0,,,1,0
21512039,"Perfect Studio, Great location!",16255906,Alejandra,Manhattan,Financial District,40.70507,-74.009,Private room,143,2,3,2018-02-08,0.15,1,0
11422779,High Rise Elevator Building in NYC,7505413,Tim,Manhattan,Lower East Side,40.71523,-73.98489000000001,Private room,91,2,42,2019-05-16,1.1,1,80
36426788,Serene Room 5 mins from JFK / 15 mins from LGA,266645207,Michael,Queens,Laurelton,40.67025,-73.74548,Private room,75,1,0,,,2,180
28466730,Akouaba,214888995,Adama,Bronx,Belmont,40.85267,-73.88627,Private room,50,2,51,2019-07-06,5.17,1,325
5692870,Greenpoint Master Bedroom,4471002,Janet,Brooklyn,Greenpoint,40.72705,-73.95504,Private room,70,5,0,,,2,0
20120739,Large bedroom plus in 2 bdr apartment uptown.,24559370,Gabrielle,Manhattan,Washington Heights,40.8555,-73.93517,Private room,98,3,4,2018-09-04,0.17,2,0
17134357,Cozy large BR steps to AMNH,780958,Liliana,Manhattan,Upper West Side,40.78587,-73.97468,Private room,100,5,11,2017-07-23,0.39,1,0
6106142,Studio Apartment/ 3 blocks from Central park,2077383,Tatiana,Manhattan,Upper East Side,40.77724,-73.95883,Entire home/apt,75,3,3,2016-06-14,0.06,1,0
4402117,GORGEOUS 2 Bedroom in Queens NYC,22780462,Mark,Queens,Kew Gardens Hills,40.72891,-73.82588,Entire home/apt,149,3,82,2019-06-23,1.55,2,327
15374796,Large UWS Apt close to Central Park,7610841,Jenny,Manhattan,Upper West Side,40.80088,-73.96194,Private room,115,2,72,2019-05-19,2.55,2,275
30047357,BEAUTIFUL COZY ROOM IN HOUSE,204906313,Iryna,Brooklyn,Sheepshead Bay,40.59021,-73.94800000000001,Private room,55,1,45,2019-06-15,5.74,3,83
4291200,"Comfy Rm, Hallway Bath, Forest Hills",19597910,Ruth,Queens,Forest Hills,40.7269,-73.83952,Private room,95,2,42,2019-05-09,0.74,3,334
13329706,Charming apartment with parking in the heart of Qs,55829442,Shahar,Queens,Kew Gardens Hills,40.73078,-73.82231999999999,Entire home/apt,40,10,4,2016-07-18,0.11,1,0
19827594,Great private room in the heart of Williamsburg,55389878,Justin,Brooklyn,Williamsburg,40.7188,-73.95846,Private room,84,1,1,2017-07-31,0.04,1,0
15164526,2MinToTrainsNiceRMaimonidesLutheranIndustryCity,96222132,Norma-Ester-,Brooklyn,Sunset Park,40.65607,-74.00305999999999,Private room,60,1,25,2019-06-07,0.74,4,52
3943279,ENTIRE FURNISHED 1BD APT.,20433199,Merritt,Manhattan,East Village,40.72186,-73.97663,Entire home/apt,125,14,2,2018-08-26,0.04,1,3
34424598,Bedroom in NYC - Minutes to Central Park!!!,140830391,Jay,Manhattan,Inwood,40.86191,-73.92726,Private room,125,2,1,2019-06-24,1.0,9,335
34336417,ROOM # 8 near to JFK & LGA airport,258589420,Diego,Queens,Richmond Hill,40.68921,-73.83159,Private room,53,1,11,2019-06-26,4.93,7,176
12984851,Private room in heart of LES,56752163,Sabina,Manhattan,Lower East Side,40.71884,-73.99294,Private room,60,2,3,2018-04-22,0.08,2,0
258838,"Oceanview,close to Manhattan",1360198,Marina,Staten Island,Arrochar,40.59251,-74.06479,Entire home/apt,250,2,21,2019-05-22,0.26,4,333
22337162,Comfortable and clean room,861330,Joseph,Brooklyn,Williamsburg,40.70232,-73.94587,Private room,40,10,0,,,3,0
27195566,1 BR apartment near Times Square,92772140,Alex,Manhattan,Hell's Kitchen,40.76035,-73.99524,Entire home/apt,200,2,22,2019-05-27,2.06,1,155
9271742,Spacious Private Ground Floor Studio Apt.,2801328,Ben,Brooklyn,Bedford-Stuyvesant,40.68375,-73.93313,Entire home/apt,110,2,122,2019-07-04,2.76,2,159
13727297,Beautiful 2 bedroom apartment in the West Village,7689009,Amanda,Manhattan,West Village,40.73208,-74.00784,Entire home/apt,225,2,1,2016-09-10,0.03,1,0
17847040,Spacious 1bd in the heart of Midtown High Rise  !,31451454,Terry,Manhattan,Midtown,40.76352,-73.9831,Entire home/apt,199,2,70,2019-06-15,2.65,1,263
64015,Prime East Village 1 Bedroom,146944,David,Manhattan,East Village,40.72807,-73.98594,Entire home/apt,200,3,0,,,1,0
36183003,Private bedroom withWiFi minutes from Central Park,82406306,Marc,Manhattan,East Harlem,40.80128,-73.93991,Private room,78,1,0,,,2,13
19141833,2BD in the Heart of Fort Greene,4331581,Alyssa,Brooklyn,Fort Greene,40.68876,-73.97746,Entire home/apt,147,1,1,2017-06-11,0.04,1,0
1785187,Classic Cool Comfortable LES,8222814,Rock,Manhattan,Lower East Side,40.72131,-73.98527,Private room,100,3,210,2019-07-05,3.01,1,256
35041121,Luxury new East Williamsburg 1 bedroom apartment.,263957584,Sara,Brooklyn,Bushwick,40.698240000000006,-73.92888,Entire home/apt,198,30,3,2019-07-03,2.65,2,114
6717309,Marvellous spacious Upper East apt,15444104,Willem,Manhattan,Upper East Side,40.77878,-73.94491,Entire home/apt,170,10,11,2017-05-16,0.24,1,0
3624653,S 2/Bedford Well-Lit Private Room,6472334,Matthew,Brooklyn,Williamsburg,40.71286,-73.96244,Private room,69,2,11,2016-04-29,0.18,2,0
11488593,LUXURY DOORMAN STUDIO ON EAST 44th STREET,2856748,Ruchi,Manhattan,Midtown,40.75066,-73.97036999999999,Entire home/apt,198,30,0,,,49,364
21631882,Home away from home in Bushwick!,11975404,Art,Brooklyn,Bushwick,40.70085,-73.91929,Private room,72,3,1,2017-12-31,0.05,2,0
13113422,"Clean, Open 1 bdrm Upper West- Steps from train",72918560,Lauren,Manhattan,Upper West Side,40.77995,-73.9822,Entire home/apt,294,14,0,,,1,0
29727132,Amazing one bedroom for a getaway in Brooklyn,44358422,Akeema,Brooklyn,Flatbush,40.63919,-73.95219,Private room,38,1,2,2018-11-26,0.27,1,238
6255597,FT Greene - Oversized Parlor,11189753,Sj,Brooklyn,Fort Greene,40.68698,-73.97097,Entire home/apt,165,6,30,2019-06-21,0.59,4,0
8990116,Bright and spacious 1 bedroom,5485733,Jelena,Brooklyn,Williamsburg,40.70862,-73.95432,Entire home/apt,150,2,19,2017-10-14,0.42,1,0
637228,"Beautiful, bright room w/priv bath",1363434,Daniel,Brooklyn,Bushwick,40.70074,-73.92333,Private room,80,14,2,2019-06-23,0.11,1,67
15728780,"SOMMwhere in NYC/ a unique, conscious artists loft",148108,Fatima,Manhattan,Lower East Side,40.72297,-73.98946,Private room,333,1,40,2019-06-10,1.27,2,62
29942196,#1 Modern Gem 2br apt..(Street parking available),224715959,Ernesto,Queens,Jackson Heights,40.75355,-73.89220999999999,Entire home/apt,170,2,10,2019-06-28,1.55,1,346
31389481,NEW YORK CITY!!! MANHATTAN!!!,151300770,Joe,Manhattan,Upper East Side,40.77811,-73.95186,Private room,150,5,6,2019-06-12,1.73,4,280
9434464,Sunny Studio Apt in Historic Harlem,1241420,Justin,Manhattan,Harlem,40.81051,-73.94723,Entire home/apt,130,4,94,2019-06-21,2.2,1,27
36000224,Brand New Hamilton Heights Apartment,38576999,Maureen,Manhattan,Harlem,40.82806,-73.94537,Private room,50,20,0,,,1,42
3751048,GREAT ONE BED! ELEVATOR/LAUNDRY ,1475015,Mike,Manhattan,Upper East Side,40.77175,-73.95742,Entire home/apt,95,30,10,2018-11-10,0.22,52,336
33673071,COUCH SURF in Gorgeous apt. Have own open room!,33151563,Regine,Queens,Flushing,40.76308,-73.82215,Private room,63,2,1,2019-06-13,1.0,2,0
6601606,Large Lower East Side Room with a View,6864230,Danica,Manhattan,Lower East Side,40.71343,-73.98826,Private room,125,1,0,,,1,0
32681548,Artful UWS Room-2 Double Beds Near Central Park,245314318,Arthouse Hotel,Manhattan,Upper West Side,40.78162,-73.97941,Private room,250,1,1,2019-05-04,0.45,10,281
11178582,Charming bedroom downtown,6980995,Dominik,Manhattan,Chinatown,40.71312,-73.99669,Private room,90,1,5,2017-05-19,0.12,5,0
4936254,Big & bright 2 bedroom apartment! Lower East Side!,22087408,Dominik,Manhattan,Lower East Side,40.71763,-73.98359,Entire home/apt,150,1,17,2019-07-07,0.36,3,264
25809641,Light & Spacious Artist Loft with Vintage Charm,28484697,Mariah,Brooklyn,Red Hook,40.67304,-74.01231,Entire home/apt,200,2,10,2019-05-23,0.87,1,345
5605822,Sunny 2 bedroom Apt in Brownstone,517966,Shean,Brooklyn,Bedford-Stuyvesant,40.68175,-73.93885999999999,Entire home/apt,135,3,148,2019-06-21,2.86,2,134
3663178,"Landmark Cottage, Brownstone block",710916,Adam,Brooklyn,Crown Heights,40.67541,-73.94408,Entire home/apt,216,1,233,2019-07-02,3.89,1,295
2818471,Sunny Bedford Stuyvesant Townhouse,7850260,Raymond,Brooklyn,Bedford-Stuyvesant,40.68576,-73.92211,Entire home/apt,150,1,197,2019-07-01,3.19,3,209
15720448,Private Room in Luxury Building,101550977,Myko,Manhattan,Financial District,40.70488,-74.00744,Private room,95,5,45,2019-05-24,1.4,2,272
36389944,Family Friendly Apt in Midtown East,224309949,Efrat,Manhattan,Midtown,40.75988,-73.96591,Entire home/apt,325,5,0,,,1,298
36412461,"Sunny, Cozy, Private Room In The Heart of Bushwick",147515897,Flávia,Brooklyn,Bushwick,40.70366,-73.92728000000001,Private room,84,3,0,,,1,28
9758378,Prospect Heights/Park slope condo next to the Park,50324962,John,Brooklyn,Prospect Heights,40.67545,-73.96884,Entire home/apt,250,30,13,2019-05-11,0.34,1,319
33987847,Gorgeous Rooftop Views / Seconds From Train,22388757,Jordan,Manhattan,Washington Heights,40.85075,-73.93982,Entire home/apt,120,3,3,2019-07-07,1.7,2,0
4607923,LOVELY  LARGE SUNNY ROOM    Sunset Park,1113080,Audrey,Brooklyn,Sunset Park,40.64722,-74.00475,Private room,55,7,98,2019-05-22,1.75,3,312
20451100,Quiet haven 15 mimutes to Time square,145975067,Ousmane,Manhattan,Harlem,40.81332,-73.94869,Private room,65,1,3,2019-03-24,0.14,3,3
14527923,Mini suite minutes from Central Park,20521058,Owen,Manhattan,East Harlem,40.79631,-73.94771999999999,Private room,79,3,28,2017-10-17,0.8,1,0
3448037,Modern Pad in Prime Williamsburg!,634096,Naomi,Brooklyn,Williamsburg,40.716440000000006,-73.95876,Entire home/apt,250,1,0,,,1,0
16373331,Holidays in NYC,107240480,Julia,Brooklyn,South Slope,40.66383,-73.983,Entire home/apt,50,4,0,,,1,0
13882864,Pre-War 1 BR with Scenic Manhattan Views,82168970,Michael,Staten Island,St. George,40.64475,-74.07811,Private room,50,1,0,,,1,0
17106473,Contemporary 3BR w Nursery in Brownstone Brooklyn,14927662,Michael,Brooklyn,Carroll Gardens,40.68255,-73.99280999999999,Entire home/apt,100,4,4,2018-11-25,0.14,1,15
322604,Artist Loft-McCarren Park-Williamsburg-BrooklynNYC,1651591,Todd,Brooklyn,Williamsburg,40.71819,-73.95414,Private room,95,2,160,2019-07-02,1.8,2,79
21707614,Spacious Williamsburg Artist's Duplex,145021,Guy,Brooklyn,Williamsburg,40.71509,-73.96342,Entire home/apt,150,2,6,2019-07-01,0.42,1,13
28517276,Luxury Studio & Private Patio - NYC in 20 minutes!,71219887,Christina,Brooklyn,Bushwick,40.69062,-73.92265,Entire home/apt,120,2,10,2019-06-23,1.18,1,4
16674839,Cozy East Village Apartment Room.,110326109,Jenna,Manhattan,East Village,40.72423,-73.97885,Private room,75,1,0,,,1,0
17757976,Spacious Luxury Loft - 1BR,121185129,Kathleen,Manhattan,Gramercy,40.7345,-73.98482,Entire home/apt,325,6,11,2018-07-29,0.41,1,177
15677846,Long Island City Apartment,101262037,Israel,Queens,Long Island City,40.75378,-73.93449,Private room,65,1,5,2019-04-27,0.15,1,66
18704413,Large Private Suite in Classic Brooklyn Brownstone,130035533,Linda,Brooklyn,Brooklyn Heights,40.69364,-73.99467,Entire home/apt,200,2,80,2019-06-28,3.14,1,271
13346113,"Entire 2 BR apartment, 15 steps from the subway!",16278677,Grant,Brooklyn,Williamsburg,40.71459,-73.93885,Entire home/apt,200,7,0,,,1,146
5025771,Full Prospect Heights Brownstone!,630519,Alex,Brooklyn,Prospect Heights,40.67676,-73.96683,Entire home/apt,288,1,2,2016-01-03,0.05,1,0
9738605,Bedford Palace,50054847,Lauryn,Brooklyn,Crown Heights,40.668420000000005,-73.95600999999999,Private room,100,1,0,,,1,0
19167933,"SUNSHINE 2BR/2 bath 15min to Times Square, LIRR",61316506,Mamun,Queens,Woodside,40.74341,-73.90041,Entire home/apt,120,1,85,2019-06-21,3.37,2,340
25420704,place on the bay,191901037,Marsha,Brooklyn,Sheepshead Bay,40.58484,-73.94022,Private room,70,10,1,2018-06-30,0.08,2,331
6848,Only 2 stops to Manhattan studio,15991,Allen & Irina,Brooklyn,Williamsburg,40.70837,-73.95352,Entire home/apt,140,2,148,2019-06-29,1.2,1,46
36424334,Laundry + Central AC - Modern Style - Near Metro,155298656,Brad & Rachel,Queens,Ridgewood,40.70585,-73.91298,Private room,35,30,0,,,1,44
3111416,Charming and Artsy LES 1-Bedroom ,3765042,Grant,Manhattan,Lower East Side,40.71848,-73.98159,Entire home/apt,124,28,13,2018-01-12,0.21,1,38
33908256,Bright & designed apartment in Brooklyn,254795926,David,Brooklyn,Crown Heights,40.67144,-73.94613000000001,Entire home/apt,120,2,14,2019-06-29,5.6,1,298
225926,The Notorious B.N.B. { The Erhart },1177497,Jessica,Brooklyn,Clinton Hill,40.68999,-73.96710999999999,Private room,239,1,164,2019-07-01,1.73,11,356
8412352,Apt on President St & Kingston Ave,44314131,Raphael,Brooklyn,Crown Heights,40.66852,-73.9425,Entire home/apt,160,1,1,2015-10-06,0.02,1,0
13543171,ENTIRE APARTMENT FOR FAMILIES OR GROUPS,32991339,Eric,Brooklyn,Williamsburg,40.70707,-73.9528,Entire home/apt,250,1,9,2018-11-11,0.27,2,254
4211510,Simple Astoria Room 20minToManhattan,1172202,Funda,Queens,Ditmars Steinway,40.76989,-73.90735,Private room,50,1,127,2019-06-20,2.25,5,52
1354415,Great Flat in Historic Brownstone,7136700,Michelle,Brooklyn,Bedford-Stuyvesant,40.67927,-73.94252,Entire home/apt,100,3,162,2019-07-02,2.24,4,141
12774144,Private big room/Queen bed/Nice Apt,65621401,Robert,Queens,Ditmars Steinway,40.778220000000005,-73.90895,Private room,49,1,7,2019-06-07,0.18,1,341
30961345,2-bedroom apartment on the Upper East Side,86534046,Sierra,Manhattan,Upper East Side,40.78228,-73.94715,Entire home/apt,130,1,4,2019-02-17,0.63,1,0
31087023,Shared Room 4 FEMALE Guests 30mins to Manhattan-3,172369331,Abby,Brooklyn,Sheepshead Bay,40.59726,-73.95951,Shared room,40,3,1,2019-03-16,0.26,10,281
3950114,"Warm, Spacious, Convenient and Cozy",10528897,Erika,Queens,Astoria,40.76957,-73.91502,Private room,65,2,16,2019-07-01,0.27,1,302
34392437,"Quiet, Convenient 1-Bedroom in Morningside Heights",259447786,Jacob,Manhattan,Morningside Heights,40.80735,-73.95938000000001,Entire home/apt,150,2,4,2019-06-23,2.55,1,101
25134311,Carnegie City Apartment,189962349,Camille,Manhattan,East Harlem,40.78589,-73.9487,Entire home/apt,250,2,43,2019-06-23,3.11,1,301
1151343,Large  room in 2/1 on park w/2day discounts,4910820,Alex,Manhattan,Harlem,40.80449,-73.95687,Private room,94,1,30,2019-07-05,0.4,1,218
32495242,Quiet parlour floor apartment on tree-lined street,33299125,Natalia,Brooklyn,Bedford-Stuyvesant,40.68199,-73.95130999999999,Entire home/apt,150,15,1,2019-06-30,1.0,1,146
22749701,"Sunny, Private and Spacious Brooklyn Apartment",12954861,Caleb,Brooklyn,Crown Heights,40.67605,-73.95791,Entire home/apt,100,2,20,2018-12-12,1.17,1,0
26417856,Magic Waters - Brooklyn Refuge,6722833,Paul,Brooklyn,Bedford-Stuyvesant,40.68202,-73.92295,Entire home/apt,345,2,25,2019-06-22,2.17,1,321
28184101,Great spot in Bushwick,32992928,François,Brooklyn,Bushwick,40.70076,-73.92381999999999,Entire home/apt,180,3,2,2018-09-30,0.21,1,15
26805133,Cozy room in best New York neighborhood Chelsea,40404374,Reda,Manhattan,Chelsea,40.74137,-73.9994,Private room,92,3,8,2019-06-09,0.69,1,125
32363,Fully Furnished Basement Apartment,140025,Fredah,Queens,Flushing,40.74028,-73.83168,Private room,140,2,1,2011-09-19,0.01,1,1
22754373,"Brooklynite Room, 10 mins to Williamsburg/LES/City",1678704,Roberto,Brooklyn,Bedford-Stuyvesant,40.69251,-73.9301,Private room,35,1,5,2018-09-01,0.46,3,59
1349187,Light filled Brooklyn apartment with skyline view,1330500,Dayna,Brooklyn,Crown Heights,40.67421,-73.9504,Private room,100,2,8,2018-11-26,0.11,1,156
19381437,Big furnitured room in UWS for August!,22655081,Alan,Manhattan,Upper West Side,40.79205,-73.97261999999999,Private room,45,5,0,,,1,0
26706133,Beautiful brand new apartment !,199147185,Lou,Brooklyn,Sunset Park,40.66362,-73.99616,Entire home/apt,330,1,1,2018-11-04,0.12,5,174
23256946,Cozy Studio by the Park,3732261,Sidney,Brooklyn,Prospect-Lefferts Gardens,40.66179,-73.95879000000001,Entire home/apt,75,4,2,2019-01-17,0.12,1,0
9768765,Room in quiet Brooklyn home,50369736,Benjamin,Brooklyn,Kensington,40.646370000000005,-73.97863000000001,Private room,24,18,1,2016-01-29,0.02,1,0
34146835,Massive Private Bedroom in Brooklyn Heights,2119428,Ori,Brooklyn,Brooklyn Heights,40.69699,-73.9936,Private room,125,3,9,2019-07-05,4.58,1,252
7725825,COMFORT 25 MINS FROM NEW YORK,40595718,Adria,Queens,Ozone Park,40.68792,-73.83752,Entire home/apt,79,1,22,2019-04-15,0.49,1,130
21718049,"Cosy 1 bedroom, in a pre war building in Chelsea !",158137594,Zafreen,Manhattan,Chelsea,40.74727,-74.00261,Entire home/apt,185,7,0,,,1,0
13437219,"Cozy, Private West Harlem Hamilton Heights Bedroom",3143680,Andrew,Manhattan,Harlem,40.8259,-73.94962,Private room,48,7,2,2017-03-24,0.06,1,0
32426202,Modern 2 Bedroom Walk in. 3 min from Subway !,9289171,Chaim,Brooklyn,Crown Heights,40.66916,-73.93182,Entire home/apt,125,2,20,2019-07-07,9.68,1,87
34532377,Nice Room,213604995,Doreen,Brooklyn,Bedford-Stuyvesant,40.68296,-73.93165,Private room,85,2,9,2019-06-26,4.58,2,319
18309354,"Spacious Private Room In New York, Manhattan",55778523,Lydia,Manhattan,Morningside Heights,40.80456,-73.96521,Private room,125,1,4,2017-05-22,0.15,1,0
32048862,Twin Beds  With Sauna & Relaxing Spa Amenities,89985620,Annette C,Brooklyn,Flatlands,40.62297,-73.92971,Private room,42,2,13,2019-06-26,3.33,3,280
10573225,Charming Spacious Park Slope Studio,54539364,Ildiko,Brooklyn,South Slope,40.6651,-73.98307,Entire home/apt,135,3,134,2019-06-16,3.18,1,241
3414607,Sweet 2 bed in Elevator Building,3640784,Marta,Brooklyn,Prospect Heights,40.68148,-73.96674,Entire home/apt,150,3,25,2019-07-06,0.42,1,18
8576773,"Modern, Sunny Apt in West Village",6926778,Maurice,Manhattan,West Village,40.73932,-74.00381999999999,Entire home/apt,289,3,10,2018-08-31,0.22,1,88
29828654,Luxury high ceiling penthouse apartment,62014501,Guangnan,Queens,Long Island City,40.74781,-73.93890999999999,Entire home/apt,133,20,9,2018-12-16,1.27,1,21
17961885,Downtown: Two Bridges -Private room&bathroom!,123307264,Ei,Manhattan,Chinatown,40.71456,-73.99077,Private room,95,14,3,2018-10-30,0.11,1,28
3442152,Stunning Park Slope 2BR,17347275,Jean-Cosme,Brooklyn,Gowanus,40.68094,-73.98205,Entire home/apt,190,3,2,2015-08-16,0.03,1,0
21091355,Comfortable and lovely furnished studio apartment,83786650,Bridge,Manhattan,Upper East Side,40.761390000000006,-73.96222,Entire home/apt,80,30,4,2019-02-07,0.26,8,272
32866480,Loft on Ludlow (LES/Chinatown),1159268,Max,Manhattan,Chinatown,40.71614,-73.99047,Entire home/apt,200,2,0,,,1,0
35803121,Private room with a sofa bed in Greenpoint BK,138150256,Alejandro,Brooklyn,Greenpoint,40.73171,-73.95374,Private room,50,3,0,,,2,0
34313601,Large 1 BR *** Featured on This Old House,29659188,Kevin And Karen,Brooklyn,Prospect Heights,40.6774,-73.96864000000001,Entire home/apt,279,2,11,2019-07-06,5.69,1,112
11359148,Cozy Garden  Apartment,42389158,Han And Denyce,Brooklyn,Flatbush,40.64181,-73.9522,Entire home/apt,85,2,168,2019-07-06,4.22,1,246
8950064,Brooklyn Apt with AMAZING NYC view,30116009,Veronica,Brooklyn,Sunset Park,40.6503,-74.00231,Entire home/apt,115,5,1,2016-01-03,0.02,1,0
24765844,✴SPACIOUS HOMEY✴ 2 BD Sleeps 6! Brooklyn NY,479986,Anthony,Brooklyn,Williamsburg,40.70768,-73.95137,Entire home/apt,170,2,77,2019-07-02,5.54,1,10
29392426,Cozy Apt x Rent Close to Manhattan,4666670,Jeanny,Queens,Astoria,40.77029,-73.91881,Entire home/apt,110,5,1,2019-01-07,0.16,4,173
10041002,1st Floor Beautiful Brownstone Apt,7503132,Whitney,Brooklyn,Clinton Hill,40.68399,-73.96191999999999,Entire home/apt,100,5,7,2016-11-27,0.16,1,0
32678725,Enjoy the Times Square experience with the family!,244361589,Row NYC,Manhattan,Theater District,40.75976,-73.98761,Private room,249,1,22,2019-06-23,7.59,9,283
11272222,LA MAISON JOYEUSE - 12 min walk to Yankee Stadium,58857198,Melanie,Bronx,Concourse Village,40.82731,-73.91632,Private room,100,2,54,2017-01-02,1.32,1,0
6133150,Spend Your Fall in Bed-Stuy,31817441,André,Brooklyn,Bedford-Stuyvesant,40.68227,-73.93305,Private room,52,2,1,2015-11-01,0.02,1,0
22884749,Apt 6,159435936,Jonathan,Manhattan,Upper West Side,40.78694,-73.97218000000001,Entire home/apt,100,31,1,2018-07-22,0.09,3,161
34675072,Bright and beautiful One bedroom apt in Soho.,261559275,Deb,Manhattan,SoHo,40.72646,-74.00213000000001,Entire home/apt,250,2,1,2019-05-14,0.54,1,173
5918356,Heart of times square Best location,2588808,Arturo,Manhattan,Hell's Kitchen,40.76115,-73.98706999999999,Entire home/apt,125,7,4,2018-02-19,0.08,1,0
20901820,Hidden Gem in the Heart of Park Slope,41407057,Jason,Brooklyn,South Slope,40.66675,-73.988,Entire home/apt,95,2,4,2018-07-02,0.19,1,0
24758343,Large 1 bedroom Upper East apartment,25146744,Dana,Manhattan,Upper East Side,40.77181,-73.95097,Entire home/apt,199,5,1,2018-08-05,0.09,1,0
29633187,J-BRAND NEW LUXURY ROOM 25 MIN DRIVE TO MANHATTAN,8814258,Nikole,Queens,South Ozone Park,40.673,-73.79552,Private room,64,3,1,2019-06-13,1.0,7,195
34115136,Sonder | Stock Exchange | Gorgeous 1BR + Laundry,219517861,Sonder (NYC),Manhattan,Financial District,40.70756,-74.01229000000001,Entire home/apt,210,2,3,2019-06-22,3.0,327,302
25465160,Shared Apartment By Times Square Hell’s Kitchen,187975743,R.Henry,Manhattan,Hell's Kitchen,40.76364,-73.98859,Shared room,65,1,63,2019-07-01,4.68,8,196
15597600,Design Hideaway in a Classic Brooklyn Townhouse,1781401,Emily,Brooklyn,Bedford-Stuyvesant,40.68714,-73.93443,Entire home/apt,155,4,44,2019-06-15,1.71,1,98
2445856,"Guest rm, 2 stops from GrandCentral",3578009,Walther,Queens,Long Island City,40.74955,-73.95081,Private room,100,2,37,2018-10-06,0.58,2,97
18239623,One Bedroom with King in the Manhattan Club!!,22307295,Anthony,Manhattan,Midtown,40.76392,-73.98187,Entire home/apt,186,1,0,,,1,0
21325362,Charming bedroom (few blocks from the subway),154220885,Benny,Queens,Ridgewood,40.70516,-73.90496999999999,Private room,55,1,72,2019-07-01,3.52,2,171
35658004,"CHARM APT IN LOWER EAST SIDE, WALKING EVERYWHERE",7768807,Antina,Manhattan,Lower East Side,40.7195,-73.98558,Entire home/apt,200,1,1,2019-07-01,1.0,1,270
36387416,"Incredibly large room, excellent location!",6570630,Marisol,Brooklyn,Bushwick,40.7018,-73.93281999999999,Private room,60,4,0,,,2,47
16320520,Penthouse,102913031,David,Manhattan,East Harlem,40.79142,-73.9398,Entire home/apt,350,4,33,2019-06-26,1.2,1,346
11912865,CrashPadsUSA for Airline Crew. Nightly HOTBEDS,63560790,A.B.,Queens,Kew Gardens,40.70375,-73.8304,Shared room,45,1,17,2019-05-19,0.72,2,365
9261392,Modern Lux APT Private Bath 15 min to Times Sq,7174662,K,Queens,Sunnyside,40.74461,-73.92004,Private room,88,2,132,2019-06-01,3.23,1,14
30295700,Cozy Room 20 min from Manhattan in brand new unit,23959538,Julian,Queens,Ridgewood,40.70268,-73.90824,Private room,36,1,0,,,1,0
22635815,Stylish Bedroom In Washington Heights Manhattan.,26101123,Ken,Manhattan,Washington Heights,40.83558,-73.9404,Private room,38,2,23,2019-06-30,1.43,1,30
14071436,Luxurious Full Floor 2 Bedroom Best Location,61391963,Corporate Housing,Manhattan,Midtown,40.75683,-73.96901,Entire home/apt,165,30,0,,,91,147
28658564,Perfectly located UWS - Cool Clean studio,196211856,Tarun,Manhattan,Upper West Side,40.77771,-73.98023,Entire home/apt,145,5,4,2019-05-05,0.53,1,0
30764665,Large one bedroom with 2 walk through living rooms,230196849,Mariia,Manhattan,East Harlem,40.78909,-73.94153,Entire home/apt,350,2,4,2019-05-19,0.63,1,81
4645824,"Room in front of Prospect Park, 1 block to subway",1660261,Andres Mekos,Brooklyn,Prospect-Lefferts Gardens,40.65859,-73.96195999999999,Private room,40,6,10,2019-04-15,0.21,1,0
24158722,Luxury Studio in Hell’s Kitchen - In Unit W/D,31404168,Ashley,Manhattan,Hell's Kitchen,40.761790000000005,-73.99989000000001,Entire home/apt,142,20,4,2018-09-28,0.3,1,0
34742586,Bright and Sunny Urban Getaway,85521952,Gregory,Manhattan,Inwood,40.86858,-73.92042,Entire home/apt,200,2,1,2019-06-30,1.0,1,234
3866843,"Renovated, Nice 1BD Central Park",1475015,Mike,Manhattan,Upper West Side,40.76908,-73.98483,Entire home/apt,87,30,5,2019-03-16,0.1,52,365
13130036,Upper-East Side 1 Bedroom Gem Duplex with Garden,12810744,Vivian,Manhattan,Upper East Side,40.77586,-73.95164,Entire home/apt,235,120,8,2016-10-27,0.23,1,12
12699413,Williamsburg Large Bedroom,66556483,Graham,Brooklyn,Williamsburg,40.71332,-73.94071,Private room,80,1,0,,,1,0
9147025,Cozy City Island Cottage,403032,Diane,Bronx,City Island,40.84487,-73.78954,Entire home/apt,110,2,112,2019-07-01,2.6,1,162
1672860,New**Beauty**W50's_Luxury&BALCONY!!,2119276,Host,Manhattan,Hell's Kitchen,40.76493,-73.98652,Entire home/apt,150,30,18,2019-04-04,0.27,39,340
1347847,3 bedroom duplex Brooklyn townhouse,2061760,Lise,Brooklyn,Bedford-Stuyvesant,40.69376,-73.93776,Entire home/apt,225,3,230,2019-07-01,3.31,1,259
14147107,"Spacious, Quiet 1 Bedroom in Hamilton Heights",76838000,Catherine,Manhattan,Harlem,40.83117,-73.94846,Entire home/apt,75,1,5,2018-08-26,0.14,1,0
24645220,Private bedroom in two bedroom apartment Brooklyn,115258603,Toun,Brooklyn,Crown Heights,40.672540000000005,-73.91686,Private room,62,2,23,2019-06-03,1.58,1,172
13656529,Bushwick Music Mansion,57340330,Janeth,Brooklyn,Bushwick,40.68936,-73.90814,Private room,55,1,5,2018-09-15,0.14,1,89
20212025,Cozy Studio in Beautiful Bed-Stuy,7248357,Ashley,Brooklyn,Bedford-Stuyvesant,40.68537,-73.9329,Entire home/apt,75,2,1,2017-08-11,0.04,1,0
29004967,"Large, sunny WBurg  apartment steps from L train",14453908,Andrew,Brooklyn,Williamsburg,40.70946,-73.94966,Entire home/apt,85,7,4,2019-07-01,0.59,1,357
35877927,Private apartment in bronx ##2,35783912,Pi & Leo,Bronx,Fordham,40.86294,-73.89242,Entire home/apt,99,2,0,,,8,343
2958912,STUNNING! 1BD Jr in Midtown East NY,15100977,Nataliya,Manhattan,Midtown,40.75969,-73.96644,Entire home/apt,140,300,0,,,1,365
13231399,Beautiful garden 1 bed 7/8-7/18,4316938,Skye,Manhattan,East Harlem,40.80735,-73.94064,Entire home/apt,175,9,0,,,1,365
29209379,"Green Rm,4 bdrm House Medical & Professional ONLY",214611101,Myra,Brooklyn,Kensington,40.638000000000005,-73.97652,Private room,50,30,1,2018-12-01,0.14,4,130
36134580,COSY 2BR APARTMENT IN LOWER EAST SIDE,55814811,Doni,Manhattan,Lower East Side,40.71989,-73.98459,Entire home/apt,198,3,0,,,1,5
22085892,THANKSGIVING IN NYC,7241732,Jason,Queens,Woodside,40.74602,-73.90604,Private room,55,1,0,,,1,0
1439162,Cozy & Private 1 Bedroom Garden Level Apartment,7460181,Geraldine,Brooklyn,Bedford-Stuyvesant,40.68238,-73.93795,Entire home/apt,99,3,208,2019-06-25,2.89,1,206
1586576,Private Bedroom in QUEENS,8452695,Macit,Queens,Maspeth,40.74033,-73.89921,Private room,56,28,14,2017-04-15,0.2,2,310
17500539,"HUGE 1BR Apt, Varrazano promenade,night life& More",37519641,Ahmed,Brooklyn,Fort Hamilton,40.61364,-74.0354,Entire home/apt,160,2,4,2019-04-11,0.42,1,313
13624873,East Village Cottage,2010460,Thaya,Manhattan,East Village,40.72544,-73.9899,Private room,80,2,31,2019-06-30,0.94,1,28
2793630,Gorgeous Loft in Prime Location 2 with Rooftop,14289427,Francesca,Manhattan,Chinatown,40.71418,-73.99295,Private room,120,5,12,2018-10-17,0.19,3,0
19027786,The Diamond Room,33552302,Ese,Manhattan,East Harlem,40.80244,-73.94409,Private room,125,1,11,2019-05-05,0.44,1,341
18648591,Crown Heights Air Bnb/Sublet,97032243,Noah,Brooklyn,Crown Heights,40.67571,-73.94915999999999,Private room,40,1,0,,,1,0
29563829,Beautiful Twin Room in Victorian Cottage,7878911,Summer & Kamilya,Brooklyn,Flatbush,40.63635,-73.95501999999999,Private room,90,3,5,2019-06-09,0.59,1,0
7715344,1 Bedroom Apart in Spanish Harlem,15581933,Mary,Manhattan,East Harlem,40.79324,-73.94513,Entire home/apt,90,2,4,2016-03-31,0.08,1,0
19532907,"Bright, Sunny, Clean Bedroom w/Private Bath 3MB",17555570,Yan,Brooklyn,Crown Heights,40.6695,-73.92226,Private room,63,1,66,2019-06-22,2.68,12,39
30352717,Basic room in Williamsburg,45773187,Jakub,Brooklyn,Williamsburg,40.71038,-73.94779,Private room,49,7,0,,,1,0
33716426,Sonder | Stock Exchange | Central 1BR + Kitchen,219517861,Sonder (NYC),Manhattan,Financial District,40.70723,-74.01086,Entire home/apt,229,2,3,2019-06-13,1.55,327,340
29243499,"Mellow, Stylish Bedroom close to Pratt #1",7305006,Jessica,Brooklyn,Bedford-Stuyvesant,40.69107,-73.95878,Private room,60,6,8,2019-05-24,1.1,2,144
21738540,Bay Ridge Brooklyn House,158048189,Silvia,Brooklyn,Fort Hamilton,40.61818,-74.03464,Entire home/apt,150,4,1,2018-01-03,0.05,1,0
13995107,Spacious & quiet room w/ Balcony,39368803,Jorge,Brooklyn,Bedford-Stuyvesant,40.68571,-73.95708,Private room,54,4,4,2017-09-21,0.12,1,0
32114499,2 Story Private Duplex + Backyard | BBQ |Sleeps 10,235530740,Ana,Brooklyn,Bedford-Stuyvesant,40.68429,-73.93623000000001,Entire home/apt,250,5,7,2019-06-03,1.84,3,215
5866656,Home 4 Medical Professionals-MAIM0,26377263,Stat,Brooklyn,Borough Park,40.64032,-73.99728,Private room,50,30,0,,,43,361
10405891,Charming & bright Williamsburg loft,2360150,Simona,Brooklyn,Greenpoint,40.72025,-73.95195,Entire home/apt,190,2,0,,,1,0
30537849,NEW GARDEN APT IN THE HEART OF PARK SLOPE,21527486,Michele,Brooklyn,Park Slope,40.673,-73.97721,Entire home/apt,211,3,8,2019-06-11,1.2,1,90
19456810,Hillside Hotel,134184451,Hillside Hotel,Queens,Briarwood,40.70454,-73.81549,Private room,93,1,2,2017-07-23,0.08,18,90
895368,Large 2 bedroom apt in Manhattan,4770121,Somaya,Manhattan,Harlem,40.82434,-73.93956999999999,Entire home/apt,100,180,0,,,4,365
29849331,Spacious and Bright Williamsburg Loft,5537011,Ian,Brooklyn,Williamsburg,40.71474,-73.94440999999999,Entire home/apt,175,2,6,2019-06-29,2.37,1,176
9370896,Castle View Brownstone,46638648,Geert,Brooklyn,Bedford-Stuyvesant,40.68503,-73.93809,Entire home/apt,140,29,12,2018-08-20,0.31,1,339
6988793,"Perfect for Cat, Book, Park Lovers!",13857446,Laura,Brooklyn,Flatbush,40.65371,-73.95623,Entire home/apt,90,2,12,2015-12-19,0.25,1,0
5505918,Winter Deal! Cosy room available in East Village,28557212,Marion,Manhattan,Gramercy,40.73305,-73.98255,Private room,73,5,4,2017-02-21,0.08,1,0
32729130,cozy and charming experience in China Town!,50333451,Jennifer,Manhattan,Chinatown,40.71432,-73.99866,Entire home/apt,151,12,0,,,1,0
21138538,Lavish 2 BR minutes from Central Park!,149977050,Ivan,Manhattan,Upper West Side,40.78631,-73.97752,Entire home/apt,199,2,27,2019-06-18,1.34,1,335
20758217,Sunny Bushwick Room w/ Rooftop Manhattan View!,6394738,Lindsay,Brooklyn,Bushwick,40.705740000000006,-73.92289,Private room,85,1,14,2018-05-04,0.62,2,0
68305,Cozy Private Room in Apartment,338454,Share,Manhattan,Harlem,40.82976,-73.94866999999999,Private room,85,30,64,2018-07-06,0.68,1,318
20663644,Elegant Brooklyn Studio in Luxury Amenity Building,77944774,Jacqueline,Brooklyn,Windsor Terrace,40.64931,-73.9733,Entire home/apt,85,3,12,2019-05-20,0.53,1,5
7319791,Cozy  room at trendy Lower east side,19195540,Dor,Manhattan,Lower East Side,40.71894,-73.99205,Private room,120,3,86,2019-06-06,1.82,3,99
20565481,Historic UES Penthouse/Rooftop Terrace by the MET,146871946,Lauren,Manhattan,Upper East Side,40.7774,-73.96066,Entire home/apt,300,1,0,,,1,0
19577620,"2 Story Penthouse | Private Floor, Bed, & Bath",16652171,Erik,Manhattan,Upper West Side,40.78413,-73.97779,Private room,94,2,65,2019-07-04,2.69,1,54
21711085,Chill modern garden apartment in Crown Heights,135204393,Robert,Brooklyn,Crown Heights,40.67034,-73.92777,Entire home/apt,90,2,31,2019-06-30,1.63,1,45
14682338,Harlem Oasis,20872245,Ryan,Manhattan,Harlem,40.82626,-73.93831,Private room,175,3,37,2019-06-19,1.06,1,19
13112601,Beautiful light and lots of space,13769025,Alberto,Brooklyn,Bedford-Stuyvesant,40.69563,-73.95149,Private room,43,1,0,,,1,220
3583605,2 Bedroom in Hudson Heights ,18051675,Alexandra,Manhattan,Washington Heights,40.85153,-73.93815,Entire home/apt,150,3,0,,,1,0
18225729,Hip Soho Loft,121400000,Kristen,Manhattan,SoHo,40.72528,-74.00317,Entire home/apt,200,3,16,2018-09-24,0.6,1,15
33900721,NEW COZY STUDIO WITH LARGE PRIVATE OUTDOOR SPACE,81712936,Allie,Manhattan,Upper East Side,40.78202,-73.94826,Entire home/apt,200,3,3,2019-06-14,1.76,2,0
19766555,1.5 Bed Condo in heart of Williamsburg,20163996,Russ,Brooklyn,Williamsburg,40.71441,-73.94527,Entire home/apt,140,3,4,2018-10-09,0.2,1,0
20067361,"Private bedroom available in Bed Stuy, Brooklyn",31883068,Will,Brooklyn,Bedford-Stuyvesant,40.69545,-73.94829,Private room,50,7,8,2019-04-16,0.34,1,188
957642,Large bedroom/Heart of Brooklyn,1354796,Natasha,Brooklyn,Prospect-Lefferts Gardens,40.66167,-73.95098,Private room,49,5,114,2019-06-09,1.49,3,323
16230905,Bright & Sunny Studio in the Upper East Side,49900664,Kelcey,Manhattan,Upper East Side,40.76954,-73.94904,Entire home/apt,91,2,2,2016-12-19,0.06,1,0
18210358,True NYC Living! Flatiron:1 bdrm w/ outdoor space!,76114242,Mark,Manhattan,Kips Bay,40.73916,-73.9822,Entire home/apt,235,1,0,,,1,0
13830415,Beautiful 2 bedroom apartment in West Harlem NYC,80491022,Mel,Manhattan,Harlem,40.82295,-73.95066,Entire home/apt,100,5,0,,,1,0
21592694,"Private Peaceful room in Flushing/Auburndale, NY",157040162,Adriana,Queens,Flushing,40.75456,-73.80417,Private room,48,1,37,2019-06-30,2.19,1,39
33933592,Stylish 4 BR APT in Ridgewood Woodbine,242962235,Yuval,Queens,Ridgewood,40.70807,-73.89483,Private room,34,30,0,,,23,322
4538019,Luxury Queen Bed_Plush Mattress,22384027,Shahana,Brooklyn,Brownsville,40.67061,-73.91672,Private room,39,1,130,2019-06-21,2.32,10,26
35005197,Sonder | 180 Water | Pleasant 2BR + Rooftop,219517861,Sonder (NYC),Manhattan,Financial District,40.70575,-74.00621,Entire home/apt,302,29,0,,,327,190
11137382,"Modern Garden 2BD w/ Backyard, Dishwasher, Laundry",24839836,Kai,Brooklyn,Bedford-Stuyvesant,40.69155,-73.94975,Entire home/apt,165,4,123,2019-06-23,3.08,1,43
21089707,Bright Lower East Side Studio,108653826,Alexandra,Manhattan,Lower East Side,40.71808,-73.99146999999999,Entire home/apt,139,2,2,2017-12-05,0.1,1,0
25323446,Luxurious 2 bedroom home close to Airport and City,70774951,Farhan,Queens,East Elmhurst,40.767990000000005,-73.8795,Entire home/apt,132,1,114,2019-06-24,8.38,3,316
25137152,Bright 1 Bedroom in the East Village,189982777,Cloe,Manhattan,East Village,40.72266,-73.98148,Entire home/apt,140,4,49,2019-07-03,3.58,1,51
35691113,Brand NEW 2br/2bath in Lower Manhattan,268491219,Stas,Manhattan,Two Bridges,40.71143,-73.99557,Entire home/apt,285,2,0,,,1,338
12254118,Master Bedroom with Balcony in Soho,65979198,Marc,Manhattan,Nolita,40.72232,-73.99433,Private room,109,7,3,2017-01-03,0.09,1,0
6467264,Spacious room w/private roof deck,33782884,Kate,Brooklyn,Carroll Gardens,40.67674,-73.99805,Private room,158,2,4,2015-07-02,0.08,2,0
21982618,A cozy apartment in Hamilton Heights!,34320483,Jonathan,Manhattan,Harlem,40.8262,-73.95035,Private room,43,3,1,2017-11-29,0.05,1,0
20333831,Basement Suite w/Private Entrance,145082728,Jason & Kelly,Brooklyn,Bedford-Stuyvesant,40.67907,-73.94915999999999,Entire home/apt,150,2,18,2019-07-06,0.86,2,86
26540634,Sleek and Modern Studio Apartment,4066678,Brandon,Brooklyn,Williamsburg,40.71657,-73.96512,Entire home/apt,200,15,0,,,1,0
2998174,Sanctuary Bedroom in Huge Duplex,5684941,Jade,Brooklyn,Bushwick,40.69666,-73.93248,Private room,59,20,16,2018-10-11,0.28,1,54
9473837,Cozy Room in Artistic Apartment,13713658,Isabelle,Brooklyn,Williamsburg,40.7161,-73.94264,Private room,80,1,1,2016-01-02,0.02,1,0
34207474,Good Day New York - Sunny Single,252604696,Erin,Manhattan,Chelsea,40.7494,-73.99519000000001,Private room,149,1,0,,,20,359
21200108,The Henry - A One Bedroom Cobble Hill Apartment,151645438,Parker,Brooklyn,Cobble Hill,40.68553,-73.99804,Entire home/apt,165,2,0,,,1,0
7871818,"Artist/Musician Apartment, Bushwick",4769886,Tom & Nic,Brooklyn,Bushwick,40.69533,-73.92053,Private room,109,2,105,2019-06-27,2.25,2,244
33987446,X Light,184750740,Juice,Bronx,Morrisania,40.82565,-73.91095,Shared room,77,1,0,,,4,179
28374327,Brand New Private Room in Heart of Brooklyn,30735525,Lawrence,Brooklyn,Bushwick,40.68467,-73.91341,Private room,55,2,7,2019-06-28,0.96,1,36
25350617,Sunny room in chilled out Fort green apt,1180925,Mark,Brooklyn,Fort Greene,40.69492,-73.97154,Private room,75,2,12,2019-06-07,0.97,3,89
24473230,Beautifully designed + renovated 3 bedroom home,184853043,Shannon,Brooklyn,Kensington,40.64655,-73.97251999999999,Entire home/apt,250,2,31,2019-07-02,2.88,1,58
16647489,"Bohemian BK Pad with prvt bkyd, great for toddlers",6865666,Ana,Brooklyn,Williamsburg,40.71151,-73.95142,Entire home/apt,78,10,0,,,1,0
17318207,"Attractive Room, Quiet Area . Easy commute Man.",116881616,June,Brooklyn,Bath Beach,40.60382,-74.01083,Private room,45,4,17,2019-06-07,0.65,2,17
20173972,Spacious bedroom w/ private entrance + roofdeck,4609956,Sarah,Brooklyn,Bedford-Stuyvesant,40.68438,-73.95688,Private room,80,2,64,2019-07-06,2.73,3,116
22144662,Spacious Studio with Private Roof,73358102,Alex,Manhattan,Chelsea,40.75003,-73.99647,Entire home/apt,109,2,76,2019-06-14,3.95,1,4
14237346,Cozy room at Brooklyn&Breakfast,344035,Brooklyn&   Breakfast    -Len-,Brooklyn,Prospect Heights,40.67824,-73.96966,Private room,55,1,102,2019-06-27,2.98,13,281
19159,Spacious luminous apt Upper West NYC,73051,Sybilla,Manhattan,Harlem,40.82915,-73.95136,Entire home/apt,110,31,54,2019-03-23,0.49,1,209
21428625,Awesome Oasis! 3 stops Away from Manhattan!!!,134428157,Johny,Brooklyn,Bedford-Stuyvesant,40.68602,-73.94368,Private room,50,5,1,2018-01-17,0.06,7,0
7718995,Private Space with Outdoor Patio,25169596,Jessica,Manhattan,Upper West Side,40.77148,-73.98226,Private room,182,1,221,2019-06-10,4.65,2,327
5826468,Large 2 bed 2 bath w private patio!,27894798,Aya,Manhattan,East Harlem,40.79372,-73.94315999999999,Entire home/apt,200,30,0,,,1,0
17938814,"Beautiful spacious one bedroom, upper east side",55199493,Julia,Manhattan,Upper East Side,40.7729,-73.95738,Entire home/apt,115,2,100,2019-06-16,3.67,1,91
16300644,Sunny Private Bedroom in Prime Williamsburg,22919533,Kristina,Brooklyn,Williamsburg,40.71258,-73.95976,Private room,150,3,43,2019-06-24,1.41,2,67
11885997,Beautiful loft in DUMBO Brooklyn,17782625,David,Brooklyn,Vinegar Hill,40.70211,-73.98418000000001,Entire home/apt,245,2,3,2017-12-13,0.08,2,0
30817001,"Beautiful, Newly Furnished, Luxury, Grand Central",52950465,Gal,Manhattan,Midtown,40.7541,-73.97055999999999,Entire home/apt,169,30,0,,,12,365
35904939,Queen Room near Flushing and Arthur Ashe Stadium- Breakfast Included,261007573,Adria Hotel & Conference Center,Queens,Bayside,40.761790000000005,-73.76013,Private room,100,1,0,,,2,358
4947515,Your Home with View in Greenpoint!,1556712,Margrethe,Brooklyn,Greenpoint,40.73208,-73.95653,Entire home/apt,190,3,32,2019-06-04,0.6,1,265
35423325,Pretty 1 BDR  Apt in Times SQ / Theater District,2534058,Fuda,Manhattan,Hell's Kitchen,40.76269,-73.98928000000001,Entire home/apt,190,2,4,2019-07-03,4.0,1,29
236671,"Williamsburg Garden Home, 5 minutes from Manhattan",1240820,Triny,Brooklyn,Williamsburg,40.71746,-73.95496999999999,Entire home/apt,180,2,125,2019-07-06,1.36,3,248
31149641,Charming Private Room Near Central Park,60281397,Lugao,Manhattan,Upper West Side,40.79721,-73.96875,Private room,99,2,6,2019-05-12,0.93,3,49
30160167,Warm little building 温馨小筑 따뜻한 작은 건물 D,92706260,Kane,Queens,Flushing,40.73941,-73.82099000000001,Private room,49,1,19,2019-06-11,2.5,5,48
2198970,BEAUTIFUL 1 BEDROOM,4173868,Maryam,Manhattan,Washington Heights,40.84531,-73.93583000000001,Private room,55,7,9,2017-09-22,0.14,1,0
6912211,Retreat Near Manhattan,21183428,Jae (Owen's Wife),Brooklyn,Bedford-Stuyvesant,40.68402,-73.95573,Entire home/apt,122,3,101,2019-05-09,2.08,2,293
18442569,"Artsy, bright and cozy 1 BR. 20 min to city.",6198836,Dima,Brooklyn,Bushwick,40.70159,-73.92115,Entire home/apt,93,30,1,2017-06-24,0.04,1,45
31705971,Home away from Home in Brooklyn/Queens borderline,220480440,Erica And Jose,Queens,Glendale,40.70534,-73.87995,Private room,50,2,18,2019-07-02,3.78,2,63
15494796,Private Guest Room in Charming West Village Duplex,390117,Coco,Manhattan,West Village,40.73142,-74.01,Private room,250,3,8,2019-04-28,0.24,2,0
21967562,Old World Charm in the Heart of Brooklyn R1,160300400,Tina,Brooklyn,Bay Ridge,40.63014,-74.03126,Private room,79,4,27,2019-06-27,1.44,2,176
18770418,LARGE 3 BEDROOMS UP  9 People 15 MIN TO MANHATTAN,30237517,David,Queens,Forest Hills,40.73437,-73.85226999999999,Entire home/apt,238,3,2,2019-03-31,0.09,6,188
1876811,Sweet Union Square/ Gramercy Studio,9774018,Dan,Manhattan,Gramercy,40.7366,-73.98703,Entire home/apt,199,2,240,2019-07-02,3.49,1,152
3993553,North Park Slope Studio,6198638,Carla,Brooklyn,Park Slope,40.67814,-73.9778,Entire home/apt,155,2,2,2015-12-01,0.04,1,0
35672714,perfect location to experience the Big Apple,38580398,Lisa,Queens,South Ozone Park,40.6765,-73.81947,Entire home/apt,150,3,3,2019-07-06,3.0,1,327
34109512,Beautiful Apartment in Luxury building,156853666,Helen!,Manhattan,Hell's Kitchen,40.7689,-73.98993,Entire home/apt,225,3,8,2019-06-14,4.29,1,49
34481124,Charming Cobble Hill Brownstone Apartment,144522384,Amanda,Brooklyn,Carroll Gardens,40.68574,-73.99421,Entire home/apt,250,2,0,,,1,0
12804309,Danish Modern in Brownstone,21221697,Devon,Brooklyn,Clinton Hill,40.68444,-73.96285,Entire home/apt,225,3,95,2019-06-22,2.48,1,122
25124293,Stylish One-Bedroom Apartment in Park Slope,1546476,Janet,Brooklyn,Park Slope,40.67808,-73.98074,Entire home/apt,120,3,9,2019-05-10,0.67,1,2
20572271,5 Mins Walk to Columbia University,11523011,Tiara,Manhattan,Morningside Heights,40.80731,-73.96579,Private room,55,14,3,2019-01-25,0.19,2,164
4734709,Bright & quiet 2 bedroom brownstone,6274029,Belle,Brooklyn,Prospect Heights,40.67895,-73.97233,Entire home/apt,200,4,5,2016-12-31,0.1,1,21
14716077,"Spacious bedroom in Greenpoint, Brooklyn",34924990,Ashli,Brooklyn,Greenpoint,40.73374,-73.95617,Private room,55,20,3,2016-08-29,0.09,1,0
8518051,Cozy Living Environment,44850669,Taft,Bronx,Clason Point,40.81773,-73.86164000000001,Entire home/apt,100,2,58,2019-07-03,1.26,1,324
19861088,Cozy & Quiet Harlem Studio,2462300,Jasmine,Manhattan,Harlem,40.81707,-73.9349,Entire home/apt,120,3,20,2019-01-01,0.94,1,0
34997828,Full Service 3 Bedroom Apartment-Washer Dryer,221200420,Adam,Manhattan,Murray Hill,40.74334,-73.97213,Entire home/apt,300,30,0,,,23,249
19311031,Sunny Chic Crown Heights One Bedroom,9453989,Nneya,Brooklyn,Crown Heights,40.6735,-73.95322,Entire home/apt,90,13,12,2019-06-01,0.58,1,74
26779818,NEW Bright West Village 2 Bed,201369441,Teddy,Manhattan,West Village,40.7383,-74.00131,Entire home/apt,325,2,9,2018-12-05,0.76,1,0
6691625,Elegant private room in beautiful apartment,2135117,Susan,Brooklyn,Windsor Terrace,40.65766,-73.97927,Private room,52,2,53,2019-07-07,2.87,1,55
5482031,Beautiful Spacious 2 Bedroom Apt,8817100,Ulysses,Manhattan,Washington Heights,40.8434,-73.94139,Entire home/apt,200,2,0,,,1,0
9592655,Spacious Room (Double Bed/Sofa Bed),49649740,Jd,Manhattan,Harlem,40.81026,-73.95279000000001,Private room,80,5,0,,,1,0
13324758,Sunny & Comfy room in Crown Heights,34547856,Angelica,Brooklyn,Crown Heights,40.67437,-73.95711,Private room,65,2,0,,,1,0
9348941,Spacious 1 BR in Midtown East,7992346,Nikali,Manhattan,Midtown,40.75218,-73.97216999999999,Entire home/apt,149,1,0,,,1,0
9514730,Lovely 1 BR Close to Central Park,2005639,Kasey,Manhattan,Upper West Side,40.78462,-73.97273,Entire home/apt,150,1,0,,,1,0
19007359,Massive Sun-Filled Loft in Prime Williamsburg,21657100,Jourdan,Brooklyn,Williamsburg,40.71706,-73.96423,Entire home/apt,185,2,36,2018-12-31,1.44,1,85
7806322,Beautiful Zen 3BR Apartment,37915862,Greg,Brooklyn,East New York,40.67351,-73.89267,Entire home/apt,155,5,80,2019-07-03,1.73,2,256
2716889,Apt #1: 2BR/1BA w/ Backyard,13503154,Clayon Elizabeth,Brooklyn,Crown Heights,40.67203,-73.93494,Entire home/apt,155,28,23,2018-11-03,0.36,2,336
15634892,"Adorable, NYC studio for the holiday!",15353668,Bria,Manhattan,Midtown,40.75228,-73.97185999999999,Entire home/apt,144,28,0,,,1,90
16271281,"Peaceful, cozy studio in Chinatown",46382018,Steven,Manhattan,Chinatown,40.7162,-73.99379,Entire home/apt,90,20,0,,,1,0
26250574,Perfect Pied-à-Terre,9962257,Erika & Brett,Brooklyn,Greenpoint,40.7287,-73.95607,Entire home/apt,171,2,19,2019-06-16,1.51,1,81
31301399,"Elegant, Mid Century Modern Apt (Private Room)",12618858,Alimah,Brooklyn,Bedford-Stuyvesant,40.68313,-73.92833,Private room,70,1,5,2019-06-21,0.85,2,111
35872009,Charming Room 1 with 2 Beds Close to 2 Metros,72957132,Niko,Brooklyn,Bedford-Stuyvesant,40.68698,-73.95514,Private room,70,2,0,,,3,291
14822309,"Relaxing, spacious, private room Riverside Drive",16978120,Chip,Manhattan,Harlem,40.82966,-73.95021,Private room,65,30,7,2019-04-30,0.21,2,225
20308615,Your Oasis in The Bronx!,67223829,Richard & Xio,Bronx,Longwood,40.82406,-73.8934,Entire home/apt,155,3,13,2019-05-01,0.61,1,285
21738084,"Cozy and Relaxing, An East Williamsburg Getaway",125697192,Hollye,Brooklyn,Williamsburg,40.71417,-73.93767,Private room,60,2,75,2019-06-20,3.78,1,23
29531124,Charming private room 2 beds,209298687,Digna,Brooklyn,Bedford-Stuyvesant,40.69065,-73.95153,Private room,65,30,10,2019-06-07,1.18,4,328
7069743,Private Bedroom in Shared Apartment,17475096,Rosemary,Brooklyn,Flatbush,40.65192,-73.96023000000001,Private room,75,1,0,,,2,0
11396225,Beautiful Brownstone apt in Central Harlem,9585945,Tom & Emma,Manhattan,Harlem,40.80761,-73.94249,Entire home/apt,140,4,7,2018-11-08,0.2,1,128
20622825,Sunny loft,9704072,Staccey,Brooklyn,Bushwick,40.70763,-73.92223,Private room,90,1,0,,,1,0
9900224,"Quiet, private room Upper West Side",3879284,Aidan,Manhattan,Upper West Side,40.77578,-73.97794,Private room,140,2,16,2018-04-01,0.47,1,0
13573790,"Sunny, Spacious Apartment in Prime Williamsburg",78292517,Chris,Brooklyn,Williamsburg,40.71578,-73.95879000000001,Entire home/apt,150,2,5,2019-03-20,0.14,1,0
24805348,Bright Room in Williamsburg,187530856,Baris,Brooklyn,Williamsburg,40.70896,-73.94754,Private room,157,1,6,2018-10-28,0.42,2,365
292637,Beautiful Spacious One Bedroom,1021834,Svetlana,Brooklyn,Crown Heights,40.67335,-73.96,Entire home/apt,100,5,0,,,1,0
19408914,Spacious one bedroom in midtown Manhattan,120762452,Stanley,Manhattan,Murray Hill,40.74818,-73.97537,Entire home/apt,175,30,1,2018-01-17,0.06,50,342
16620082,"Huge room, sunlight, plants, books",109733032,Ian,Brooklyn,Williamsburg,40.70436,-73.94123,Private room,60,2,14,2019-06-29,0.58,1,3
7869876,"Entire floor of house Very Private 2BR suite,SUNNY",17382996,Eileen,Bronx,Port Morris,40.80247,-73.91435,Entire home/apt,90,2,152,2019-06-30,3.25,1,299
21462212,Clean private room with double bed,145285876,Hiro,Brooklyn,Williamsburg,40.71536,-73.96358000000001,Private room,66,2,1,2017-11-02,0.05,2,0
754353,Location Moreno,3250450,Petya,Queens,Long Island City,40.757540000000006,-73.93004,Private room,39,30,13,2015-12-13,0.16,18,360
3852261,SUNNY ROOM FOR TWO @ ELEGANT HOME NEAR JFK,19866189,Natasha,Queens,Arverne,40.58835,-73.79565,Private room,149,1,91,2019-07-01,1.53,5,358
12167152,"Chelsea ,Duplex ,Calm ,Fantastic",51434373,Yael,Manhattan,Chelsea,40.73971,-73.99829,Private room,179,3,69,2019-06-19,1.8,1,104
20087455,The Dream Room (Private Room),142812843,Eugene,Manhattan,East Harlem,40.78958,-73.93791999999999,Private room,85,1,10,2017-12-03,0.43,2,0
1291490,nice room in bedstuy M,6885157,Randy,Brooklyn,Bedford-Stuyvesant,40.68322,-73.95085,Private room,60,1,142,2019-06-13,1.95,15,321
4501164,Union Square Apartment + Private Backyard,17074459,Mattan,Manhattan,East Village,40.73325,-73.98789000000001,Private room,97,3,64,2017-07-24,1.15,3,0
22495520,❤️ Furnished One Bedroom with Terrace!! ★★★★★,15740291,Mark,Manhattan,Midtown,40.75388,-73.96727,Entire home/apt,125,2,109,2019-06-25,5.95,1,53
16394824,Apartment in Soho on Edge of West Village,107398940,Carl,Manhattan,Greenwich Village,40.72829,-74.00233,Entire home/apt,150,3,2,2017-01-04,0.07,1,0
4754646,Room in a great UWS apartment,6649124,Yuval,Manhattan,Upper West Side,40.80149,-73.96458,Private room,70,1,0,,,1,0
15819933,Gorgeous Spacious Bedroom In Ridgewood Queens,16494382,Mark,Queens,Ridgewood,40.70735,-73.89343000000001,Private room,20,7,0,,,1,89
32897839,THE STUDIO LODGE BROOKLYN,20012998,Víctor,Brooklyn,Bedford-Stuyvesant,40.68224,-73.92097,Private room,60,3,4,2019-07-06,2.22,2,316
10838084,UPTOWN FABULOUS,3881467,Robert,Manhattan,Washington Heights,40.85612,-73.93024,Private room,45,1,50,2019-06-23,1.32,1,90
33993225,Private small room in 3 bdr apt - East Village,33214549,Alexandre,Manhattan,East Village,40.72613,-73.98447,Private room,99,1,9,2019-06-13,3.42,5,30
18136478,"Sunny, Quiet top-floor 2 bedroom in Cobble Hill",22511613,James,Brooklyn,Carroll Gardens,40.68572,-73.99286,Entire home/apt,199,1,6,2018-05-28,0.23,2,0
28919421,Lovely New Private Bathroom Room,216772639,Ling,Brooklyn,Borough Park,40.63371,-74.00717,Private room,60,1,9,2019-06-24,0.98,7,180
21762160,Big Clean well-lit 2br by the subway in WaHi NYC!,3329425,Brad,Manhattan,Washington Heights,40.837340000000005,-73.94506,Entire home/apt,120,2,1,2018-05-13,0.07,1,210
24751022,Sonder | Hanover Square | Welcoming 1BR + Rooftop,12243051,Sonder,Manhattan,Financial District,40.70401,-74.00932,Entire home/apt,179,29,0,,,96,1
32127699,Cozy Private Bedroom in East Williamsburg,241035874,Anne,Brooklyn,Williamsburg,40.71045,-73.93826,Private room,60,2,16,2019-06-03,4.14,1,355
20464496,LaRoom,49519069,Kosta,Queens,Briarwood,40.7105,-73.81589,Private room,85,5,0,,,1,177
29777278,Vintage Room &prvt bathroom Central Park Manhattan,223346842,Alex,Manhattan,Harlem,40.80475,-73.95081,Private room,79,2,43,2019-07-05,5.47,3,43
16905585,Bright and Spacious East Village Loft,112851539,J,Manhattan,East Village,40.72977,-73.98841,Entire home/apt,350,3,85,2019-06-24,2.87,1,208
15360364,Cozy private room on the UES,51007432,Kristina,Manhattan,Upper East Side,40.7739,-73.94782,Private room,78,1,73,2019-05-17,2.18,1,1
7634327,Spacious 2BR Duplex in East Village,9584747,Aaron,Manhattan,East Village,40.72178,-73.98212,Entire home/apt,250,2,11,2017-01-03,0.24,1,0
1324087,Lovely 1-bedroom-heart of Astoria,6002245,Nicholas,Queens,Astoria,40.76062,-73.9175,Entire home/apt,80,70,44,2019-04-26,0.61,1,198
9035181,Cute Clinton Hill brownstone apt!,15055897,Heather,Brooklyn,Clinton Hill,40.6921,-73.96603,Entire home/apt,125,3,3,2017-01-02,0.08,2,0
29286653,"Cozy, Private Room on Upper East Side",151229011,Gerta,Manhattan,Upper East Side,40.77557,-73.94381,Private room,93,3,32,2019-06-30,3.87,1,28
2671402,"1BR - gym, laundry in apt, roof ",706191,Rachel,Brooklyn,Williamsburg,40.71639,-73.95271,Entire home/apt,150,4,0,,,1,0
13369841,Charming LES Backyard w/ brick exposed large  Bdrm,15318852,Patrick,Manhattan,Lower East Side,40.71775,-73.98612,Private room,99,2,22,2017-06-18,0.59,1,365
7320160,Charming Old-School Apartment 2,19692652,Benjamin,Brooklyn,Clinton Hill,40.69387,-73.96840999999999,Private room,60,2,42,2017-08-14,0.87,1,0
4947174,Open Room for 12 Days this February,25412718,Benjamin,Brooklyn,Crown Heights,40.66948,-73.93638,Private room,50,5,0,,,1,0
31268431,Prime Location Private Room in Queens,233755743,Jany,Queens,Elmhurst,40.735040000000005,-73.87406999999999,Private room,80,2,8,2019-06-03,1.54,2,125
23449499,Our recently rebuilt 19th century Brooklyn gem,7886822,Lior,Brooklyn,Bedford-Stuyvesant,40.68791,-73.95633000000001,Entire home/apt,300,5,0,,,1,0
10243895,Beautiful restored full floor apt,5162192,Amy,Manhattan,Upper West Side,40.78273,-73.97553,Entire home/apt,285,5,79,2019-07-02,2.09,12,153
6758846,"Williamsburg, BK large apt",22894987,Daniel,Brooklyn,Williamsburg,40.71085,-73.94894000000001,Entire home/apt,100,1,0,,,1,0
33994694,"Manhattan 2BR W/ Garden, Laundry,  Near Subway",15757322,Devin T.,Manhattan,Washington Heights,40.83611,-73.94162,Entire home/apt,161,2,13,2019-06-22,4.87,2,294
30007787,SUNNY STUDIO IN CHELSEA,4932419,Andrew,Manhattan,West Village,40.73836,-74.00128000000001,Entire home/apt,130,8,6,2019-05-26,1.13,1,1
15854548,Great Brooklyn location next to subway and cafes,1939376,Audrey,Brooklyn,Clinton Hill,40.68866,-73.96146999999999,Private room,48,20,24,2019-05-01,0.78,1,304
14453434,Greenpoint Williamsburg Gold in the Heart of BK,89031106,Edyta,Brooklyn,Greenpoint,40.72173,-73.94768,Entire home/apt,110,30,4,2017-08-07,0.12,4,301
14951904,Bedroom in beautiful apt near Central Park,21679450,Vicky,Manhattan,Harlem,40.80171,-73.95871,Private room,60,7,4,2018-11-02,0.12,2,0
5538353,Home 4 Medical Professionals-KingsC,26377263,Stat,Brooklyn,Prospect-Lefferts Gardens,40.65604,-73.94221,Private room,45,30,0,,,43,361
14043849,Comfy private room in Williamsburg's top location!,48100358,Ivan,Brooklyn,Williamsburg,40.70843,-73.9588,Private room,54,1,148,2019-06-22,4.11,3,19
727512,Duplex Loft Suite w/ Patio @ Box House Hotel,417504,The Box House Hotel,Brooklyn,Greenpoint,40.73867,-73.95448,Entire home/apt,199,3,50,2019-07-02,0.67,28,47
19316517,Large 1 BR / Creative Space - Marble Hill,135294307,Chad,Manhattan,Marble Hill,40.8753,-73.9116,Entire home/apt,90,5,0,,,1,0
30476370,Sweet BR (B) in owner's duplex very near subway,35983559,Laura,Brooklyn,East Flatbush,40.63832,-73.94908000000001,Private room,75,3,1,2019-07-01,1.0,3,170
3857863,Studio In Townhouse,19902271,John & Catherine,Manhattan,Washington Heights,40.83602,-73.94294000000001,Private room,105,3,104,2019-06-24,1.79,1,288
3915796,Central Park Life! Beautiful 1 Bed.,1475015,Mike,Manhattan,Upper West Side,40.76904,-73.98494000000001,Entire home/apt,113,30,8,2018-07-01,0.13,52,258
4517177,1 bedroom apt 1 stop from Manhattan,23419852,Gazelle,Queens,Long Island City,40.74236,-73.95640999999999,Entire home/apt,170,2,84,2019-05-28,1.51,1,178
3131756,Beautiful 3 Bedroom apt in Bed-Stuy,2213809,Dean,Brooklyn,Bedford-Stuyvesant,40.68176,-73.92883,Entire home/apt,149,2,225,2019-06-30,3.7,1,254
518566,"Gorgeous, charming Upper East private room",1497427,Andrea,Manhattan,Upper East Side,40.77108,-73.95966999999999,Private room,82,3,10,2019-05-15,0.13,2,251
31859909,Beautiful room with view in newly-renovated house,5704932,Victor,Bronx,Fordham,40.86643,-73.88895,Private room,65,2,7,2019-04-01,1.28,3,110
35318634,Boho Chic Apartment short walk from Central Park!,7933261,Angie,Manhattan,Upper East Side,40.76786,-73.95639,Entire home/apt,260,7,1,2019-06-21,1.0,1,43
33023192,Retro room in Astoria - 15m to Manhattan,248555214,Michelle,Queens,Astoria,40.76516,-73.92758,Private room,85,2,13,2019-06-28,3.79,2,13
36384487,Peace in NYC,108640056,Osi,Manhattan,Lower East Side,40.71421,-73.97853,Entire home/apt,350,1,0,,,1,131
12969014,Unique Artist's Apartment,9991075,Erika,Manhattan,Upper West Side,40.78116,-73.98104000000001,Entire home/apt,175,1,11,2018-07-07,0.33,2,0
3738529,True Industrial Loft in Brooklyn,19111611,Chaim,Brooklyn,Navy Yard,40.698170000000005,-73.9654,Entire home/apt,150,1,7,2016-07-11,0.12,1,0
7750,Huge 2 BR Upper East  Cental Park,17985,Sing,Manhattan,East Harlem,40.79685,-73.94872,Entire home/apt,190,7,0,,,2,249
34621157,Comfortable Private Room & Bathroom En-suite,261187437,Shasha,Brooklyn,Borough Park,40.6354,-74.00576,Private room,75,1,2,2019-05-23,1.07,6,151
29412276,New york Multi-unit building,221434490,Aracely,Queens,Jackson Heights,40.75473,-73.8715,Private room,45,2,22,2019-06-14,2.58,2,138
23614276,"Apto En la exclusiva zona Austin St, Forest Hills",176660539,Veronica,Queens,Forest Hills,40.71895,-73.84249,Private room,120,1,3,2018-10-07,0.29,1,322
4359219,Eagle-eye view of New York,20599015,Farrell,Brooklyn,Bedford-Stuyvesant,40.69103,-73.95441,Entire home/apt,285,2,37,2016-05-09,0.65,1,0
22007950,Bushwick/Brooklyn Charming Private Room,49735439,Merida,Queens,Ridgewood,40.69587,-73.9045,Private room,65,3,1,2018-05-31,0.07,2,125
14507274,Large Bright East Village Flat,849356,Margo,Manhattan,East Village,40.72652,-73.97938,Entire home/apt,162,5,22,2019-07-02,0.64,1,156
23077687,"Bright, spacious, and inviting home away from home",2616981,Lauren,Manhattan,Upper East Side,40.76354,-73.96189,Entire home/apt,135,4,3,2018-09-22,0.19,1,60
1481907,Charming BK Townhouse Home by Highland Park!,7938019,Megan,Brooklyn,Cypress Hills,40.68505,-73.8718,Entire home/apt,345,2,78,2019-06-30,2.49,1,185
30504465,Modern in heart of East Village,34222449,Eli,Manhattan,East Village,40.72531,-73.97973,Private room,105,2,0,,,1,8
10021643,Spacious Room -- Upper West Side,44118283,Guillaume,Manhattan,Upper West Side,40.79546,-73.97497,Private room,100,15,1,2016-02-15,0.02,1,0
8208285,Cute East Village 2 Bedroom Apt.,22572797,Amy,Manhattan,East Village,40.72504,-73.97905,Entire home/apt,180,1,146,2019-06-19,3.14,1,270
30908886,Chic and Lofty Studio Apartment in heart of SoHo,24755227,Mic,Manhattan,SoHo,40.7271,-74.00286,Entire home/apt,109,6,5,2019-07-01,0.84,1,9
24965233,"Cute, renovated 2 bedroom Apt. in East Village",89608382,Meghan,Manhattan,East Village,40.72522,-73.98205,Entire home/apt,224,3,4,2019-01-01,0.29,1,7
4270499,Cozy One Bedroom Apt - Astoria,22171095,George & Diana,Queens,Astoria,40.76369,-73.92291,Entire home/apt,125,2,112,2018-06-18,1.94,2,0
17532802,"Apartment in Sunset Park, Brooklyn",118913632,Ye,Brooklyn,Sunset Park,40.64028,-74.01262,Entire home/apt,100,7,0,,,1,0
30567265,A gem in Bushwick,61107296,Jessica,Queens,Ridgewood,40.70732,-73.91490999999999,Private room,65,1,3,2019-01-02,0.47,1,0
36449668,Stuyvesant Luxury,272265577,Yetunde,Brooklyn,Bedford-Stuyvesant,40.68927,-73.93665,Private room,50,1,0,,,2,134
24200751,2BR 3BD 1.5BA | Rooftop & Balcony | Airport PickUp,47424665,Brian,Queens,Ridgewood,40.70653,-73.90876999999999,Entire home/apt,280,2,42,2019-06-23,3.44,2,108
26210593,Bright  4-people room close to Manhattan,178543960,Sergii,Brooklyn,Greenpoint,40.71997,-73.94021,Shared room,35,30,0,,,10,343
33635292,Sonder | Stock Exchange | Sunny 1BR + Kitchen,219517861,Sonder (NYC),Manhattan,Financial District,40.70642,-74.01255,Entire home/apt,230,2,2,2019-06-24,1.5,327,319
23528984,"L’AFRIQUE, C’EST CHIC! - 2 Bedroom Apartment",37541532,Daapo,Brooklyn,Bedford-Stuyvesant,40.67716,-73.91418,Entire home/apt,110,1,59,2019-06-20,3.7,1,248
11610515,Opening my space while I travel,19479273,Ryan,Brooklyn,Bushwick,40.69019,-73.91574,Private room,45,1,0,,,1,0
24594717,"Large, Bright Midtown East 1 BR in Luxury building by Blueground",107434423,Blueground,Manhattan,Kips Bay,40.74112,-73.98009,Entire home/apt,271,30,0,,,232,326
2908211,"Lovely Park Slope Apt, Brooklyn",14019963,Kieran,Brooklyn,Park Slope,40.68006,-73.97759,Private room,105,2,88,2019-07-05,1.4,1,93
34153647,"Beautiful private Master Bedroom in
Bushwick!",2008510,Ben,Brooklyn,Bushwick,40.70395,-73.92585,Private room,65,4,3,2019-05-25,1.43,1,75
18889038,Quiet Bedroom in prime Park Slope!,80333891,Mai,Brooklyn,Park Slope,40.67386,-73.98439,Private room,40,7,2,2017-07-21,0.08,2,0
26087030,Charming bedroom with private bathroom,60908748,Maria,Brooklyn,Bushwick,40.7007,-73.921,Private room,100,1,5,2019-06-17,1.0,2,145
7246609,LES sunny and charming apartment,920222,Rosie,Manhattan,Lower East Side,40.72259,-73.99311,Entire home/apt,200,3,18,2019-01-02,0.37,1,188
20638833,Private room,147567811,Renaldy,Queens,Astoria,40.77326,-73.92676999999999,Private room,50,4,1,2017-09-22,0.05,1,0
15775049,Room in charming new apartment,16878736,Gabriela,Brooklyn,Bedford-Stuyvesant,40.67989,-73.94298,Private room,55,2,16,2019-01-01,0.52,1,311
28313234,"Private bedroom in Harlem, NY ..",15439251,Willy,Manhattan,Harlem,40.8224,-73.94136,Private room,70,3,17,2019-04-18,1.71,4,230
3517621,Amazing Renovated studio MurrayHill,1475015,Mike,Manhattan,Kips Bay,40.74318,-73.97858000000001,Entire home/apt,87,30,4,2019-06-30,0.07,52,343
28582698,"Private Studio, 5 minutes from JFK",63056614,Ana,Queens,Jamaica,40.671890000000005,-73.77769,Entire home/apt,65,2,40,2019-07-05,4.44,1,123
2283001,Gorgeous 1 bdrm in Carroll Gardens,10532769,Vanessa,Brooklyn,Carroll Gardens,40.68123,-73.99558,Entire home/apt,180,2,97,2019-07-06,1.83,1,24
21022616,1 bedroom completely renovated in Brooklyn,2195090,Thomas And Madalena,Brooklyn,Crown Heights,40.67292,-73.94136999999999,Entire home/apt,75,1,2,2017-10-01,0.09,1,0
19120316,Private Room in Brooklyn - Close to Subway!,132219056,Jason,Brooklyn,Bedford-Stuyvesant,40.69079,-73.93715999999999,Private room,42,1,38,2019-06-02,1.58,2,218
17141182,"Private, Clean, 1.5 Bedroom Apt",114157738,Alyssa,Manhattan,Morningside Heights,40.80338,-73.9636,Entire home/apt,100,1,19,2018-02-15,0.66,1,0
3383382,Modern 1 BR + terrace in Gramercy,908514,David,Manhattan,Kips Bay,40.73873,-73.98100000000001,Entire home/apt,165,2,25,2019-05-27,0.41,1,0
27030076,Cosy bedroom in Williamsburg,54658419,Pierre,Brooklyn,Williamsburg,40.7117,-73.9608,Private room,100,3,8,2019-05-13,0.69,2,0
11295918,"CLEAN, QUIET, COMFORTABLE APARTMENT",4671389,Samuel,Brooklyn,Prospect-Lefferts Gardens,40.66143,-73.95999,Private room,70,1,0,,,1,0
1815505,Peaceful Oasis. 25 mins. Manhattan,9509269,Carlos,Queens,Briarwood,40.71594,-73.82264,Private room,56,5,80,2019-06-08,1.16,2,298
14968000,Spacious Comtemporary 3BR Apartment,24805685,Saif,Brooklyn,Park Slope,40.67124,-73.98625,Entire home/apt,218,2,117,2019-07-08,3.41,1,226
31539570,Beautiful and cozy 2Br with private terrace,7225691,Jérôme,Manhattan,Lower East Side,40.72278,-73.98902,Entire home/apt,350,1,46,2019-07-01,7.89,2,342
14586448,★ Luxury FiDi Studio - Elevator and Gym ★,90270616,Shaun,Manhattan,Financial District,40.70617,-74.01529000000001,Entire home/apt,279,3,5,2016-12-31,0.15,1,0
23106518,A COZY NYC STUDIO APARTMENT 20 minutes to Union Sq,171668854,Marko,Queens,Ridgewood,40.71191,-73.90630999999999,Entire home/apt,60,4,2,2019-03-10,0.19,1,0
34943918,Enjoy Brooklyn... visit Manhattan,41131304,Salomé,Brooklyn,Bedford-Stuyvesant,40.68337,-73.93718,Entire home/apt,150,2,4,2019-06-23,3.16,1,66
7367913,Brooklyn oasis with breathtaking skyline view!,38606448,Hanna,Brooklyn,Bedford-Stuyvesant,40.68889,-73.95406,Private room,80,2,8,2018-08-27,0.17,1,281
27388568,Casa Finca Sanctuary Duplex w/ Private Garden,895135,Suanny,Brooklyn,Williamsburg,40.70732,-73.94536,Private room,130,3,12,2019-07-02,1.08,3,90
28367094,Fantastic Room in Bushwick,212071658,Brian,Brooklyn,Bushwick,40.69238,-73.90361,Private room,65,2,24,2019-06-10,2.59,5,351
25285637,Midtown east for 5 people,191011879,Conor,Manhattan,Midtown,40.75298,-73.96919,Entire home/apt,199,2,50,2019-06-21,3.74,2,92
21586883,Cute Astoria bedroom - close to midtown Manhattan,156994927,Billy,Queens,Astoria,40.76219,-73.9237,Private room,60,1,2,2018-04-06,0.12,1,0
36321920,Central Park Hidden Gem 5*,273078104,Luli,Manhattan,Upper East Side,40.76966,-73.96688,Entire home/apt,239,1,0,,,1,15
25810952,1 bed in the heart of Financial District of NYC,43279803,Chelsea,Manhattan,Financial District,40.709340000000005,-74.01001,Private room,80,3,34,2019-06-22,2.58,1,83
14037145,B crownheights queen size bed$100,83147028,Shirley,Brooklyn,Crown Heights,40.67011,-73.92544000000001,Private room,100,1,27,2018-10-30,0.75,2,365
19763298,Large-sunny-private room & bathroom in UES hi rise,12825778,Laura,Manhattan,Upper East Side,40.78273,-73.95048,Private room,46,3,23,2019-07-06,0.96,1,12
8595346,Elegant Brooklyn Heights 2 BR Apt,642004,John,Brooklyn,Brooklyn Heights,40.69162,-73.99252,Entire home/apt,250,30,6,2016-07-31,0.14,1,0
33400202,Four Points by Sheraton New York Downtown-7 Nights,5144567,Yun,Manhattan,Financial District,40.70832,-74.00755,Private room,169,7,1,2019-05-17,0.57,13,358
16651519,"Newly renovated 1BR apartment, 25 min to Manhattan",3019912,Michael And Meredith,Brooklyn,Sunset Park,40.65944,-73.98898,Entire home/apt,160,30,36,2019-06-10,1.21,1,53
30405178,Luxury Apartment in Midtown West,51937277,Jessica,Manhattan,Hell's Kitchen,40.75399,-73.99764,Entire home/apt,243,2,14,2019-05-26,1.89,1,93
35939805,Chill & Cozy bedroom in the heart of Brooklyn.,104423008,Mimi & Elen,Brooklyn,Bedford-Stuyvesant,40.68715,-73.94232,Private room,45,2,1,2019-06-29,1.0,1,6
10850008,Big Private BR Steps to Barnard Columbia & Subways,56197328,Paul,Manhattan,Morningside Heights,40.80732,-73.9648,Private room,128,1,33,2019-05-23,0.85,2,235
34894797,Upper Eastside Brownstone on E89th,263007016,Ed,Manhattan,Upper East Side,40.77838,-73.94792,Private room,125,1,0,,,1,0
33495663,luxury apartment near wall street,121431667,Ellen,Manhattan,Financial District,40.704640000000005,-74.0164,Entire home/apt,134,15,1,2019-06-23,1.0,1,2
21546050,"Luxury Apt, Balcony, Rooftop - 20min Central Park",3749848,Sem,Queens,Long Island City,40.76654,-73.93508,Entire home/apt,90,6,0,,,1,0
5112761,Master bedroom in Williamsburg,2638171,Renan,Brooklyn,Williamsburg,40.71577,-73.94604,Private room,90,3,0,,,1,364
30799010,Brand new building  with Manhattan view,52053537,Inna,Queens,Long Island City,40.75317,-73.94015,Entire home/apt,200,3,0,,,1,0
23219361,Cozy Studio near South Beach :-),59966705,Arek,Staten Island,Arrochar,40.59078,-74.07504,Entire home/apt,71,2,30,2019-06-14,1.8,1,306
13771529,"Beautiful, Clean, Private & Chic furnished Apt.",73717067,Nichole,Manhattan,Harlem,40.82661,-73.94165,Entire home/apt,100,4,6,2019-07-01,0.17,1,27
17104272,Private delightful & calming  Brownstone Room,23714657,Melani,Brooklyn,Bedford-Stuyvesant,40.69471,-73.93736,Private room,70,2,5,2018-12-31,0.27,1,272
4825359,Bright & Spacious GP/N Williamsburg,3800548,Phoebe,Brooklyn,Greenpoint,40.73176,-73.95371,Private room,70,4,6,2017-01-01,0.11,1,0
6742680,Spacious & Charming Duplex in Upper East,6028102,Ana,Manhattan,Upper East Side,40.77259,-73.95647,Entire home/apt,200,3,47,2019-03-24,0.95,1,0
9899970,Cozy Nolita Apartment,2574856,Audrey,Manhattan,Nolita,40.72051,-73.99513,Entire home/apt,225,2,29,2019-04-27,0.68,1,176
11175261,"Nice, Comfortable Cozy 1 Bedroom.",32124237,Damian,Brooklyn,Prospect-Lefferts Gardens,40.65505,-73.96086,Entire home/apt,100,4,4,2016-10-23,0.11,1,0
5742795,Big Bedroom in Huge Loft. W.37thNYC,29786027,Peter,Manhattan,Hell's Kitchen,40.75437,-73.99334,Private room,99,4,2,2015-06-14,0.04,1,0
25968756,Cute private bedroom in Stuyvesant Height.,161649470,Jaquayala,Brooklyn,Bedford-Stuyvesant,40.68315,-73.92913,Private room,50,1,1,2018-12-11,0.14,1,0
13622056,Luxury For Less In Downtown Manhattan,40425220,Lauren,Manhattan,Battery Park City,40.71617,-74.01468,Private room,225,1,1,2016-11-05,0.03,1,0
20665199,Two bedroom basement apartment!,73228035,Maimi,Brooklyn,East Flatbush,40.66047,-73.93743,Private room,150,3,0,,,2,0
32109492,Amazing Studio at the Time square area/5-3A,48146336,Irina,Manhattan,Hell's Kitchen,40.76165,-73.99351,Entire home/apt,130,30,2,2019-06-01,0.53,20,332
35314165,MODERN 3 BEDROOM APARTMENT NEAR CENTRAL PARK,166208155,Stanislaw,Manhattan,Hell's Kitchen,40.76828,-73.98755,Entire home/apt,250,3,3,2019-07-02,3.0,1,42
27134625,Garden apartment in the heart of Fort Greene,31619241,Caroline,Brooklyn,Fort Greene,40.68925,-73.97108,Entire home/apt,165,2,16,2019-06-20,3.72,1,29
36429652,Cute double room for the perfect Yankee fan,58222366,Dominique,Bronx,Claremont Village,40.83502,-73.91058000000001,Private room,125,2,0,,,1,364
15021635,Cute private bedroom in Bushwick. Close to subway.,61140228,Nadia,Brooklyn,Bushwick,40.7005,-73.9144,Private room,75,2,2,2018-12-22,0.29,1,0
34399801,Fabulous gut renovated apt 15 minutes to Midtown,21040187,Maja,Manhattan,Washington Heights,40.84367,-73.93728,Entire home/apt,95,7,1,2019-05-31,0.77,1,25
23456621,JFK/Queens House of Suedajoy#1(Disc by flexibility,175019394,Suzan,Queens,Jamaica,40.67183,-73.78025,Private room,60,1,83,2019-06-11,5.11,6,171
34723946,Suit3,257683179,H Ai,Queens,Flushing,40.76296,-73.80724000000001,Private room,42,1,7,2019-06-21,5.0,6,207
7728265,clinton Hill - bedsty,6623512,Nitzan,Brooklyn,Bedford-Stuyvesant,40.68446,-73.95779,Private room,32,7,0,,,1,0
22376956,Best view of the Empire State in all NYC!,707534,Nanda,Manhattan,Theater District,40.75462,-73.9864,Entire home/apt,330,2,9,2019-05-28,0.48,1,5
8719522,Charming Upper East Side apt,2610741,Olivia,Manhattan,Upper East Side,40.775,-73.95071,Entire home/apt,190,2,26,2019-07-01,0.58,1,42
9886735,Bohemian Room in 2 bdr apt.,17023017,Sade,Brooklyn,Crown Heights,40.66555,-73.95613,Private room,80,2,0,,,1,0
29763219,"Bright one bedroom.  Lorimer (J,M) broadway (G)",4858280,Anna,Brooklyn,Williamsburg,40.70343,-73.94894000000001,Entire home/apt,149,6,7,2019-05-29,0.96,1,4
10231620,Private 2 Bedroom Apt Minutes from Times Square,29452204,Cynthia,Manhattan,Hell's Kitchen,40.76124,-73.98897,Entire home/apt,155,2,0,,,1,0
13135904,"Cozy Studio in Times Square, NYC",10234636,Kunal,Manhattan,Hell's Kitchen,40.75855,-73.98931,Entire home/apt,99,30,19,2018-07-19,0.54,1,2
29761241,Midtown room in the center of the NYC universe.,215229943,Mark,Manhattan,Hell's Kitchen,40.76458,-73.98686,Private room,98,5,8,2019-05-26,0.98,1,179
9804299,Private room in Williamsburg,3285138,Raffi,Brooklyn,Williamsburg,40.71776,-73.9605,Private room,70,5,1,2016-01-05,0.02,1,0
33491297,Entire Apartment in Park Slope Brownstone,3208908,Julie,Brooklyn,Park Slope,40.68068,-73.97938,Entire home/apt,245,3,3,2019-06-12,1.29,1,35
8549497,My GREENPOINT apt just for you!,45003774,Fernando,Brooklyn,Greenpoint,40.73248,-73.95237,Entire home/apt,122,5,3,2016-08-24,0.07,1,189
18569422,Private room in beautiful home in Crown Heights,35741929,Assol,Brooklyn,Crown Heights,40.67101,-73.94543,Private room,70,2,52,2018-11-05,1.99,2,0
13100373,Incredible 3 BR Union Square Loft,38331104,Anna,Manhattan,Gramercy,40.736270000000005,-73.98986,Private room,100,7,0,,,1,0
22105065,Sunny One bedroom w. Outdoor Space - Williamsburg,983477,Kaylan,Brooklyn,Greenpoint,40.71951,-73.95277,Entire home/apt,175,2,9,2018-09-23,0.56,1,0
3772256,Modern Studio at The Manhattan Club,15765273,Schatzie,Manhattan,Midtown,40.76514,-73.98058,Private room,350,1,9,2018-08-25,0.2,1,0
4710488,Stunning Pre-war Penthouse Studio ,24344873,Christopher,Manhattan,Kips Bay,40.74512,-73.98040999999999,Entire home/apt,200,10,3,2016-01-01,0.05,1,0
13173176,"Large, New, Modern Uptown Room",9864136,Anthony,Manhattan,Harlem,40.82015,-73.94593,Private room,62,30,1,2016-07-17,0.03,26,188
30563655,BEST LOCATION -TIME SQUARE-Javits- Spacious 2BEDS.,229288524,Yan,Manhattan,Hell's Kitchen,40.75569,-73.99110999999999,Entire home/apt,128,5,0,,,2,142
34278223,Luxury for Single Traveler,3577413,Rj,Manhattan,Financial District,40.70599,-74.00515,Entire home/apt,139,7,2,2019-06-11,0.92,1,1
33347084,Studio in Brooklyn,75760509,Mohamed,Brooklyn,Gravesend,40.60245,-73.9814,Entire home/apt,80,2,3,2019-05-28,1.03,1,16
9736600,Furnished Apartment in Morningside,50235395,Nick,Manhattan,Morningside Heights,40.805690000000006,-73.96333,Private room,75,14,0,,,1,0
15126483,Kitschy Corner Bedroom on a Friendly Astoria Block,4811900,Bridget,Queens,Ditmars Steinway,40.77021,-73.90947,Private room,70,2,59,2019-05-27,1.77,2,232
29561222,Quite and Comfortable,222559543,Carmen,Brooklyn,East New York,40.6626,-73.87731,Private room,29,1,59,2019-07-05,7.25,2,54
548133,Chic One-Bedroom Apt,2694451,Shontae,Brooklyn,Clinton Hill,40.69073,-73.96762,Entire home/apt,135,3,28,2019-06-01,0.4,1,211
27699052,Cozy Brooklyn Room with private bathroom,8855004,Peach,Brooklyn,Bedford-Stuyvesant,40.68891,-73.95164,Private room,65,1,1,2018-08-20,0.09,1,0
16828918,Cute Room Perfect Downtown Location,29040298,Paulien,Manhattan,Little Italy,40.72043,-73.99706,Private room,64,3,0,,,1,0
3939535,JFK/LGA Queens Modern Apt.,20411855,Chuck,Queens,Briarwood,40.71009,-73.8196,Private room,70,3,64,2018-09-26,1.16,1,282
32166672,Cozy apartment close to Central Park,187849608,Florencio,Manhattan,Upper West Side,40.79097,-73.97412,Private room,180,1,3,2019-05-14,0.63,1,151
24244194,Full private bathroom inside private room :),176821276,Andrea,Manhattan,Harlem,40.82499,-73.95374,Private room,75,3,8,2018-08-13,0.54,1,0
13503251,Cozy room near la Guardia airport.,9055702,Sarah,Queens,Woodside,40.74428,-73.90898,Private room,65,1,18,2018-05-12,1.11,1,278
9215307,Beautiful Room: Charming Apt Central Williamsburg,3311487,Scott,Brooklyn,Williamsburg,40.71292,-73.96215,Private room,90,1,46,2019-06-09,1.04,3,16
10386831,Cozy Room in Boerum Hill,15895218,Amy,Brooklyn,Gowanus,40.68444,-73.98846999999999,Private room,62,2,1,2016-01-18,0.02,2,0
8760775,Lexington Avenue Luxury Condominium,45941254,Tianyou,Manhattan,Murray Hill,40.7494,-73.97823000000001,Private room,111,1,4,2015-10-30,0.09,1,0
32770484,"Big Gorgeous Room•A/C| Close NYC 
Modern & Clean",192187594,Joselyn,Queens,Maspeth,40.72504,-73.88976,Private room,55,2,9,2019-06-23,2.35,1,180
13935360,Bright & Sunny 2-Bedroom in Hamilton Heights,80560845,Shelley,Manhattan,Harlem,40.83136,-73.94843,Entire home/apt,100,4,4,2017-08-05,0.11,1,0
4745876,Urban sanctuary in the heart of NYC,21047204,Michael,Queens,Long Island City,40.74821,-73.94803,Entire home/apt,150,2,1,2014-12-31,0.02,1,0
24424607,"Next to Strawberry Fields, Central Park Manhattan",409965,Juan Carlos,Manhattan,Upper West Side,40.778290000000005,-73.97794,Private room,95,6,11,2019-06-30,0.76,1,219
20130471,Peaceful home in Bedstuy,10010083,Amanda,Brooklyn,Bedford-Stuyvesant,40.68317,-73.93553,Private room,60,3,26,2019-06-07,1.28,1,47
36237507,Amazing private bedroom next to Central Pk & Sub,272557714,Eva,Manhattan,Upper West Side,40.79993,-73.96475,Private room,137,3,0,,,1,44
5794806,Brooklyn Soul,257676,Linda,Brooklyn,Flatbush,40.65409,-73.96025,Private room,148,1,11,2019-01-04,0.22,2,90
6362227,"Cozy room with beautiful yard and huge, soft bed",28645487,Ilana,Brooklyn,Bushwick,40.6952,-73.92396,Private room,50,4,11,2018-09-23,0.48,1,0
4932139,Luxury in Best Location,25404246,Stacey,Manhattan,Nolita,40.72139,-73.99688,Entire home/apt,346,198,163,2018-11-21,2.96,1,0
23290041,Live Like a Local in East Williamsburg Studio Apt,32226468,Melissa,Brooklyn,Williamsburg,40.705290000000005,-73.93883000000001,Entire home/apt,37,4,2,2018-04-25,0.13,1,0
4129212,Large 1 Bedroom apartment with office room.,11555258,Patrick,Brooklyn,Kensington,40.644490000000005,-73.97238,Private room,50,3,8,2016-07-25,0.14,2,14
9544914,"King Bed, Private Room in Crown Heights, Comedian",22423049,Abraham,Brooklyn,Crown Heights,40.67157,-73.94117,Private room,36,2,100,2017-07-31,2.28,1,0
13639276,Sunny & Colorful Private BR in Crown Heights,30656620,Aliza,Brooklyn,Crown Heights,40.66887,-73.95291999999999,Private room,70,2,0,,,1,0
31935664,Luxury Private Bed Same Street As Subway!,219727469,Marcelo,Brooklyn,Bedford-Stuyvesant,40.67895,-73.91077,Private room,75,1,15,2019-05-09,3.06,4,52
27001229,Cozy quite room for 2,149296850,Septina,Brooklyn,Bedford-Stuyvesant,40.69359,-73.93911,Private room,80,2,3,2018-10-02,0.26,4,82
19409299,NIce one bedroom in midtown Manhattan,120762452,Stanley,Manhattan,Murray Hill,40.74843,-73.97715,Entire home/apt,175,30,1,2018-01-31,0.06,50,365
6051044,Private Garden View — Eco Home — 3 Min to Subway!,16139880,Ksenia & Masha,Brooklyn,Bedford-Stuyvesant,40.67815,-73.91518,Private room,40,3,101,2019-06-24,2.01,6,180
29512260,Beautiful  apartment!!,198730633,Ruth,Manhattan,Harlem,40.81223,-73.95284000000001,Entire home/apt,298,1,16,2019-06-23,2.0,2,300
10784650,"East Village 3 Beds, 2 bedrooms. Sleeps 5  MAX",48320077,Michael,Manhattan,East Village,40.7276,-73.98635,Entire home/apt,219,1,101,2019-07-01,2.46,2,341
7246159,Charming apt on UWS 8/3-8/7,31245915,Jenna,Manhattan,Upper West Side,40.79024,-73.97910999999999,Entire home/apt,200,1,0,,,1,0
36270801,One Bedroom Walk to Central Park or Times Square!,159239228,Touie,Manhattan,Hell's Kitchen,40.76595,-73.98661,Entire home/apt,190,4,0,,,1,158
17366042,An Oasis in the Big Apple,40032009,Arianna,Manhattan,Morningside Heights,40.80391,-73.96576,Entire home/apt,140,5,0,,,2,0
12805625,"Sunny, modern apartment in Lower East Side",5826163,Ayesha,Manhattan,Lower East Side,40.71989,-73.98557,Private room,90,4,1,2019-04-28,0.42,1,90
21635457,"Entire 2 Bdrm Duplex Bushwick Brooklyn, Sleeps 6",157430725,Fiona,Brooklyn,Bushwick,40.6994,-73.93366999999999,Entire home/apt,120,1,94,2019-07-03,5.03,3,240
35285031,Luxury and stylish 2-BR condo clsoe to LGA Airport,187264773,Mark,Queens,East Elmhurst,40.76011,-73.88833000000001,Entire home/apt,149,2,7,2019-07-01,5.83,1,341
12984848,"Private Room in Greenpoint, Brooklyn",183504,Chris,Brooklyn,Greenpoint,40.73547,-73.9545,Private room,45,28,9,2019-06-01,0.37,1,332
35845267,"Modern Astoria ""Crib""",269635110,Niko,Queens,Long Island City,40.75527,-73.93125,Entire home/apt,125,2,1,2019-06-23,1.0,1,346
34772058,"Entire home in Crown Heights, Brooklyn",30873439,Margarita,Brooklyn,Crown Heights,40.66752,-73.95466,Entire home/apt,90,2,5,2019-06-22,5.0,1,22
27610245,Brand New 1 Bedroom w/Parking-25 Mins to Manhattan,59765638,Philip,Queens,Douglaston,40.76561,-73.7464,Entire home/apt,125,3,16,2019-06-19,1.51,1,123
360400,Beautiful Room in Manhattan Loft,1386983,Candice,Manhattan,Midtown,40.74553,-73.98943,Private room,135,3,214,2019-06-02,2.45,2,167
15450848,A Life in Brooklyn,25010766,Joseph,Brooklyn,Bedford-Stuyvesant,40.68998,-73.93058,Entire home/apt,150,2,61,2017-09-02,1.83,1,0
35467286,Beautiful studio basement in Bushwick,14763957,Giuliana,Brooklyn,Bushwick,40.70364,-73.92679,Private room,58,2,0,,,1,57
13671936,Playful Room in Techie Loft,9371652,Albert,Brooklyn,Williamsburg,40.70704,-73.93763,Private room,50,2,1,2017-05-27,0.04,1,0
19635738,Maison 130,6920054,Joseph,Manhattan,Chelsea,40.73978,-73.9963,Shared room,250,1,0,,,1,0
1392144,3-Bed Brownstone on Beautiful Block,1873589,Jill,Brooklyn,Crown Heights,40.67071,-73.94752,Entire home/apt,250,5,25,2019-01-02,0.35,1,220
24366897,Modern & Stylish 1 Bed Manhattan w/ Private Garden,183886601,Lee,Manhattan,Inwood,40.87001,-73.92418,Entire home/apt,120,30,3,2019-03-03,0.22,2,27
8047711,"Clean, Modern, Minimal Bedroom",23027887,John,Brooklyn,Greenpoint,40.72569,-73.95179,Private room,55,4,2,2015-12-30,0.04,1,0
33617342,Brooklyn Spacious Sunny Apartment,39828340,Pascale,Brooklyn,Crown Heights,40.66431,-73.95083000000001,Private room,200,1,0,,,1,0
9679935,"Wyndham Resort Midtown 45 NYC Studio Sep 1-4, 2019",24199235,Dar,Manhattan,Midtown,40.75328,-73.97211999999999,Private room,224,3,0,,,1,3
32477130,Sunny Artist's Loft,38786890,Sancar,Brooklyn,Clinton Hill,40.69151,-73.96059,Entire home/apt,120,3,2,2019-05-03,0.82,1,113
4211276,"Beautiful, Spacious Brooklyn Home ",21064917,Alissa,Brooklyn,Prospect-Lefferts Gardens,40.66302,-73.95198,Entire home/apt,275,3,3,2015-01-01,0.05,1,0
25426171,Private room w/ pvt entrance near Times Sq 32C,190921808,John,Manhattan,Hell's Kitchen,40.7551,-73.99651,Private room,55,7,9,2019-05-21,0.91,47,324
28083998,Private Room Family & Friendly,210297251,Grisel,Brooklyn,Crown Heights,40.67718,-73.95852,Private room,70,2,1,2018-09-14,0.1,1,0
32676186,Large One Bedroom Double With Kitchen in Manhattan,244559229,Stewart Hotel,Manhattan,Chelsea,40.74963,-73.99141,Private room,100,1,3,2019-06-11,1.8,9,269
32695731,New York City - Double Room (A140),244746656,William,Manhattan,Midtown,40.75169,-73.97335,Entire home/apt,315,1,0,,,4,3
17780857,"SUPER HIGH END condo, roof deck, Ditmas Park Bklyn",121429669,Elizanda,Brooklyn,Kensington,40.63052,-73.97161,Private room,250,2,0,,,1,365
6245521,Ensuite Redroom,9922972,Memo & Iso,Brooklyn,Bedford-Stuyvesant,40.68403,-73.93641,Private room,35,1,162,2019-06-20,3.2,5,162
18225813,Pendulum Palace,44785461,William,Brooklyn,Williamsburg,40.70655,-73.95405,Private room,69,15,0,,,1,0
32564618,Furnished apartment United nation! Doorman 5243,16098958,Jeremy & Laura,Manhattan,Midtown,40.75619,-73.9654,Entire home/apt,135,30,0,,,96,306
12472230,Cozy Cat Cave in Bushwick,51520084,Samantha,Brooklyn,Bedford-Stuyvesant,40.69687,-73.93542,Private room,60,1,0,,,1,0
33528090,Sonder | 21 Chelsea | Vibrant 1BR + Rooftop,219517861,Sonder (NYC),Manhattan,Chelsea,40.7425,-73.99443000000001,Entire home/apt,260,29,0,,,327,365
30591122,Cosy private bedroom in Williamsburg!,229469300,Alisa,Brooklyn,Williamsburg,40.70855,-73.95071999999999,Private room,55,2,2,2019-05-10,0.75,2,4
8952816,CHARMING  ROOM CLOSE TO MANHATTAN,45416627,Lolita,Queens,Astoria,40.76786,-73.92433,Private room,45,1,137,2019-06-16,3.06,9,283
35713130,Private 2BR apartment in Historic Hell’s Kitchen,268276813,Andy,Manhattan,Hell's Kitchen,40.7645,-73.99434000000001,Entire home/apt,300,1,0,,,3,362
33112368,Ysa's room,249243301,Ysa,Bronx,Mount Hope,40.8477,-73.90988,Private room,24,2,2,2019-05-01,0.68,1,0
6812924,Charming 1BD- 10 min to Manhattan & Central Park,19109608,Elle,Queens,Astoria,40.76219,-73.91963,Entire home/apt,135,1,229,2019-06-16,4.65,3,89
7516218,Modern 1 Bedroom in Dumbo / Vinegar Hill,60046,John,Brooklyn,Vinegar Hill,40.70146,-73.98188,Entire home/apt,225,30,23,2019-06-11,0.49,1,268
19830557,Modern room in renovated Williamsburg apartment,28819052,Taylor,Brooklyn,Williamsburg,40.71379,-73.94207,Private room,80,2,95,2019-06-22,4.09,1,51
36018750,Spacious private room - minutes to Manhattan train,22534862,Christina,Queens,Rego Park,40.72364,-73.85605,Private room,100,1,0,,,1,341
34568205,Private 1br Apartment for Your Brooklyn Experience,646592,Damien,Brooklyn,Bedford-Stuyvesant,40.68758,-73.9195,Entire home/apt,94,4,3,2019-06-28,1.8,1,9
15783766,Cozy easy village apartment in central location,1546439,Isabel,Manhattan,East Village,40.72868,-73.99036,Private room,50,4,1,2016-11-28,0.03,1,0
9809911,Classic Brooklyn Charm,50537550,Howard,Brooklyn,Bedford-Stuyvesant,40.68441,-73.91625,Entire home/apt,185,2,24,2019-06-24,0.56,1,365
26911755,Eclectic sun-filled LES one bedroom,16253164,K,Manhattan,Lower East Side,40.71536,-73.98951,Entire home/apt,110,5,3,2019-03-16,0.28,1,1
15894199,Crown Heights Duplex Apt.,103087934,Martha,Brooklyn,Crown Heights,40.67567,-73.93744000000001,Entire home/apt,158,4,61,2019-05-31,1.92,1,264
18579690,HOUSE WITH 2 ENTRANCES 15min TO MANHATTAN,30237517,David,Queens,Forest Hills,40.73412,-73.8509,Entire home/apt,278,2,16,2018-07-12,0.62,6,0
3860762,Amazing Big Sunny Room with Porch,1908606,Suleman,Brooklyn,Bedford-Stuyvesant,40.689890000000005,-73.95428000000001,Private room,72,5,0,,,1,88
7664789,Cozy room in the heart of Astoria/10 min Manhattan,433207,Maryann,Queens,Astoria,40.76205,-73.91379,Private room,45,1,190,2019-07-07,5.2,2,132
7151565,"Bottom half of duplex, Williamsburg",37453881,Hadrien,Brooklyn,Williamsburg,40.71827,-73.94258,Private room,95,1,6,2018-10-20,0.17,1,0
8224368,Bushwick Brooklyn Morgantown Oasis,4591602,Alec & Laura,Brooklyn,Bushwick,40.7043,-73.92719,Private room,120,2,78,2019-06-03,1.79,1,206
26996466,Lumber lodge,167459000,Adrian,Brooklyn,Bushwick,40.69482,-73.91096,Private room,60,1,0,,,1,5
32731541,HUGE duplex floor for share with 1 girl,49758877,Karina,Brooklyn,Bedford-Stuyvesant,40.69348,-73.94757,Shared room,30,18,8,2019-06-23,1.89,1,27
26160236,Beautiful Exposed Brick Williamsburg 2 bedroom,8871034,Sarah,Brooklyn,Williamsburg,40.71002,-73.96333,Entire home/apt,175,5,21,2019-04-14,1.72,1,0
28041818,Bedroom Two  in Private House Near JFK Airport,206714649,Cando,Queens,South Ozone Park,40.67296,-73.79658,Private room,80,1,75,2019-07-05,9.34,3,57
30862301,Pvt entrance lower level apt w/cable-wi-fi pvt bth,22983583,Jannette,Queens,Woodhaven,40.69545,-73.86084,Private room,30,2,8,2019-06-09,1.76,1,0
22703920,"Central  Brooklyn Beautiful Rooms
Room Florence
#1",167098774,Keisha,Brooklyn,Canarsie,40.63905,-73.89243,Private room,55,2,20,2019-06-24,1.4,3,177
15307603,Beautiful Large Room,92195100,Airamis,Bronx,Bronxdale,40.85236,-73.86632,Private room,35,1,114,2018-10-09,3.48,1,0
31148486,One bedroom apartment,36205885,Eddy,Queens,Ridgewood,40.70632,-73.91181999999999,Entire home/apt,75,1,9,2019-02-01,1.4,3,132
9839017,The new MBnb: No Breakfast. All Business.,3510997,Joe,Manhattan,Harlem,40.82545,-73.94969,Entire home/apt,149,31,24,2019-06-30,0.58,1,149
9842363,Luxury apartment across One World,50680790,Felipe,Manhattan,Financial District,40.7088,-74.01455,Entire home/apt,275,2,0,,,1,0
19017889,2bed Williamsburg Loft w Roof Access + City Views,92342,Ashley,Brooklyn,Williamsburg,40.72059,-73.95846999999999,Entire home/apt,220,3,42,2018-11-04,1.71,1,0
27297152,LUXURY 1 BR IN CHELSEA-24 HR GYM & SKYLINE VIEWS,200380610,Pranjal,Manhattan,Chelsea,40.74631,-73.99121,Entire home/apt,320,30,0,,,65,364
14369923,"Bright, Welcoming 2 Bedroom Apt in Clinton Hill",24897395,Laura,Brooklyn,Bedford-Stuyvesant,40.68844,-73.95442,Entire home/apt,111,2,2,2017-07-05,0.08,1,0
10038693,Studio Loft in Brooklyn,47554473,Henry Norman,Brooklyn,Greenpoint,40.727340000000005,-73.94451,Entire home/apt,189,3,7,2019-05-07,0.21,13,74
8100914,Beautiful Apt on the UpperWest,20739852,Jenn,Manhattan,Upper West Side,40.79494,-73.97221,Entire home/apt,168,1,2,2016-01-06,0.04,1,0
10990088,"Downtown, Renovated 2 Bedroom Apt",24361297,Summer,Manhattan,Chinatown,40.71781,-73.99569,Entire home/apt,100,1,0,,,1,0
16288234,Spacious room in Historical District Brownstone,106546614,Raymond,Brooklyn,Bedford-Stuyvesant,40.683690000000006,-73.94193,Private room,40,7,0,,,1,0
32900798,The Inspired Artist,21967943,Elise,Brooklyn,Bushwick,40.7006,-73.93018000000001,Private room,95,1,6,2019-05-10,1.58,1,0
13250303,Single room in Bed-Stuy,38322121,Pierre-Alexis,Brooklyn,Bedford-Stuyvesant,40.69484,-73.95852,Private room,70,3,2,2016-06-23,0.05,1,0
6302423,Perfectly Located West Village Loft,31913986,Rachel,Manhattan,West Village,40.73318,-74.00745,Entire home/apt,245,3,62,2019-06-23,1.23,1,350
32398138,"Modern and  spacious apt in Kips Bay, NYC!",30283594,Kara,Manhattan,Kips Bay,40.74378,-73.97355999999999,Entire home/apt,239,29,0,,,121,364
33451888,"Super comfy Bushwick getaway, 4 min. from the M!",50737287,D'Arcy,Brooklyn,Bushwick,40.69814,-73.9219,Private room,40,2,1,2019-04-30,0.43,1,0
22906559,Sunny City Escape,2076284,Rachel,Queens,Ridgewood,40.70701,-73.90949,Private room,50,2,0,,,1,0
24120512,Live in our Bushwick Townhouse,17200390,Nabeel,Brooklyn,Bushwick,40.69211,-73.90634,Private room,60,12,0,,,1,14
23059611,"Modern, hip, light drenched apartment.",12502207,Micah,Brooklyn,Vinegar Hill,40.70312,-73.98416,Entire home/apt,130,30,3,2019-01-05,0.24,1,339
11737524,Sunny studio in Greenpoint,11544181,Aram,Brooklyn,Greenpoint,40.72522,-73.94124000000001,Private room,89,1,199,2019-06-23,5.07,1,114
31143457,Empire State Building Views in Luxury 1 Bedroom,4783028,Emma,Manhattan,Midtown,40.75334,-73.98719,Entire home/apt,250,2,4,2019-06-10,1.12,1,0
2165933,Furnished one bedroom in Midtown West.,11051885,Gregory,Manhattan,Theater District,40.76252,-73.98376,Entire home/apt,200,30,2,2017-12-06,0.05,1,339
2771126,Large Loft in Brooklyn  w/ Deck,2333018,Max,Brooklyn,Clinton Hill,40.68998,-73.96072,Entire home/apt,142,10,8,2019-01-03,0.13,1,157
7355158,Artistic Brooklyn Apartment,12644018,Mary,Brooklyn,Bushwick,40.70055,-73.92193,Private room,150,1,0,,,1,0
30285056,"LOVELY, SPACIOUS FURNISHED MANHATTAN BEDROOM",31374,Shon,Manhattan,Inwood,40.86328,-73.92184,Private room,50,3,0,,,3,96
28227271,Private Room in Fort Greene Gem,33522184,May,Brooklyn,Fort Greene,40.68629,-73.97589,Private room,75,5,6,2019-05-27,0.63,1,167
3819703,5107-Studio Doorman GYM LuX,16098958,Jeremy & Laura,Manhattan,Upper West Side,40.79082,-73.97452,Entire home/apt,140,30,4,2017-09-04,0.09,96,342
21942984,3 Bedroom Prime Park Slope 6th Ave/Barclays Center,157788926,Josh,Brooklyn,Park Slope,40.67913,-73.97476999999999,Entire home/apt,199,2,45,2019-06-09,2.34,1,302
24725794,"Cozy Basement Studio in the Heart of Harlem, NYC",186905487,Brayan,Manhattan,Harlem,40.80863,-73.95503000000001,Entire home/apt,92,2,68,2019-06-23,4.76,1,32
31502639,Comfortable room close to train 30 min to Times Sq,235073206,Julianna,Manhattan,Harlem,40.82049,-73.94505,Private room,75,1,21,2019-06-17,4.09,4,351
9315567,I am Minutes from it All.,48351548,Kandisann,Manhattan,Harlem,40.80157,-73.95407,Private room,65,1,11,2016-07-04,0.25,1,0
33110021,Big private room,211906172,Sercan,Queens,Rego Park,40.724070000000005,-73.86585,Private room,70,4,0,,,1,365
13429535,Sunny Williamsburg Haven,3078690,Zack,Brooklyn,Williamsburg,40.71256,-73.94785,Private room,80,5,0,,,1,0
1954495,East Village gem!,10102809,Jennifer,Manhattan,East Village,40.7281,-73.98671,Entire home/apt,100,3,2,2014-12-19,0.03,1,0
10360144,Live like a local in NYC! Next to Ditmars subway,16823940,Missy,Queens,Ditmars Steinway,40.77673,-73.90993,Private room,40,2,8,2019-06-08,0.2,2,229
13432348,River Views! - Lux 1BR Apt near Midtown,30283594,Kara,Manhattan,Hell's Kitchen,40.76108,-73.99812,Entire home/apt,239,30,1,2018-01-13,0.06,121,357
9973134,Location Location!! 1 bed apt,7614268,Ronnie,Manhattan,West Village,40.73299,-74.00444,Entire home/apt,139,7,0,,,1,0
22796694,room 3 Manhattan private room,164886138,Eliahu,Manhattan,Harlem,40.81376,-73.95354,Private room,69,2,4,2018-10-28,0.29,11,180
20075554,CROWN HEIGHTS GUEST HOUSE 2L2R,74541079,Abraham,Brooklyn,Crown Heights,40.66888,-73.93638,Entire home/apt,199,3,5,2019-06-09,0.42,9,72
11573292,Cool East Village apt,59493714,Mirinda,Manhattan,East Village,40.72367,-73.98401,Private room,109,3,0,,,1,0
20757599,Manhattan view in Bushwick,80897490,Steven,Brooklyn,Bedford-Stuyvesant,40.69099,-73.92657,Private room,50,1,1,2017-09-07,0.04,1,0
29392681,Cozy Apartment in Upper West Side New York,220414847,Sergio,Manhattan,Upper West Side,40.78818,-73.96795999999999,Entire home/apt,190,3,37,2019-07-01,4.64,1,120
19414813,1BR - Heart of West Village - 30 Day Min - Unit 2,4422523,Marie,Manhattan,West Village,40.73392,-74.00354,Entire home/apt,150,30,3,2019-01-24,0.17,6,286
15620833,Only Steps Away from Central Park,95623010,Chad & Noel,Manhattan,Upper West Side,40.7762,-73.97944,Entire home/apt,185,2,145,2019-06-26,4.59,1,215
27654829,Spacious Union Square / Greenwich Village Home,113697596,Mitchell,Manhattan,Chelsea,40.73639,-73.99318000000001,Private room,200,4,13,2019-05-20,1.23,1,172
30015731,1 Bedroom Spacious and Cozy UWS Apartment,43043667,Dina,Manhattan,Upper West Side,40.78105,-73.97633,Entire home/apt,249,2,13,2019-02-28,1.82,1,0
13785383,Cute and Cozy 1 BDR In West Harlem,80275136,Lisa,Manhattan,Harlem,40.82408,-73.95434,Entire home/apt,120,3,0,,,1,0
55668,"NOHO/EAST VILLAGE, PRIVATE 1/2 BATH",88209,Jason,Manhattan,NoHo,40.72773,-73.99134000000001,Private room,130,2,115,2018-12-05,1.17,1,75
15232776,2 Bedroom in the heart of Williamsburg,12334451,Nina,Brooklyn,Williamsburg,40.71958,-73.96123,Entire home/apt,350,2,19,2019-06-30,0.58,1,179
5850978,"Huge, central & artsy Park Ave apt!",2843970,M&J,Manhattan,Flatiron District,40.74121,-73.98648,Entire home/apt,220,1,1,2015-06-17,0.02,1,0
29994675,Near 5 major trains in 1 subway station!,225489491,Ikwo,Brooklyn,Bedford-Stuyvesant,40.67773,-73.90865,Private room,40,2,4,2019-06-15,1.67,1,363
16219145,Loft Studio in Heart of Fort Greene,40721357,Randi,Brooklyn,Fort Greene,40.68814,-73.97452,Entire home/apt,150,2,34,2019-05-27,1.11,1,3
33592474,Private Room Near Q Train in Brooklyn,197368927,Cebile,Brooklyn,Sheepshead Bay,40.60765,-73.95392,Private room,65,1,4,2019-07-07,2.26,8,359
624222,"Spacious apt in South Harlem, steps to subways !",3097033,Aida,Manhattan,Harlem,40.80352,-73.95127,Entire home/apt,136,2,15,2019-04-27,0.18,2,6
20171578,Experience the heart of Hell's Kitchen.,126641287,Larry Raul,Manhattan,Hell's Kitchen,40.76505,-73.98756999999999,Private room,140,2,54,2018-05-22,2.36,1,0
1245977,Charming Prewar on Prospect Park!,6789857,Dayna,Brooklyn,Prospect Heights,40.67321,-73.96574,Entire home/apt,99,5,12,2017-06-29,0.25,1,0
9510158,Luxury Stay in my 2brm humble abode,21366569,Quentin,Manhattan,Hell's Kitchen,40.7638,-73.99298,Entire home/apt,220,5,49,2019-05-31,1.15,2,251
11530901,Modern Condo in Heart of Harlem,42535703,Fma,Manhattan,East Harlem,40.79922,-73.94677,Private room,120,3,0,,,2,0
34791645,Mott Haven Dorm FF,30509656,Orit,Bronx,Port Morris,40.80858,-73.93164,Shared room,28,1,10,2019-06-23,6.82,8,351
25355845,Super Charming 1 Bedroom  in the Heart of Chelsea,21705284,Dani,Manhattan,Chelsea,40.74388,-73.99631,Entire home/apt,200,2,71,2019-06-18,5.23,1,230
31355295,Private Sunny Room (D) in Historic Townhouse,28428851,Christine,Brooklyn,East Flatbush,40.65144,-73.94659,Private room,80,2,0,,,2,27
17573027,Charming Room in Financial District,1794149,Alex,Manhattan,Financial District,40.70682,-74.00445,Private room,75,2,3,2017-03-26,0.11,1,0
9712682,Brownstone 1 BR with Huge Backyard,2412806,Amadou,Brooklyn,Fort Greene,40.68792,-73.97904,Entire home/apt,210,2,115,2019-06-21,2.66,1,247
1148279,Family Owned & Operated Brownstone,6294856,Yoki,Brooklyn,Bedford-Stuyvesant,40.68018,-73.94839,Private room,60,3,140,2019-01-01,1.87,1,189
22852435,SUITE BKLYN - Private 1 Bedroom Apartment,169012324,Salisha,Brooklyn,East Flatbush,40.63767,-73.94011,Entire home/apt,80,90,23,2018-09-15,1.38,1,156
25356696,Spacious room w/ ensuite in heart of East Village,6101536,Josh,Manhattan,East Village,40.72852,-73.99009000000001,Private room,150,3,34,2019-06-28,2.91,1,3
25767363,Luxurious New Building in the Heart of Bushwick,2152359,Alexandre,Brooklyn,Bushwick,40.69905,-73.92466,Entire home/apt,220,4,0,,,1,0
28385896,Room w Roof in Trendy Renovated E Williamsburg Apt,6892946,Danite,Brooklyn,Williamsburg,40.70568,-73.94282,Private room,70,10,2,2018-11-19,0.21,1,0
30089600,Spacious Apt with Charm & Character,113569564,Talia,Bronx,Riverdale,40.88511,-73.90831,Entire home/apt,175,3,5,2019-04-08,0.77,1,0
14187014,Beautiful cozzy apartment in the Upper East Side,85986280,Marushka,Manhattan,Upper East Side,40.76848,-73.96014,Entire home/apt,109,1,25,2019-06-23,0.75,1,0
171776,Gorgeous 1 bdrm in huge duplex!,803086,Benton,Manhattan,Harlem,40.802240000000005,-73.94558,Private room,170,2,17,2015-10-01,0.18,2,88
28959608,The Green Atelier of Park Slope,5085951,Liz,Brooklyn,Park Slope,40.67702,-73.97907,Private room,100,2,22,2019-06-27,2.59,1,292
10233196,The Suite Spot @ Washington Heights,51169036,Francois & Keith,Manhattan,Washington Heights,40.83473,-73.93858,Private room,77,1,89,2019-05-27,2.29,1,228
32514722,"Relaxed home, middle of Lower East! Side!",165725362,Janey,Manhattan,Chinatown,40.71358,-73.99091,Entire home/apt,150,30,7,2019-06-03,1.84,2,88
7194138,Nice Carroll Gardens 2BR by F Train,16782665,Andrew,Brooklyn,Carroll Gardens,40.6748,-74.00005999999999,Entire home/apt,200,2,28,2016-12-20,0.59,1,0
168084,Light-filled East Village Delight,800982,Chris,Manhattan,East Village,40.72578,-73.97879,Entire home/apt,190,3,147,2019-06-30,1.6,1,27
22001621,Entire Loft Style 1BR Apartment in Greenpoint,103863147,Gabriele,Brooklyn,Greenpoint,40.73388,-73.95536,Entire home/apt,159,3,32,2019-06-18,1.67,1,56
30288537,The most expensive neighborhood.,52424735,Eric,Manhattan,West Village,40.73807,-74.00468000000001,Private room,80,4,10,2019-06-30,1.43,1,26
29629862,Private room in huge Soho apartment,4341365,Sophie,Manhattan,SoHo,40.72243,-74.00027,Private room,80,5,1,2019-03-05,0.24,1,0
10148955,Gorgeous 2BDRM Apartment,7342535,Chris,Brooklyn,Clinton Hill,40.68142,-73.95889,Entire home/apt,210,1,3,2016-02-14,0.07,1,0
4308633,Wonderful Willi!,22364611,Basil,Brooklyn,Williamsburg,40.71603,-73.9547,Private room,94,2,46,2019-06-03,0.9,1,267
2267006,Stunning 1BR Brooklyn Loft,7503643,Vida,Brooklyn,Greenpoint,40.72537,-73.94076,Entire home/apt,149,30,0,,,52,330
29920808,Nice and spacious 1-bedroom apartment in Astoria,182313432,Laura,Queens,Astoria,40.76635,-73.90812,Entire home/apt,100,5,2,2019-06-11,0.32,1,40
30418905,Private Room In Brooklyn Community House,35746135,Lionel,Brooklyn,Borough Park,40.6289,-73.97683,Private room,35,1,9,2019-03-30,1.23,2,0
6657134,"Spacious 2BR/2BA, Great Location!",1131394,Jeremy,Manhattan,Upper East Side,40.78071,-73.95309,Entire home/apt,240,5,4,2019-02-23,0.09,1,0
679633,Cozy 1 bedroom apartment in NYC,3458785,Glauce,Queens,Ditmars Steinway,40.77987,-73.91565,Entire home/apt,75,3,1,2012-09-18,0.01,1,0
29160599,Private bedroom in Washington Heights,219746152,Sonia And Lissette,Manhattan,Washington Heights,40.83788,-73.9402,Private room,60,3,8,2019-06-10,1.15,1,2
30013315,New Bedroom in a nice apartment,19797950,Shepherd,Brooklyn,Gowanus,40.66736,-73.99467,Private room,53,1,0,,,3,317
26473415,New York Home at Times Square,9638257,Mayur,Manhattan,Theater District,40.75934,-73.98755,Private room,85,4,14,2019-06-29,1.98,1,33
33127817,"Master bedroom in sunny, renovated, corner apt",2537981,Laura,Brooklyn,Bushwick,40.6951,-73.92898000000001,Private room,78,3,0,,,1,105
16568275,"BEST DEAL, PERFECT LOCATION in Downtown, Manhattan",109142193,Liang,Manhattan,Greenwich Village,40.73083,-73.9943,Private room,69,4,0,,,1,0
13546425,Room in ground level brownstone with private yard,9501536,Morgan,Brooklyn,Bedford-Stuyvesant,40.6829,-73.93935,Private room,60,2,2,2016-07-11,0.05,1,0
9173061,Walk to Times Square and More!,8167329,Katie,Manhattan,Hell's Kitchen,40.76236,-73.99261,Entire home/apt,95,1,6,2016-05-16,0.14,1,0
13082588,Modern and Clean Upper East Side Studio,17671924,Emily,Manhattan,Upper East Side,40.770790000000005,-73.95949,Entire home/apt,100,2,2,2016-07-17,0.05,1,0
12738047,clean and tidy separated livingroom,21492250,Zhenyu,Manhattan,Upper West Side,40.79997,-73.96529,Shared room,80,5,0,,,1,0
9128491,Rooftop View from Brooklyn,47549695,Lena,Brooklyn,Crown Heights,40.67846,-73.96242,Private room,60,4,2,2016-05-28,0.05,1,0
16781601,Room 14,74633496,Justine,Bronx,University Heights,40.8562,-73.90899,Private room,43,3,36,2019-06-10,1.26,5,365
9863626,"Private room in charming, comfortable & bright apt",11402864,Milen,Brooklyn,Crown Heights,40.66891,-73.9533,Private room,50,2,4,2017-07-24,0.1,1,0
25188064,Beautiful Cozy Apt near Subway - Historic Brooklyn,11501956,Karine,Brooklyn,Bedford-Stuyvesant,40.68273,-73.91651,Entire home/apt,150,3,28,2019-06-29,2.04,1,316
31736343,Penthouse studio. Clean. A+ location Cafe&Park :),42153340,Boomer,Brooklyn,Greenpoint,40.72328,-73.94969,Entire home/apt,120,2,2,2019-02-19,0.42,2,0
24561311,Harlem Retreat Living Room NYC,17345576,Kimberly,Manhattan,Harlem,40.80322,-73.94488,Shared room,65,30,0,,,1,342
13444490,"Bright, spacious one bedroom in the East Village",1671824,Zoe,Manhattan,East Village,40.72471,-73.98891,Entire home/apt,106,3,0,,,1,0
975229,Prime East Village location w/backyard garden!,5333736,Timothy,Manhattan,East Village,40.73055,-73.98875,Entire home/apt,159,4,65,2019-06-16,0.85,1,1
6726337,Beautiful 2 Bedroom Apartment!! NYC,21444167,Rony,Bronx,Kingsbridge,40.88238,-73.90689,Entire home/apt,159,3,8,2019-06-02,0.17,2,112
31677408,Perfect Upper West Side Studio,28334703,Stephen,Manhattan,Upper West Side,40.77974,-73.97973,Entire home/apt,150,4,2,2019-06-26,0.71,1,7
17014341,Spacious Studio in E Flatbush,104122404,Vanessa,Brooklyn,East Flatbush,40.63844,-73.92868,Entire home/apt,91,1,117,2019-06-19,3.99,1,60
32364848,A Place for Pet Lovers,24879404,Jackson,Brooklyn,Flatbush,40.64612,-73.9608,Private room,40,1,7,2019-05-31,1.86,1,61
27284611,Beautiful Bedroom in Brand New Apartment! 3R-4,205530337,Nina,Queens,Ridgewood,40.70378,-73.90581999999999,Private room,45,30,1,2018-11-30,0.14,8,163
35837998,Large 2-bedroom 2-bath Apt by Central Park,8066407,Vladimir,Manhattan,Harlem,40.79981,-73.95436,Entire home/apt,250,4,0,,,1,13
23747870,Gjob,174838527,Weeks,Queens,Richmond Hill,40.692820000000005,-73.82849,Shared room,100,1,0,,,1,0
34653572,Bright room in newly renovated duplex apartment,3042136,Jenni,Brooklyn,Red Hook,40.67634,-74.01009,Private room,99,2,1,2019-06-30,1.0,3,8
17979764,Jen Apt,84497333,Jennifer,Manhattan,SoHo,40.72237,-73.99817,Private room,10,5,2,2017-04-15,0.07,1,0
17515547,BEST LOCATION IN SOHO AND SPACIOUS APARTMENT,118745519,Alonso,Manhattan,Little Italy,40.71942,-73.99694000000001,Entire home/apt,155,1,67,2019-01-20,2.45,1,189
29168569,"Home For Medical Professionals - ""The Macula""",26377263,Stat,Brooklyn,East Flatbush,40.65385,-73.93656999999999,Private room,53,19,0,,,43,347
33427418,Cozy modern room in Bushwick,178676648,Tyler,Brooklyn,Bushwick,40.68355,-73.90701,Private room,150,1,1,2019-04-22,0.38,1,88
9631464,Doorman Swim. Pool 2 bed 2bath!5126,16098958,Jeremy & Laura,Manhattan,Upper West Side,40.79509,-73.96649000000001,Entire home/apt,288,30,0,,,96,311
29513629,Gorgeous 1 bedroom in Brooklyn Heights!,781180,Maria,Brooklyn,Brooklyn Heights,40.69033,-73.9931,Entire home/apt,150,5,1,2019-01-04,0.16,1,35
9574953,Beautiful 2BR Apt in Williamsburg,4025647,Eduardo,Brooklyn,Williamsburg,40.712590000000006,-73.96037,Entire home/apt,200,7,3,2019-01-02,0.08,1,216
15399008,Spacious room in relaxing 2 BDR UWS apartment,46221302,Lana,Manhattan,Upper West Side,40.79858,-73.97301,Private room,95,6,4,2019-05-02,0.15,1,0
11771598,Quiet and Sunny room in Harlem!,36830075,Camila,Manhattan,Harlem,40.82884,-73.94868000000001,Private room,50,1,0,,,2,0
9457917,Cozy 1 Bed Rm Appt in Kipps Bay !,49011283,Murtaza,Manhattan,Kips Bay,40.744040000000005,-73.97564,Entire home/apt,70,3,0,,,1,0
2165107,Cozy Manhattan 1 BR,10533538,Sean,Manhattan,Upper East Side,40.7604,-73.96029,Entire home/apt,100,6,29,2019-05-30,0.47,1,128
13764772,1br in Beautiful 2br-Prime location (LIC/Astoria),24295412,Shaheen,Queens,Astoria,40.75818,-73.92513000000001,Private room,30,6,0,,,1,0
14881637,Lovely 1 BR in Prime Location on E 26 & 3 - NYC,15310997,Mor,Manhattan,Midtown,40.76505,-73.97856999999999,Entire home/apt,125,30,3,2019-05-04,0.09,9,0
700530,Charming South Village w/ Private Terrace,2495668,Christos,Manhattan,SoHo,40.72756,-74.00239,Entire home/apt,230,2,27,2019-07-06,1.4,1,101
28752251,Sun-filled Apartment in Great Location,9165739,Jesse,Manhattan,Chelsea,40.74184,-74.00108,Private room,91,1,10,2019-06-30,1.09,1,0
18628912,Unique Upper East Side apartment with backyard,27789935,Tim And Allison,Manhattan,Upper East Side,40.77568,-73.95405,Entire home/apt,170,1,20,2019-01-01,0.77,1,0
19412140,Sunny Bed-Stuy apartment with rooftop access,61483702,Sasha,Brooklyn,Bedford-Stuyvesant,40.69232,-73.93446,Private room,70,2,3,2017-07-16,0.12,2,0
27788826,Upper East Side 2 Room Studio Retreat,11376647,Nicholas,Manhattan,Upper East Side,40.76856,-73.95366999999999,Entire home/apt,150,10,3,2018-09-16,0.29,1,17
19241855,1 Bed&Bath in heart of Bushwick (20mintoManhattan),18515933,Maddie,Brooklyn,Bushwick,40.70565,-73.92492,Private room,70,2,10,2018-11-12,0.4,1,18
21073975,Charming 1 bedroom in mid-town Manhattan,120762452,Stanley,Manhattan,Murray Hill,40.75008,-73.97655,Entire home/apt,222,30,2,2018-07-28,0.15,50,364
26281121,Quiet bedroom in walking distance to Central Park,197579052,Vlad,Manhattan,East Harlem,40.79657,-73.93913,Private room,80,1,49,2019-05-20,3.89,2,110
21185183,Luxury 1BR in NYC + Great Amenities & Rooftop Ter.,30283594,Kara,Manhattan,Chelsea,40.75121,-73.99812,Entire home/apt,169,30,1,2017-11-20,0.05,121,282
22387499,Peaceful Garden Apartment in Architect's Townhouse,68554866,Andrea & James,Brooklyn,Bushwick,40.68481,-73.90713000000001,Entire home/apt,125,3,27,2019-07-03,2.77,1,41
27255936,"Cozy Room, 2 min Times Square, centrally located",84825183,Antoine,Manhattan,Hell's Kitchen,40.76243,-73.99078,Private room,95,3,3,2018-08-05,0.26,1,5
21505275,Private Room in Industrial Apartment w/ rooftop!,42999896,Sander,Brooklyn,Bedford-Stuyvesant,40.68903,-73.93191999999999,Private room,62,1,8,2018-04-15,0.39,1,0
4729374,Sunny Private Bedroom in Bushwick,799566,Sarah,Brooklyn,Bushwick,40.69702,-73.93365,Private room,80,2,0,,,1,0
966104,Private room in large 2 bed room,5268970,Javier,Manhattan,East Village,40.72726,-73.97573,Private room,75,3,51,2018-11-25,0.7,1,127
430427,"Very clean, quiet bedroom available",820046,Elaine,Manhattan,Washington Heights,40.83559,-73.94095,Private room,60,2,13,2017-01-31,0.15,1,0
10281054,Spacious Private Room in Brooklyn,2238052,Chris,Brooklyn,Bushwick,40.69288,-73.90831,Private room,69,2,54,2019-06-09,1.26,1,0
15789023,Stay in a Private Room Close to Manhattan :),8076496,Agnes,Queens,Astoria,40.76982,-73.93500999999999,Private room,60,4,6,2019-06-06,0.28,1,96
31638687,NEW  Luxury 1 Bedroom on UES  Perfect Location!!!,237201559,David,Manhattan,Upper East Side,40.77112,-73.95405,Entire home/apt,175,2,16,2019-07-03,3.72,1,233
7239575,"2 Bedroom, UES",37904263,Talal,Manhattan,Upper East Side,40.76364,-73.9588,Entire home/apt,120,5,5,2016-07-20,0.13,1,0
11036071,Fully Private Suite in Home,57265004,Patricia,Brooklyn,Prospect-Lefferts Gardens,40.65993,-73.95725,Entire home/apt,125,1,151,2019-06-09,3.86,1,37
17277132,"BROOKLYN HEIGHTS Private Studio, 1 stop Manhattan!",5130754,Patrick,Brooklyn,Brooklyn Heights,40.69343,-73.99611,Entire home/apt,100,4,3,2019-06-15,0.2,1,4
20586647,Large Studio near Central Park,16401899,Christford,Manhattan,East Harlem,40.78998,-73.946,Entire home/apt,120,1,61,2019-06-18,2.67,1,1
9597629,Lovely Park Slope Bklyn Brownstone,24951732,Anne,Brooklyn,South Slope,40.66519,-73.98264,Entire home/apt,350,2,0,,,1,0
6164719,Spacious Sunny Studio in LES,886109,Tzveta,Manhattan,Lower East Side,40.721340000000005,-73.99104,Entire home/apt,180,2,25,2018-08-06,0.51,1,200
747029,Private rooms in heart of Chelsea,3920522,Erik,Manhattan,Chelsea,40.74314,-74.00119000000001,Private room,155,5,18,2019-06-05,0.24,1,90
27359897,"ACintheroom!NEAR 3-4-A-C lines, quiet neighborhood",47782497,Robianddebbie,Brooklyn,East New York,40.67061,-73.8759,Private room,45,7,24,2019-06-29,2.11,3,313
21569763,Cheery Bedroom in Brooklyn Apartment,3075854,Alexa,Brooklyn,Sunset Park,40.64046,-74.01337,Private room,35,3,3,2018-09-07,0.16,1,0
6105240,Ideal Greenpoint Location,184833,Edward,Brooklyn,Greenpoint,40.72123,-73.95357,Entire home/apt,245,7,6,2018-05-08,0.12,1,67
860827,carriage house apartment,4524130,Claire,Brooklyn,Clinton Hill,40.68707,-73.96571,Entire home/apt,170,1,315,2019-06-22,4.03,1,275
2305170,Eclectic Studio in Cozy Bay Ridge,11774081,Diana,Brooklyn,Bay Ridge,40.62455,-74.02756,Entire home/apt,86,2,0,,,1,0
8680417,Sunny beautiful home Audubon Distr,12190039,Lyndell,Manhattan,Washington Heights,40.83591,-73.94776999999999,Entire home/apt,155,5,3,2016-05-23,0.08,2,0
4860876,Huge Classic Williamsburg 2BR loft,2503221,Shuang,Brooklyn,Williamsburg,40.72104,-73.96034,Entire home/apt,295,2,75,2019-06-17,1.5,1,339
3271052,Gorgeous Apt 1 block from Subway,2009585,Cecile,Brooklyn,Cobble Hill,40.68785,-73.99181,Entire home/apt,145,3,13,2016-08-14,0.22,1,0
2243962,Spacious & Convenient UWS Apt,11461795,Helen,Manhattan,Upper West Side,40.79859,-73.9697,Private room,125,2,0,,,1,0
19677579,"Sunny room in historic Bedstuy, Brooklyn",124171,Miguel,Brooklyn,Bedford-Stuyvesant,40.68533,-73.94230999999999,Private room,60,1,1,2018-07-08,0.08,1,0
7575626,Charming West Village Full Bed Apt,35307662,Lauren,Manhattan,Greenwich Village,40.73049,-74.00111,Private room,119,2,0,,,1,0
30175606,"Quiet, Large, & Cozy Bedroom in Bushwick Apt - 3",9864136,Anthony,Brooklyn,Bushwick,40.68513,-73.91385,Private room,50,30,0,,,26,365
27205234,Guest Room With a Cute Backyard!,928165,Meg,Brooklyn,Bushwick,40.6969,-73.9114,Private room,52,2,12,2019-01-04,1.19,1,0
30310098,NYC Hamilton Heights Apartment,114462596,Morgan,Manhattan,Harlem,40.82251,-73.9512,Private room,112,1,5,2018-12-30,0.67,1,0
34640995,Far West Village loft,792823,Andrew,Manhattan,West Village,40.73437,-74.00739,Entire home/apt,175,30,0,,,1,0
2863223,Cozy Room with Private Entrance,14586041,Louie,Brooklyn,Williamsburg,40.70665,-73.95067,Private room,75,7,18,2015-08-12,0.31,1,87
27680233,"Cute Room in Boho NYC Apt: Quiet, Close to Trains!",183330366,Max & Katie,Manhattan,Little Italy,40.71714,-73.99815,Private room,80,2,65,2019-07-05,6.35,1,12
18239876,Studio aprtmnt for ONE  located in upper Manhattan,125589679,Shanta,Manhattan,Washington Heights,40.836940000000006,-73.94211999999999,Entire home/apt,100,3,71,2019-06-21,2.66,1,363
10185955,Blue Magic,14785032,Jake,Queens,St. Albans,40.69112,-73.77761,Private room,48,1,165,2019-07-02,4.64,1,365
8054651,Private Sunlight Room in Brownstone Near Subway,40176101,Brady,Brooklyn,Bedford-Stuyvesant,40.68929,-73.93079,Private room,79,1,296,2019-06-27,6.37,7,59
15797728,"Modern, Ambient 1-Bedroom Apartment",28189446,Michella,Staten Island,Eltingville,40.54106,-74.14666,Entire home/apt,70,5,83,2019-07-01,2.56,1,291
21312595,Hillside Hotel,134184451,Hillside Hotel,Queens,Briarwood,40.70475,-73.81572,Private room,165,1,2,2018-01-01,0.09,18,355
30745771,Quiet Cozy Apartment by the Beach,230046770,Fitzene,Brooklyn,Coney Island,40.57115,-73.99408000000001,Entire home/apt,190,1,1,2018-12-25,0.15,1,2
30347852,Huge room in Bushwick apt. 20 mins from Manhattan,40004714,Ruth,Brooklyn,Bushwick,40.695040000000006,-73.93061,Private room,50,2,13,2019-06-23,1.83,2,11
6227680,"Amazing 2 Bedroom Bklyn apt, near SUNY Downstate!",23548583,Shari,Brooklyn,East Flatbush,40.65336,-73.94345,Entire home/apt,109,30,23,2018-10-27,0.46,2,188
34315737,Studio Apartment   in BoroPark Brooklyn NY,259063599,Yehudit,Brooklyn,Borough Park,40.63302,-73.9837,Entire home/apt,120,1,3,2019-07-03,1.29,1,177
34517668,980 sqft Royalton Suite near Flatiron & Union Sq,260577152,Royalton Park Avenue,Manhattan,Midtown,40.74501,-73.98668,Private room,350,1,0,,,10,361
2303583,Awesome Hells Kitchen Apt!,11764444,Cory,Manhattan,Hell's Kitchen,40.76532,-73.99061,Entire home/apt,150,1,11,2018-07-01,0.26,1,0
32358099,sweet room to relax,236659049,Yesenia,Brooklyn,Bushwick,40.69169,-73.90429,Private room,40,1,3,2019-04-20,0.69,4,0
34563256,Cozy bedroom with Comfy Simmons bed -1min to train,5889721,Maco,Brooklyn,Bay Ridge,40.63459,-74.02257,Private room,48,1,4,2019-06-30,2.22,2,96
29869463,Large Studio with Best View in NYC!,214290528,Tiffany,Manhattan,Financial District,40.707240000000006,-74.01438,Entire home/apt,195,2,4,2019-01-02,0.56,1,0
28813184,Tranquil East Village 1 Bedroom,18602194,Carolyn,Manhattan,East Village,40.72984,-73.98588000000001,Entire home/apt,125,3,2,2019-01-01,0.27,1,45
22602996,Private room near Central Park and Subway!,166289951,George,Manhattan,East Harlem,40.79303,-73.94662,Private room,90,2,0,,,1,0
33523616,Nightly or long sublet. (12x12 room in 2BR),21210898,Fagan,Brooklyn,Bushwick,40.70723,-73.92066,Private room,120,2,0,,,2,0
18776908,Luminous studio in Union Square,2544425,Margot,Manhattan,East Village,40.733340000000005,-73.98904,Entire home/apt,160,7,35,2019-06-23,1.4,1,7
14902084,Modern luxury apartment in downtown Manhattan,1445618,Th,Manhattan,Financial District,40.70402,-74.00776,Entire home/apt,235,3,3,2016-10-23,0.09,1,0
25455908,Private bedroom in UWS Apartment,57516611,Mayumi,Manhattan,Upper West Side,40.80109,-73.96523,Private room,99,2,14,2019-07-02,1.06,1,8
13752982,Two Bedroom on the Upper East Side,80593607,Theodore,Manhattan,Upper East Side,40.77788,-73.95615,Entire home/apt,105,1,3,2016-08-23,0.08,1,0
22322311,Cute and Cozy One Bedroom with optional Futon Bed!,65292898,Callie,Manhattan,East Harlem,40.79733,-73.93695,Private room,75,2,0,,,1,0
22306969,Cozy 1BR Woodside (20min - midtown&Bus from LGA),3161518,Brian & Akiko,Queens,East Elmhurst,40.756890000000006,-73.89763,Entire home/apt,110,1,3,2018-01-05,0.16,1,0
16280020,East Harlem hideaway,14683530,Ivy,Manhattan,East Harlem,40.79507,-73.94248,Entire home/apt,200,5,8,2018-12-31,0.26,1,19
26593665,Sunny Windsor Terrace 3BR with deck,2487882,Craig,Brooklyn,Windsor Terrace,40.65163,-73.97910999999999,Entire home/apt,150,5,0,,,2,0
23753775,Soho Studio In heart of Manhattan,2250865,Jacqueline,Manhattan,SoHo,40.72639,-74.00686999999999,Entire home/apt,165,2,0,,,1,0
10099080,Private large room in Bushwick,7375144,Polly,Brooklyn,Bushwick,40.70348,-73.91476999999999,Private room,65,1,0,,,1,0
5395116,Studio in UWS- Manhattan,14586567,Paula,Manhattan,Upper West Side,40.79368,-73.97324,Entire home/apt,150,1,0,,,1,0
27389647,Master Bed/Bath near Lincoln Center in high-rise,119531605,Nicole,Manhattan,Upper West Side,40.7737,-73.99027,Private room,99,1,7,2018-08-31,0.61,1,0
30767017,Spacious Bedroom in the heart of Fort Greene 1L-3,230192510,Zach,Brooklyn,Fort Greene,40.69691,-73.97376,Private room,48,30,1,2019-02-14,0.21,25,220
1215627,Floating Cabin Houseboat Rockaway Surf's Up!,5720054,Ingrid,Queens,Arverne,40.59204,-73.78665,Entire home/apt,150,1,109,2019-06-22,1.49,1,358
2187847,Beautiful 1-Bedroom in West Village,11155956,Lauren,Manhattan,West Village,40.73818,-74.00433000000001,Entire home/apt,300,2,0,,,1,0
19789620,Kozy Kingsbridge,139013186,Iris,Bronx,Kingsbridge,40.87896,-73.90674,Private room,75,2,40,2019-05-19,1.74,1,246
25931882,Large sunny room in Modern Brooklyn Townhouse,33210753,Can,Brooklyn,Clinton Hill,40.69631,-73.96288,Private room,65,3,11,2019-01-01,0.85,1,356
18676837,"Private Room & Entrance, Two Blocks from Times Sq!",64177548,David,Manhattan,Hell's Kitchen,40.76,-73.98915,Private room,135,3,65,2019-06-30,2.92,1,25
13596286,Bright Top-Floor Suite in Park Slope,2768182,Devi,Brooklyn,South Slope,40.66282,-73.98714,Private room,99,7,10,2018-10-09,0.28,4,36
14371241,Private Room - 15 min to Times Square.,9209911,Oscar,Manhattan,Harlem,40.81853,-73.9472,Private room,54,3,71,2019-07-01,2.01,1,15
30427521,"Cozy, bright Bohemian pad in NYC's Epic Village",214979297,Fryske,Manhattan,Greenwich Village,40.727920000000005,-73.99877,Entire home/apt,110,5,3,2019-06-04,0.41,1,4
9790098,Bedroom in UWS 118th st,50448556,Miguel,Manhattan,Harlem,40.80345,-73.95067,Private room,200,1,0,,,5,0
30354291,Cozy private bedroom with Great East River view,24593962,Sean,Manhattan,Upper East Side,40.78353,-73.94592,Private room,90,2,1,2018-12-05,0.14,1,0
1018529,Large 2 BDRM @ McCarren Park!!,5606448,Pete,Brooklyn,Greenpoint,40.72031,-73.9483,Entire home/apt,249,30,71,2019-05-31,0.94,1,273
27529129,Private bedroom with full sized bed,193502084,Linda,Brooklyn,Borough Park,40.63844,-74.00232,Private room,40,1,9,2019-03-23,0.82,8,0
33096377,"Classy apartment in downtown 
Everything you need",8661986,Eugene,Manhattan,Stuyvesant Town,40.73223,-73.98134,Entire home/apt,279,2,26,2019-07-05,7.22,1,229
27656004,Cozy Brooklyn Apartment,45675260,Victoria,Brooklyn,Bushwick,40.69632,-73.9193,Private room,65,3,5,2018-09-21,0.46,2,0
9551417,"Modern 2BR Apt by Central Park, & Subway",49349133,Onur,Manhattan,East Harlem,40.79665,-73.94824,Entire home/apt,225,2,31,2019-06-09,0.7,1,160
19475058,Spacious Chinatown Loft,12038925,Keir,Manhattan,Chinatown,40.71585,-73.99171,Entire home/apt,250,2,15,2018-08-26,0.63,1,0
21906858,Spacious and homey 1 br w garden near subway,1033792,Dani,Brooklyn,Park Slope,40.67835,-73.98209,Entire home/apt,80,5,2,2018-11-26,0.11,1,0
19633139,Private and cozy bedroom in the middle of NYC,59432400,Anna,Manhattan,Harlem,40.81974,-73.94457,Private room,120,4,31,2018-12-13,1.31,2,188
30129493,"Wall St Condo with Gym, Lounge & a 360° Rooftop",24131677,Eve,Manhattan,Financial District,40.70636,-74.0096,Entire home/apt,240,7,14,2019-06-07,1.98,2,305
22225158,COLUMBUS CIRCLE LUXURY -  STUNNING RIVER VIEW,13773574,Cecile,Manhattan,Midtown,40.76563,-73.98241999999999,Entire home/apt,225,30,0,,,12,340
31263586,Sunny room in prime williamsburg location!!!!!!!,107589614,Jim,Brooklyn,Williamsburg,40.7131,-73.96004,Private room,70,3,0,,,2,188
13923165,Cozy Private Bedroom in Uptown Manhattan,69376422,Abbey,Manhattan,Washington Heights,40.84198,-73.93816,Private room,40,2,1,2016-07-26,0.03,1,0
22371082,KING ROOM IN 1500 SQFT WBRG BALLROOM LOFT,2212344,Enrique,Brooklyn,Williamsburg,40.71208,-73.95566,Private room,78,4,4,2019-01-01,0.22,3,0
6397059,Sunny Bedroom in West Village Loft,33355603,Lisa,Manhattan,West Village,40.73314,-74.00835,Private room,250,2,0,,,1,0
9043652,Great 1 bedroom apartment in the heart of soho,6304221,Phil,Manhattan,SoHo,40.72038,-73.99818,Entire home/apt,190,2,10,2019-07-01,0.97,1,41
31896339,My cozy room perfect for Manhattan visitors,239088720,Stephanie,Bronx,Throgs Neck,40.82688,-73.81899,Private room,40,3,11,2019-05-25,2.06,1,0
22031711,"Large, beautiful fully furnished studio for sublet",42051399,Ari,Manhattan,Harlem,40.82932,-73.94563000000001,Entire home/apt,128,30,0,,,1,89
25266169,"Quiet, cozy, mid-century mod apartment in Bushwick",12458767,Jehnna,Brooklyn,Bushwick,40.69044,-73.92253000000001,Private room,80,2,12,2019-03-07,0.93,1,67
31863369,"Eh  it's an apartment,  control yourself",209940785,Stephen,Manhattan,Harlem,40.82337,-73.95127,Shared room,100,1,1,2019-02-14,0.21,1,90
4187387,Beautiful Studio in posh Upper East,20289059,Cristina,Manhattan,Upper East Side,40.7661,-73.9573,Entire home/apt,139,2,160,2019-06-27,2.76,1,248
3452721,Prime Williamsburg 1 bd apartment,17130308,David Jerome,Brooklyn,Williamsburg,40.721540000000005,-73.95449,Entire home/apt,200,5,7,2016-01-02,0.12,1,0
26871230,West Chelsea High Line Treasure,2304932,David,Manhattan,Chelsea,40.74443,-74.0029,Entire home/apt,300,5,10,2019-04-29,0.87,1,4
32503099,Boss Room in Deluxe Pad,3104336,Amy,Brooklyn,Bushwick,40.70094,-73.93013,Private room,35,90,0,,,1,326
7009152,Four stops to Manhattan!,22908412,Donna,Brooklyn,Crown Heights,40.67259,-73.95831,Private room,65,2,155,2019-06-22,3.17,1,117
16351193,Cozy Attic RM in Private Home Backyard/Near Metro,105394139,Ciprian,Bronx,Fordham,40.86909,-73.89395999999999,Private room,55,3,74,2019-06-19,2.42,4,84
36115183,Cozy warm,271667012,Dilenny,Bronx,Pelham Bay,40.852340000000005,-73.82969,Entire home/apt,55,7,0,,,1,179
16367983,Charming and Convenient East Village Apartment,17098527,Mei Ni,Manhattan,East Village,40.72638,-73.97752,Private room,200,4,2,2018-01-01,0.07,1,39
33191754,renovated sunnyside with NY city views,40949032,Ana,Queens,Sunnyside,40.74149,-73.92327,Entire home/apt,131,30,0,,,1,182
3495686,Lofted Murray Hill 1-bedroom w/ spiral staircase,721833,Joshua,Manhattan,Kips Bay,40.74593,-73.97915,Entire home/apt,184,3,0,,,1,0
29152795,Hostel- Twin-sized Bed in Shared Room in Brooklyn,201813482,Nick,Brooklyn,Bushwick,40.70442,-73.91707,Shared room,25,4,27,2019-06-18,3.01,5,49
4880811,A writer's den in Nolita ...,3568184,Brock,Manhattan,SoHo,40.722190000000005,-73.99741999999999,Entire home/apt,200,1,49,2016-07-29,0.94,1,0
1907058,PRIVATE ROOM #2 STARTING AT $67 PER NIGHT,9898029,Anthony,Brooklyn,East Flatbush,40.64913,-73.92525,Private room,67,5,17,2018-09-23,0.25,5,308
169464,Creative Vintage Loft in S. Williamsburg,806774,Ali & SweetPea,Brooklyn,Williamsburg,40.70667,-73.96524000000001,Entire home/apt,85,2,86,2019-05-16,0.89,2,15
9678870,Sunny Heart of Park Slope 1 Bedroom,50005319,Chris,Brooklyn,Park Slope,40.67632,-73.98116,Entire home/apt,160,4,0,,,1,0
1039984,Furnished BrownStone Apartment,5447617,Jeffrey,Brooklyn,Bedford-Stuyvesant,40.6824,-73.93597,Entire home/apt,130,30,52,2018-01-03,0.72,3,171
35281795,Cute place,81295676,Vasiliki,Queens,Astoria,40.76411,-73.92076,Private room,55,3,0,,,1,43
8760003,Cozy Room in Willamsburg Loft,45937698,Rhea,Brooklyn,Greenpoint,40.726040000000005,-73.95536,Private room,35,1,9,2017-03-06,0.2,1,0
31796691,Spacious 2 bedroom apt in Bensonhurst - Sleeps 10,231212364,Kel,Brooklyn,Bensonhurst,40.60556,-73.99898,Entire home/apt,123,3,3,2019-07-04,1.06,2,147
9115832,Lge bedroom (2 pers) in Bushwick,47501348,Margot,Brooklyn,Bushwick,40.698240000000006,-73.93231,Private room,60,1,0,,,1,0
29180542,Newly renovated duplex home in Central Harlem,219879114,Tricia,Manhattan,Harlem,40.81182,-73.94331,Entire home/apt,159,2,26,2019-06-09,3.05,1,343
26884455,Beautiful Room with Laundry in Prime Williamsburg,141204841,Ivy And Andrew,Brooklyn,Williamsburg,40.70915,-73.96479000000001,Private room,95,30,35,2019-06-23,2.97,2,365
786685,Big Brnstn Grdn Apt 2 stops to Midtown,4147380,Lauren,Manhattan,Harlem,40.82294,-73.94999,Entire home/apt,225,1,50,2019-06-14,0.72,1,265
12308695,Room in musicians loft/music venue,33049782,Dustin,Brooklyn,Bushwick,40.69084,-73.90314000000001,Private room,45,3,3,2017-08-22,0.08,1,0
20583124,Gorgeous space in brownstone on cobblestone st,123805373,Elizabeth,Brooklyn,Brooklyn Heights,40.693000000000005,-73.99774000000001,Entire home/apt,118,1,2,2018-02-25,0.09,1,0
32381165,"Elegant & Luxurious, Clean & Cheerful entire house",243147506,Peter,Staten Island,Stapleton,40.6279,-74.08202,Entire home/apt,275,2,11,2019-07-03,3.51,1,182
11910257,Cozy Nest 15 Minutes From Midtown,50661711,Cory,Manhattan,Washington Heights,40.83288,-73.94306,Private room,70,1,0,,,1,0
3838388,Large Sunny Nicely Furnished Studio,19772879,Kim,Manhattan,Washington Heights,40.83818,-73.94303000000001,Entire home/apt,100,1,0,,,1,0
22778341,"Bedroom 14x16ft, shared bathroom, 5 mins to subway",168279437,Lucky,Queens,Woodside,40.74211,-73.89067,Private room,40,1,7,2018-09-21,0.41,1,0
36420404,Home Sweet Home,273656890,Liana,Manhattan,East Harlem,40.79266,-73.9474,Private room,50,1,0,,,1,81
31225319,Dominiques unique twin room*NYC-wifi* metro*safe,310670,Vie,Bronx,Eastchester,40.88179,-73.83455,Private room,75,2,1,2019-04-20,0.37,13,365
31883127,✴NEWLY RENOVATED✴ 2 BDR | SLEEPS 4 @ BROOKLYN,6833598,Timothy,Brooklyn,Bedford-Stuyvesant,40.68417,-73.91899000000001,Entire home/apt,99,2,13,2019-07-05,3.98,1,182
12917057,Lower East Side Apartment,26476746,Zachary,Manhattan,Lower East Side,40.72118,-73.98697,Entire home/apt,140,4,6,2018-01-03,0.16,1,0
8014087,Prime location Chelsea/Flatiron RM,38857566,Gabi,Manhattan,Chelsea,40.74042,-73.99714,Private room,100,1,2,2018-01-01,0.04,1,0
7193201,Private RM in Heart of East Village,33739627,Natasha,Manhattan,East Village,40.72896,-73.9843,Private room,99,1,4,2015-10-24,0.08,1,0
9853884,1 Month Huge 1 Bdr UWS Morningside,50727041,Tristan,Manhattan,Morningside Heights,40.81536,-73.96246,Private room,45,15,0,,,1,0
6973463,"Penthouse Apt w/private roofdeck, NO cleaning fee",12374283,Ryan,Manhattan,East Village,40.72403,-73.97783000000001,Entire home/apt,300,2,1,2017-11-26,0.05,4,0
16352982,"Great Room &Host, steps from #1 train",60163700,Dee,Manhattan,Harlem,40.82378,-73.95354,Private room,50,60,13,2018-08-15,0.67,4,0
9331413,Beautiful Apartment in Center of Williamsburg,17433287,Efrat,Brooklyn,Williamsburg,40.71786,-73.95588000000001,Entire home/apt,181,4,4,2017-05-02,0.09,2,188
35459644,Fort Greene Duplex- Live and Work Space,1355112,Jean,Brooklyn,Clinton Hill,40.68875,-73.96725,Entire home/apt,300,5,0,,,2,209
2379865,Cozy private room available in a great location,12157737,Dushyant,Brooklyn,Crown Heights,40.67343,-73.96291,Private room,38,3,0,,,1,0
27500496,"Room by Central Park,Harlem, NY",89842859,Charlène,Manhattan,Harlem,40.80138,-73.95107,Private room,68,10,1,2018-09-08,0.1,1,0
25889683,Riverside Apartment Room,28996758,俞,Manhattan,Upper West Side,40.79811,-73.97185999999999,Private room,72,1,5,2018-07-08,0.38,1,0
2628191,Charming Cozy Cool 2BR Apartment. ,12360441,Angel,Bronx,Co-op City,40.86646,-73.82154,Private room,80,3,2,2015-10-13,0.03,1,365
15156627,Best part of Brooklyn! Large room in Bushwick.,39575635,Julian,Brooklyn,Bushwick,40.70342,-73.92829,Private room,70,1,15,2017-01-02,0.45,1,0
4530432,Landmark Parlor Studio near train has 2 beds.,7245581,Michael,Manhattan,Washington Heights,40.83488,-73.93843000000001,Entire home/apt,66,180,7,2018-12-16,0.14,19,330
16193259,Sunny new room C/ 30mins to Manhattan,105640471,Jason,Brooklyn,Sunset Park,40.64052,-74.01539,Private room,48,1,10,2019-06-10,0.71,8,240
5856760,"Renovated 1BR in exciting, convenient area",29408349,Chad,Manhattan,Chinatown,40.7149,-73.99976,Entire home/apt,179,5,7,2017-04-18,0.14,1,0
20085006,Bright & Beautiful Brooklyn Boudoir and more! ☺,142590597,Joica,Brooklyn,East New York,40.67296,-73.87435,Entire home/apt,249,1,7,2019-05-21,0.38,6,177
21945454,Pretty two-bed pre-war apartment in Brooklyn,11322502,Kimberly,Brooklyn,Bedford-Stuyvesant,40.68885,-73.95296,Entire home/apt,142,2,5,2018-04-29,0.25,1,0
7024474,Beautiful Private Room,15929157,Christina,Brooklyn,East New York,40.6724,-73.88118,Private room,34,20,29,2019-03-30,0.59,3,192
1297663,Your West Village NYC 1 Bdm Apt,7055547,Tege,Manhattan,West Village,40.73532,-74.00448,Entire home/apt,144,4,27,2017-01-01,0.39,1,0
23380590,Sunny apt in dynamic Bushwick,164519659,Jessica,Brooklyn,Bushwick,40.70073,-73.91714,Private room,35,1,6,2018-04-21,0.37,1,0
8173434,LOFT2bdrm apt near metro20min to Manhattan/wall st,38378985,Rebekah,Brooklyn,Bedford-Stuyvesant,40.67797,-73.93966999999999,Entire home/apt,239,5,147,2019-06-18,3.19,1,142
12973819,"Huge 1BR 5 min to Park, Train",71402091,Jeff,Brooklyn,Flatbush,40.65421,-73.95945,Entire home/apt,90,4,7,2019-04-23,0.18,1,0
18356695,Spacious 2-Bedroom Apartment Near Central Park,5143286,Ewa,Manhattan,Morningside Heights,40.80897,-73.95651,Entire home/apt,120,14,5,2018-08-23,0.21,1,79
11433561,Fresh East Village 4K Pre-War Remix w Full Bar!,3395433,Nick,Manhattan,East Village,40.73117,-73.98385999999999,Entire home/apt,175,3,6,2019-06-02,1.91,1,0
28014073,Heights,9130040,Candace,Brooklyn,East Flatbush,40.661840000000005,-73.93436,Private room,89,1,2,2019-05-19,0.22,6,365
18211259,Flatbush Townhouse Apt (UNFURNISHED),10285950,Christina,Brooklyn,Flatbush,40.64538,-73.954,Entire home/apt,86,14,1,2017-07-04,0.04,3,349
25032319,Cozy Convenient 2-Bed GARDEN APT w/Central Heat/AC,30736639,Kellie & Joachim,Brooklyn,Bushwick,40.68778,-73.90748,Entire home/apt,99,3,34,2019-06-21,2.58,2,119
8231648,1st Fl Comfortable Room in Manhatan,43330303,Cristian,Manhattan,Washington Heights,40.85369,-73.93186999999999,Private room,68,3,8,2019-06-17,0.2,2,160
16100819,Renovated 2 Bedroom Williamsburg Dream Home,4198285,Greg And Amy,Brooklyn,Williamsburg,40.71026,-73.94744,Entire home/apt,145,3,43,2019-07-04,1.36,1,5
33991062,Sonder | Stock Exchange | Superior 2BR + Kitchen,219517861,Sonder (NYC),Manhattan,Financial District,40.70701,-74.01176,Entire home/apt,255,2,6,2019-06-08,2.57,327,237
30817603,Large Private Room. Fits up to 6 people,135060128,Abella,Brooklyn,Williamsburg,40.70841,-73.95048,Private room,120,1,3,2019-07-06,0.47,2,269
26497309,Sun Drenched One Bedroom in the East Village,40594187,Christina,Manhattan,East Village,40.72256,-73.9848,Entire home/apt,150,3,6,2018-11-25,0.48,1,4
16451907,Lg Park Slope apt with Washer/Dryer & Backyard,1223281,Annette,Brooklyn,Gowanus,40.66621,-73.99311,Entire home/apt,100,5,10,2018-12-28,0.41,1,0
18094196,Upper East Side Full 1-Bedroom Apartment,16307239,Julia,Manhattan,Upper East Side,40.7709,-73.95508000000001,Entire home/apt,130,7,5,2019-07-06,0.21,1,14
21272115,Visit the Big Apple! Mini-MOMA. Enjoy all of NYC!,68557372,Shannon,Manhattan,Harlem,40.806740000000005,-73.95336999999999,Private room,75,1,60,2019-06-27,3.25,2,182
2425980,"Cozy BR in Hamilton Heights, Harlem",9915185,Sarah,Manhattan,Harlem,40.82301,-73.94906999999999,Private room,65,2,2,2015-10-12,0.04,1,0
34975935,Brooklyn Escape,3472623,Melissa,Brooklyn,Prospect Heights,40.678340000000006,-73.96598,Entire home/apt,175,2,8,2019-06-23,5.45,1,3
8942467,Your own hip and cozy 1BD apartment,36821356,Vitaly And Lena,Brooklyn,Borough Park,40.62251,-73.99396999999999,Entire home/apt,96,14,93,2019-06-23,2.06,1,73
12471447,Great UWS 1 bedroom duplex,36966894,Sarah,Manhattan,Upper West Side,40.77835,-73.97655,Entire home/apt,200,3,5,2016-05-29,0.13,1,0
25205932,Weekend Astoria Charmer,52532097,Maegan,Queens,Long Island City,40.75533,-73.91936,Shared room,45,1,5,2018-06-24,0.37,1,0
20031768,Cozy Bedroom in Charming Astoria,4777135,Emily,Queens,Long Island City,40.75955,-73.9336,Private room,56,2,19,2018-01-27,0.81,1,0
36230800,Queens room,234224181,Tafari,Queens,Rosedale,40.65933,-73.73993,Private room,34,1,0,,,1,89
8111321,Huge 1 BR entire apt,32441059,Cory,Queens,Astoria,40.768,-73.92429,Entire home/apt,70,2,13,2019-01-11,0.28,1,159
25057086,Beautiful 1-bedroom apartment in the West Village,19430913,Isabell,Manhattan,West Village,40.73058,-74.0021,Entire home/apt,200,3,6,2018-11-27,0.45,1,0
24151078,Cozy 1 bedroom apartment near JFK,83231755,Alisha,Queens,Jamaica,40.68055,-73.791,Entire home/apt,55,2,4,2018-05-06,0.26,1,0
16616522,Large Apartment near Central Park up to 4 people!,61090067,Justyna,Manhattan,East Harlem,40.79465,-73.94021,Entire home/apt,180,5,33,2019-07-01,1.18,1,35
21191462,Charming and very Sunny Apartment,46208887,Lu&Ben,Brooklyn,Crown Heights,40.67541,-73.96061,Entire home/apt,70,7,2,2018-05-13,0.11,1,0
13514680,Quiet 6th floor private room with rooftop views,3401026,Daniel,Brooklyn,Kensington,40.64455,-73.97825999999999,Private room,50,14,1,2016-08-06,0.03,1,0
14763255,Private Large Studio-size Room,43585545,Angelo,Brooklyn,Bedford-Stuyvesant,40.68683,-73.95004,Private room,50,1,25,2019-06-29,2.08,1,28
13153856,Large 1BR Apt. in Williamsburg,47292710,Peter,Brooklyn,Williamsburg,40.71233,-73.94806,Entire home/apt,200,1,6,2016-07-25,0.16,1,0
9292072,Spacious 1 Bedroom Apartment,23429756,Maggie,Manhattan,Upper East Side,40.77638,-73.9476,Entire home/apt,215,1,0,,,1,0
35413859,2 Bedroom Times Square/Central Park |LOCATION|,265487571,Sammie,Manhattan,Hell's Kitchen,40.75949,-73.99367,Entire home/apt,250,2,3,2019-07-06,3.0,1,190
1171955,Manhattan apt in the centre of it!,4922378,Erin,Manhattan,Midtown,40.74568,-73.98321,Entire home/apt,275,7,6,2016-10-09,0.08,1,191
29939030,Monthly One bedroom apt in Astoria,42213050,Jack,Queens,Long Island City,40.76243,-73.93044,Entire home/apt,113,25,0,,,1,177
29832768,Avail July - Beautiful Greenwich Village room!,26310763,Amz,Manhattan,Greenwich Village,40.73328,-73.99431,Private room,150,7,0,,,1,2
11971174,Huge room in central Bushwick flat,4411040,Maya,Brooklyn,Bushwick,40.69669,-73.92785,Private room,45,1,3,2016-06-25,0.08,1,0
14685276,Gorgeous Loft,1459260,Jorge,Brooklyn,Bedford-Stuyvesant,40.6907,-73.96019,Entire home/apt,132,4,92,2019-06-16,2.69,1,260
29869390,HABITACIÓN COMPARTIDA PARA AVENTURERAS(Only Women),215778245,Jessy & Christian,Queens,Corona,40.73887,-73.86561999999999,Shared room,30,2,6,2019-07-02,0.76,6,365
35709682,"Shared Spaces;Safe,Great Location 15 to Times Sq",175730239,Baboucarr,Queens,Sunnyside,40.73883,-73.92698,Shared room,30,3,2,2019-06-24,2.0,12,327
28567040,Bronx House #4_3,203266238,Steve,Bronx,Morris Park,40.85362,-73.85011,Private room,65,5,0,,,5,365
35319394,Luxury Brooklyn apartment private clean,48189481,Ajamu,Brooklyn,Prospect-Lefferts Gardens,40.65877,-73.9447,Entire home/apt,150,2,1,2019-07-02,1.0,1,25
25289848,Nice 2 bedrooms apartment in Bed-Stuy,785940,Adriana,Brooklyn,Bedford-Stuyvesant,40.68408,-73.95659,Entire home/apt,150,1,4,2019-02-17,0.3,1,0
9839906,Beautiful sunny room in Brooklyn,14018666,Laura,Brooklyn,Sheepshead Bay,40.587,-73.95588000000001,Private room,45,1,9,2016-10-01,0.22,1,0
34617093,New 4 bedroom Sunny Boutique Apt Steps from Train,39808438,Easton,Brooklyn,Bushwick,40.68899,-73.91615999999999,Entire home/apt,350,2,0,,,5,358
30792215,Room steps from Times Square,192754619,Liza,Manhattan,Hell's Kitchen,40.75568,-73.99661,Private room,159,1,1,2018-12-30,0.16,1,189
4874334,2 Bedroom Apt in downtown Brooklyn,25073318,Brook,Brooklyn,Fort Greene,40.69203,-73.97088000000001,Entire home/apt,250,4,0,,,1,0
30155455,Manhattan apt in the best part of NYC,53887230,Danielle,Manhattan,Washington Heights,40.85042,-73.93649,Entire home/apt,120,5,1,2019-01-05,0.16,1,231
16321789,Sunny Room in East Williamsburg close to L Train,4992081,Sascha,Brooklyn,Williamsburg,40.70669,-73.94334,Private room,84,3,10,2019-07-01,0.38,1,4
5010729,Quaint One Bed Apartment on UES,7847292,Tom,Manhattan,Upper East Side,40.77537,-73.95029,Entire home/apt,169,4,147,2019-06-23,2.76,1,310
33734483,WEST VILLAGE Bohemian flat in neo-Tudor town house,27636707,Gaia&Pietro,Manhattan,West Village,40.73326,-74.00511,Entire home/apt,250,3,5,2019-07-02,2.24,5,255
9496094,Modern Flat in the Heart of Chelsea,41066327,Netanya,Manhattan,Chelsea,40.74603,-74.00147,Entire home/apt,160,4,2,2016-09-14,0.05,1,0
31541068,"Bright Guest Room in Fort Greene, BK",115252929,Duaa,Brooklyn,Fort Greene,40.68431,-73.97209000000001,Private room,65,1,9,2019-06-23,2.87,1,157
11040458,Huge 3 bedroom apt in West Harlem,20607397,Jonathan,Manhattan,Harlem,40.80735,-73.95684,Entire home/apt,300,2,26,2019-06-26,0.64,1,176
3198365,Cozy Studio Close to Central Park,16209547,Gina,Manhattan,Harlem,40.80185,-73.95666999999999,Entire home/apt,175,2,142,2019-06-29,2.39,2,339
22079387,Boutique Luxury in the Heart of Chelsea,148107543,Mario,Manhattan,Chelsea,40.74494,-73.99762,Entire home/apt,299,2,30,2019-05-25,1.57,1,274
34723211,"Quiet, luxury 1BR--15minutes to Manhattan!",12898160,Sapna,Bronx,Riverdale,40.88523,-73.91230999999999,Entire home/apt,90,30,0,,,1,55
26858196,AWESOME 2 BEDS - QUEEN + SOFA - NEXT TO METRO,23188519,Emily Wes,Brooklyn,Bedford-Stuyvesant,40.69561,-73.94972,Private room,75,30,22,2019-06-22,1.83,6,318
7775711,1 bedroom in Bed-Stuy,33190103,Kris,Brooklyn,Bedford-Stuyvesant,40.69113,-73.9478,Entire home/apt,70,2,1,2015-08-11,0.02,1,0
8114639,Cozy Private Bedroom in heart of Williamsburg,19058116,Sarah,Brooklyn,Williamsburg,40.7105,-73.94693000000001,Private room,50,1,3,2016-07-29,0.08,1,0
284855,Charming Apt in the Best Location!,1482460,Dara,Manhattan,West Village,40.73362,-74.00923,Entire home/apt,240,5,94,2019-06-19,1.1,1,134
30104723,Cozy apt with washer dryer  in trendy Williamsburg,226201658,Vanessa,Brooklyn,Williamsburg,40.70689,-73.94996,Entire home/apt,73,30,1,2019-03-02,0.23,3,345
27279982,WEST 56TH COLUMBUS CIRCLE-LUXURY 1BR- DOORMAN/DECK,200380610,Pranjal,Manhattan,Hell's Kitchen,40.766290000000005,-73.986,Entire home/apt,236,30,0,,,65,364
30146925,Sweet and modern 2BR getaway in Bed-Stuy,34277028,Alexandra,Brooklyn,Bedford-Stuyvesant,40.68633,-73.92728000000001,Entire home/apt,150,3,15,2019-06-10,2.13,1,77
3694441,"Modern, Bright, Airy Brooklyn Apt",1010344,Ian & Sady,Brooklyn,Bedford-Stuyvesant,40.68592,-73.95501999999999,Entire home/apt,200,3,6,2016-01-01,0.1,1,0
34015098,Entire Gorgeous Greenpoint Duplex,38217925,Lily,Brooklyn,Greenpoint,40.7342,-73.95707,Entire home/apt,205,5,0,,,2,64
21106395,"Cozy, tranquil bedroom steps from Central Park A",152195388,Rachel,Manhattan,Upper West Side,40.78489,-73.97345,Private room,99,20,7,2019-03-31,0.42,2,125
25842535,The Perfect Williamsburg Apartment,35967771,Aurelio,Brooklyn,Williamsburg,40.72021,-73.95949,Entire home/apt,180,2,3,2019-03-11,0.29,1,0
35387629,The Crown Spacious Apartment,258374626,Beverley,Brooklyn,Crown Heights,40.66397,-73.93353,Entire home/apt,140,2,1,2019-07-07,1.0,1,87
25370297,Bright & stylish apartment in Greenwich Village,13251813,Nick,Manhattan,West Village,40.73521,-73.99944,Entire home/apt,120,4,6,2019-02-17,0.49,1,1
24906413,Sunny Bushwick apartment,84453766,Allison,Brooklyn,Williamsburg,40.702290000000005,-73.93774,Private room,80,10,1,2018-05-07,0.07,1,0
34153345,★ Discounted!!★ NEAR TIMES SQUARE,229603136,Pinki,Manhattan,Hell's Kitchen,40.76368,-73.98881,Entire home/apt,239,2,6,2019-06-16,3.46,1,335
9512372,Near Hudson River and Subway quiet apt,4110869,Golden&Mavy,Manhattan,Harlem,40.82243,-73.95447,Private room,50,30,10,2019-06-16,0.23,2,359
536578,Nice and clean private space in Bklyn loft.,2635819,Fabrizio,Brooklyn,Bushwick,40.7014,-73.91333,Private room,59,10,19,2019-06-20,0.27,1,0
19294842,"ACintheroom!35minutestodowntown Manhattan,QUEENbed",47782497,Robianddebbie,Brooklyn,East New York,40.66906,-73.87805,Private room,55,7,15,2019-05-01,1.33,3,318
16791809,Small Brooklyn Gem 25 Minutes Away from the City,1938828,Shay,Brooklyn,East Flatbush,40.65071,-73.94508,Private room,34,30,6,2017-08-15,0.2,3,280
26227629,Spacious and Sunny Studio,26596078,Natalya,Brooklyn,Bay Ridge,40.628040000000006,-74.02603,Entire home/apt,75,7,11,2019-05-19,0.91,1,3
282341,Kensington/Ditmas Park pied-a-terre,1471384,Dan,Brooklyn,Kensington,40.6433,-73.97386,Entire home/apt,90,30,3,2017-07-30,0.05,1,286
271954,Beautiful brownstone apartment,1423798,Aj,Manhattan,Greenwich Village,40.73388,-73.99452,Entire home/apt,150,2,203,2019-06-20,2.22,1,300
16300514,Cozy 1 Bedroom Escape,68714722,Jessica,Manhattan,Upper East Side,40.77704,-73.94442,Entire home/apt,166,2,4,2018-12-28,0.49,1,0
35841083,*Nice and Cozy private Bedroom*,13059803,Marie,Queens,Jackson Heights,40.7574,-73.85825,Private room,60,2,2,2019-07-01,2.0,1,326
17097495,The Chester Himes Room at Harlem Townhouse,3236595,René,Manhattan,Harlem,40.80926,-73.94979000000001,Private room,75,3,48,2019-06-19,1.64,4,9
30201810,Beautiful and Cozy Apartment in heart of NYC,226565802,Oksana,Queens,Rego Park,40.72664,-73.85884,Entire home/apt,250,2,1,2019-01-21,0.18,1,365
2243548,Lux 1600sf 1BR w. Private Terrace,9644281,Michelle,Manhattan,Lower East Side,40.72082,-73.99028,Entire home/apt,300,1,2,2016-03-13,0.05,1,0
8066385,Share A Rustic Forte Greene studio w/ adorable cat,4205261,Stephanie,Brooklyn,Clinton Hill,40.68667,-73.9676,Entire home/apt,104,2,15,2019-05-19,0.39,2,100
10388512,JFK 10 & LGA 15 MINUTES AWAY A/C PRIVATE BEDROOM A,22959695,Gurpreet  Singh,Queens,Richmond Hill,40.69317,-73.82526999999999,Private room,50,1,96,2018-11-22,3.77,5,0
68403,The Cozy Brownstone Inn (discount)!,240427,Naimah,Brooklyn,Bedford-Stuyvesant,40.683,-73.91981,Entire home/apt,145,3,127,2019-06-24,1.25,2,72
30284324,Central park cheap sofa bed,214135354,Min,Manhattan,Upper East Side,40.77754,-73.95114000000001,Shared room,55,1,66,2019-07-01,9.12,2,309
31599728,"Great Private Br, 59th ave & Main Street flushing.",217910985,Acclaimed,Queens,Flushing,40.74295,-73.82544,Private room,55,5,0,,,1,132
9334228,Cozy Studio in an Amazing Location,1423321,Olivera,Manhattan,East Village,40.72695,-73.99011999999999,Entire home/apt,70,7,1,2015-12-08,0.02,1,0
22518123,15 to JFK/LGA 30 to Manhattan.Close to St John’s,165307387,K,Queens,Jamaica Estates,40.71248,-73.78896,Entire home/apt,85,1,88,2019-06-27,5.14,1,339
13191433,Big Private Bedroom perfect for Professionals,49117269,Varos,Queens,Long Island City,40.75768,-73.92896999999999,Private room,75,15,14,2019-04-13,0.88,2,16
36228538,Great location. Great view. Brand new Apartment,12776694,Oren,Manhattan,Upper East Side,40.76135,-73.96139000000001,Entire home/apt,250,8,0,,,1,39
22077632,Private Bedroom in Sunny Bushwick Apartment,29799151,Olivia,Brooklyn,Bushwick,40.70483,-73.91433,Private room,40,3,6,2018-08-29,0.32,2,0
23433585,"Nice room near SI Ferry 
15 minutes by car.",174786681,Sara I,Staten Island,Randall Manor,40.63779,-74.12274000000001,Private room,31,7,3,2018-10-31,0.19,1,357
132516,Forest Hills Apt minutes to midtown Manhattan,85330,Jean,Queens,Forest Hills,40.70925,-73.85262,Entire home/apt,97,3,28,2019-07-01,1.21,3,209
20801754,Our Astoria Apartment - (Long Term Rental),6383939,Michael,Queens,Astoria,40.76304,-73.90785,Private room,45,21,9,2019-06-30,0.56,1,58
14427313,PRIVATE ROOOM IN GREENPOINT,26714887,Anthony,Brooklyn,Greenpoint,40.72988,-73.95494000000001,Private room,75,3,0,,,2,0
205735,"A Cozy Oasis in Bushwick, NY",1011426,Danielle,Brooklyn,Bushwick,40.68364,-73.91076,Private room,41,2,55,2019-04-30,0.59,1,286
30502203,"Clean, Cozy Private Bedroom/Apartment",11332183,Tj,Manhattan,Harlem,40.81281,-73.94475,Private room,65,3,3,2019-05-27,0.45,1,0
17430853,Small room in Queens,113558700,Berat,Queens,Rego Park,40.72749,-73.86035,Private room,30,1,61,2019-06-08,2.17,3,361
30882745,Luxury Studio In Heart of Manhattan,141720257,Mayur,Manhattan,Financial District,40.71074,-74.00627,Entire home/apt,150,30,0,,,1,0
4871966,Williamsburg Brooklyn Apartment,3896287,Andrew And Clara,Brooklyn,Williamsburg,40.71396,-73.94021,Entire home/apt,225,4,9,2016-07-18,0.16,1,0
29940344,Spacious Park Avenue (Website hidden by Airbnb) -2-Month lease,1678050,Liam,Manhattan,Murray Hill,40.74938,-73.9802,Entire home/apt,200,60,2,2019-01-02,0.29,2,0
9611586,Modern Minimal Central Chelsea Loft,8797100,Adam,Manhattan,Chelsea,40.74361,-73.99503,Entire home/apt,235,4,107,2019-06-23,2.98,1,27
26256921,Cozy Bushwick Apartment in Great Neighborhood,124693842,Lauren,Brooklyn,Bushwick,40.69788,-73.922,Entire home/apt,140,5,3,2018-08-19,0.25,1,0
5536844,Park Slope Master Bedroom,28711190,Adam,Brooklyn,Park Slope,40.6682,-73.98196,Private room,75,1,0,,,1,0
26331103,room b,32060911,Elvis,Staten Island,West Brighton,40.63402,-74.11375,Private room,40,33,1,2019-07-04,1.0,2,337
16648338,"Airy, Open South Williamsburg Apartment",110026778,Sanja,Brooklyn,Williamsburg,40.70981,-73.96781,Private room,119,4,18,2018-10-29,0.59,1,0
13716080,"Cute, Vintage UWS Private Room/Bath",41067998,Andrea,Manhattan,Upper West Side,40.78817,-73.98068,Private room,175,2,0,,,1,0
741354,Simple and cozy place on the beach,2577615,Ella,Brooklyn,Brighton Beach,40.57728,-73.95362,Entire home/apt,73,30,21,2017-04-18,0.26,1,251
470090,Studio Apt. Lower East - Manhattan,2332430,Murch,Manhattan,Lower East Side,40.72147,-73.99208,Entire home/apt,210,1,230,2019-07-01,2.65,1,319
20155633,The Emerald of Queens/30 mins from NYC!,126504342,Otto,Queens,Flushing,40.76271,-73.79595,Private room,50,2,74,2019-06-26,3.19,1,246
6730056,Sunny Studio in Chelsea,7186661,Sabrina,Manhattan,Chelsea,40.74688,-74.00145,Entire home/apt,200,1,4,2017-09-16,0.09,1,0
29008272,ASTORIA ROOM  very nice with  Balcony N/W train,43194941,Marco,Queens,Astoria,40.76322,-73.91131999999999,Private room,80,1,7,2019-05-26,0.76,1,85
850435,Sunny Loft in Brooklyn next to Bedford L,4441020,Tara,Brooklyn,Williamsburg,40.71731,-73.95626999999999,Entire home/apt,55,30,0,,,1,159
35578522,"Huge, private bedroom next to train and PARK!",1394543,Jennifer,Brooklyn,Flatbush,40.6524,-73.96314,Private room,59,1,1,2019-07-02,1.0,2,24
31086356,HOME AWAY,85664849,Ismail,Brooklyn,Crown Heights,40.67637,-73.91351999999999,Private room,60,1,6,2019-06-08,1.5,1,327
4295733,Comfortable Room w/access to full apartment,10981052,Talisa,Brooklyn,East Flatbush,40.64768,-73.95138,Private room,45,1,5,2018-07-27,0.27,1,0
35610591,Private Queen Bedroom with WiFi near Central Park!,82406306,Marc,Manhattan,East Harlem,40.79879,-73.94202,Private room,85,2,1,2019-07-02,1.0,2,36
12684394,LUXURIOUS APT in MANHATTAN w TERRACE and GYM,49902290,Nikkita,Manhattan,Harlem,40.82469,-73.94029,Private room,115,1,2,2016-12-06,0.05,1,0
9562872,"Close to subway, all shops, restaurants!",49509847,Abhilasha Ashiv,Queens,Rego Park,40.72478,-73.85579,Entire home/apt,109,3,88,2019-07-01,2.49,1,357
169152,Warehouse Loft with Garden view,806112,Julia,Brooklyn,Bedford-Stuyvesant,40.68131,-73.95331999999999,Entire home/apt,75,2,87,2017-04-18,1.09,1,0
21293,Sunny Apartment in Artist Home,44145,Tyrome,Brooklyn,Bushwick,40.70093,-73.92609,Entire home/apt,105,3,118,2019-06-18,1.05,2,9
21983105,Cute Loft in the Heart of Greenpoint Brooklyn!,156976885,Carrie,Brooklyn,Greenpoint,40.72549,-73.94453,Entire home/apt,120,3,0,,,1,0
35196648,"Gigantic room 1 block to train with AC, fast WIFI",264824216,Peter,Manhattan,Harlem,40.822,-73.95581999999999,Private room,59,1,1,2019-06-14,1.0,3,61
16364666,Brand New &Cozy  Room Close to Subway Station,61042,Marlon,Manhattan,Harlem,40.82112,-73.95482,Private room,45,4,22,2018-12-31,0.71,6,0
32722262,Parkside Chateau,212338108,James R,Manhattan,Harlem,40.82335,-73.94901999999999,Private room,125,1,2,2019-06-16,2.0,1,139
32569915,Sun-Filled Cozy Bedroom steps to Fort Greene Park,196613633,Zach,Brooklyn,Fort Greene,40.693540000000006,-73.97171999999999,Private room,95,5,0,,,2,0
31153254,TOURISTS DREAM - Room steps from Grand Central,50241946,Ana,Manhattan,Midtown,40.75017,-73.97241,Private room,250,2,20,2019-06-23,3.17,1,1
21659494,"Spacious queen bedroom, private bath in Brooklyn",26379887,Marine,Brooklyn,Greenpoint,40.72891,-73.95618,Private room,150,2,4,2018-10-31,0.2,1,0
6852731,Cozy apt in very hip Greenpoint!,2407990,Linsy,Brooklyn,Greenpoint,40.72982,-73.95503000000001,Entire home/apt,120,3,2,2015-12-14,0.05,1,0
32891722,Ladies Only NYC,247453895,Kamila,Manhattan,Kips Bay,40.74367,-73.97551,Shared room,44,2,3,2019-06-03,0.79,3,324
32189352,Wyndham Midtown 45 - Hotel Room,77021411,Jennifer,Manhattan,Midtown,40.75231,-73.97331,Private room,300,4,0,,,1,0
890839,"Spacious, duplex townhouse w large garden oasis",831185,Andrew,Brooklyn,Crown Heights,40.68015,-73.96299,Entire home/apt,295,2,8,2019-05-28,0.11,3,365
29944625,Cozy King Sized Apt In NYC (Harlem),225139503,Tracy,Manhattan,East Harlem,40.8055,-73.93653,Entire home/apt,250,1,7,2019-07-01,0.9,1,78
7661218,Brooklyn Garden House,345252,Thomas,Brooklyn,Prospect Heights,40.6799,-73.96415999999999,Entire home/apt,150,7,9,2018-09-12,0.19,3,0
30691909,Spacious 1 BR Home in Hell's Kitchen,1319214,Nick,Manhattan,Hell's Kitchen,40.76333,-73.98917,Entire home/apt,172,4,3,2019-02-21,0.42,1,0
4842112,2 bed / 2 bath East Village top floor AMAZING,7065271,Sophie,Manhattan,East Village,40.72551,-73.98541999999999,Entire home/apt,260,10,4,2018-08-31,0.08,1,31
19055226,Musician's Getaway + Full Analog Recording Studio,58225,Joshua,Brooklyn,Bedford-Stuyvesant,40.69097,-73.94721,Private room,101,2,9,2019-05-13,0.36,1,364
21357119,Newly Built Uptown Manhattan Large Pied-à-Terre,177293,Herman,Manhattan,East Harlem,40.80832,-73.93755999999999,Entire home/apt,200,30,0,,,1,0
822016,1BR w/private bath in modern Prospect Heights apt,61873,Seema,Brooklyn,Crown Heights,40.67231,-73.96032,Private room,90,2,24,2019-07-03,0.3,1,30
6041875,Harlem 2bdr apt,30354475,Pepper,Manhattan,East Harlem,40.8124,-73.9347,Entire home/apt,150,2,0,,,1,0
4475128,Amazing Single Bedroom Only 5min From Central Park,16066343,Curtis,Manhattan,East Harlem,40.788340000000005,-73.9472,Private room,65,2,219,2019-06-28,3.88,2,35
36034580,Cozy Apartment in the Historic Village of FiDi!,32990881,Alicia,Manhattan,Financial District,40.70328,-74.01099,Entire home/apt,180,2,2,2019-06-30,2.0,1,295
8949503,"Huge, Sumptuous En-Suite Bedroom",46778191,Zoe,Brooklyn,Williamsburg,40.71454,-73.95894,Private room,125,3,1,2015-10-27,0.02,1,0
34865230,Cool studio in Brooklyn Heights,3415882,Matthew,Brooklyn,Brooklyn Heights,40.69015,-73.99271,Entire home/apt,150,5,2,2019-07-03,2.0,1,10
4274589,Modern XL Tribeca apt with terrace ,16666294,Lp,Manhattan,Tribeca,40.71743,-74.00623,Entire home/apt,215,2,23,2017-04-12,0.4,1,187
20504573,Prime Midtown Location - Near Tourist Locations,121869120,Tabitha,Manhattan,Midtown,40.75257,-73.96853,Entire home/apt,127,1,0,,,1,0
6221877,Brooklyn Zen Gem w/Personal Balcony,31675601,Sophie,Brooklyn,Bay Ridge,40.62672,-74.02802,Private room,65,30,56,2018-09-02,1.14,4,208
22051863,Sunny Apt.  near Columbus circle,44869463,Nardys,Manhattan,Hell's Kitchen,40.7668,-73.98428,Entire home/apt,160,3,0,,,1,0
2151479,Newly renovated house,10981050,Rhonda,Brooklyn,Bedford-Stuyvesant,40.68922,-73.94626,Entire home/apt,111,3,104,2019-06-17,1.65,1,261
32634839,Sonder | Stock Exchange | Cozy Studio + Kitchen,219517861,Sonder (NYC),Manhattan,Financial District,40.70778,-74.01074,Entire home/apt,205,2,8,2019-06-16,2.64,327,327
34687035,Hotel-like Small PrivateRoom Single Bed 25 Min NYC,48684597,David,Queens,Maspeth,40.73759,-73.89704,Private room,35,1,8,2019-07-01,4.44,4,234
10660249,Cute Apartment in Hell's Kitchen,55062858,Jennifer,Manhattan,Hell's Kitchen,40.75645,-73.99404,Entire home/apt,200,1,207,2019-06-23,5.01,1,245
30502752,Location! 2bed/with 3 beds Doorman Gym Prime 5237,16098958,Jeremy & Laura,Manhattan,Midtown,40.76516,-73.9819,Entire home/apt,265,30,0,,,96,330
25204010,NyStreet!,69006953,Diana,Manhattan,Hell's Kitchen,40.76306,-73.99015,Entire home/apt,280,1,0,,,1,0
7784365,Great cozy room  5 minutes to city,25602663,Mizo,Queens,Long Island City,40.75255,-73.93654000000001,Private room,90,4,19,2018-09-16,0.41,2,286
34785397,"Artist Room, Cozy Crown Heights",230698955,Victoria,Brooklyn,Crown Heights,40.67146,-73.93483,Private room,29,5,1,2019-05-31,0.75,2,0
34336004,BEAUTIFUL Cozy  2 BEDS  APT Upper East Side,51027036,Roe,Manhattan,Upper East Side,40.78016,-73.95029,Entire home/apt,280,3,0,,,1,45
5738785,Compact cosy studio with separate kitchen,22557949,Ray,Queens,East Elmhurst,40.7583,-73.87679,Entire home/apt,112,2,3,2019-05-19,0.35,1,338
10859700,Beautiful Large 2 Bedroom Apartment,53199312,Zamena,Queens,East Elmhurst,40.76327,-73.88655,Entire home/apt,145,2,61,2019-06-10,1.52,1,302
6246559,"Quiet, Sunny Studio in Downtown NYC",519483,Ashley,Manhattan,East Village,40.72587,-73.98244,Entire home/apt,125,2,3,2015-10-30,0.06,1,0
34092210,"BEACH 2 BDR, 2 BTH NEW YORK, BRIGHTON BEACH",181356989,Kseniya,Brooklyn,Brighton Beach,40.57647,-73.96696,Entire home/apt,275,2,1,2019-06-30,1.0,2,56
17481087,Gorgeous and Renovated Chelsea Apartment,24037775,Karen,Manhattan,Chelsea,40.74392,-73.9946,Entire home/apt,250,4,0,,,1,0
18110008,Bright room by the Brooklyn Navy Yard,9193506,Lucy,Brooklyn,Fort Greene,40.69664,-73.97375,Private room,65,2,3,2017-08-14,0.11,1,0
9714880,Brooklyn Artist Loft-Style,50152355,Kevin,Brooklyn,Bushwick,40.69715,-73.92243,Entire home/apt,60,14,0,,,1,0
18415952,Convenient Downtown Apartment in LES/Chinatown,39619320,Grisha,Manhattan,Chinatown,40.71495,-73.99056,Private room,60,1,6,2017-06-29,0.23,1,0
34142194,QUIET SPACIOUS BEDROOM IN THE HEART OF MANHATTAN,48711094,Alex,Manhattan,Midtown,40.74607,-73.98371999999999,Private room,95,2,10,2019-06-23,4.55,1,0
34317148,Beautiful house  in Jamaica near JFK & LGA,259078758,Moolchand,Queens,Hollis,40.71573,-73.76897,Private room,175,1,0,,,3,89
4132116,Beautiful house top floor 1-3 large bedrooms,15908653,Gil,Brooklyn,Flatbush,40.63268,-73.96059,Private room,120,2,114,2019-04-07,1.96,2,312
26075796,Spacious Studio Near Columbia University,155807678,Gloria,Manhattan,Morningside Heights,40.80395,-73.96311,Entire home/apt,113,45,0,,,1,87
442636,"Private,Affordable, 20 min to NYC!",1655939,Joris,Queens,Ridgewood,40.70054,-73.90255,Entire home/apt,77,3,289,2019-06-24,3.3,1,85
2700596,Comfortable bedroom for one person,13792543,Gregory,Manhattan,Harlem,40.80697,-73.95203000000001,Private room,85,3,100,2019-06-30,1.6,3,341
26064779,Cool Private Room in Dreamy Bedstuy Apartment,94669,Keithan,Brooklyn,Bedford-Stuyvesant,40.68354,-73.94003000000001,Private room,55,3,43,2019-07-06,3.57,2,0
10245677,One bedroom in great NYC location!,52661714,Chelsea,Manhattan,Hell's Kitchen,40.76214,-73.98985,Private room,300,1,0,,,1,0
14202979,"Charming, Spacious 2-Bedroom on UWS",86182721,Jennifer,Manhattan,Upper West Side,40.78004,-73.98314,Entire home/apt,210,2,11,2018-10-07,0.32,1,242
22077920,Spacious appartment on Upper West Side,17322363,Luis,Manhattan,Morningside Heights,40.80608,-73.96396999999999,Entire home/apt,189,10,2,2017-12-30,0.1,1,0
24260464,Garden room in a private house,15310048,Darya,Brooklyn,East Flatbush,40.65185,-73.94555,Private room,45,45,5,2019-06-01,0.38,2,155
8103766,Charming duplex downtown manhattan,42788707,Filippo,Manhattan,Chinatown,40.71475,-73.99257,Entire home/apt,130,180,15,2016-10-24,0.35,1,365
19375739,PRIVATE BACK PATIO - light-filled luxury apartment,119108169,Molly,Brooklyn,Bedford-Stuyvesant,40.692240000000005,-73.95819,Private room,60,4,1,2017-07-01,0.04,1,0
33406188,Four Points by Sheraton New York Downtown-7 Nights,5144567,Yun,Manhattan,Financial District,40.70712,-74.00609,Private room,169,7,2,2019-05-19,0.81,13,344
8164877,Private Room 1 Stop From Manhattan,9862206,Devon,Brooklyn,Williamsburg,40.71697,-73.95919,Private room,70,1,19,2016-07-01,0.41,1,0
21119908,"Cozzy Room on Bedford, 20 minutes to Manhattan",28953246,Maxim,Brooklyn,Bedford-Stuyvesant,40.68988,-73.95396,Private room,100,1,0,,,1,0
34143050,"Newly Renovated, Unbeatable Location Private Room",257773717,Lydia,Brooklyn,Williamsburg,40.710370000000005,-73.96316999999999,Private room,58,30,0,,,5,338
12815139,Beautiful Tranquil Bright Prime Location 1 bedroom,33816358,Rachel,Brooklyn,Prospect Heights,40.67764,-73.9647,Entire home/apt,110,3,8,2017-05-22,0.23,1,0
32461960,Riverdale Pad,163737392,K,Bronx,Fieldston,40.896,-73.89964,Private room,64,1,11,2019-06-27,3.47,2,358
17731335,Private room in cozy Astoria apartment,120906593,Yoko,Queens,Astoria,40.76121,-73.92341,Private room,60,2,40,2019-06-23,1.46,1,67
26128481,Cozy Home Away TH,179436298,Nyota,Brooklyn,Crown Heights,40.66391,-73.95618,Entire home/apt,112,2,3,2018-12-29,0.29,2,364
8686040,LARGE MANHATTAN ONE BEDROOM,45608786,Virginia,Manhattan,Washington Heights,40.85845,-73.92860999999999,Entire home/apt,125,1,6,2015-11-22,0.13,1,0
35282511,2 Bedroom Apartment Rental in Upper West Side,10746551,Glenn,Manhattan,Upper West Side,40.78085,-73.97508,Entire home/apt,153,30,0,,,1,38
13329860,Sunny & spacious in NYC,8273903,Rohit,Queens,Astoria,40.76417,-73.92815999999999,Entire home/apt,99,31,4,2018-10-31,0.11,1,5
13016082,Steps from Central Park: Bedroom in spacious apt,12127963,Ben,Manhattan,East Harlem,40.78804,-73.95382,Private room,95,5,4,2017-08-19,0.11,1,0
21269377,"Union Square - Lux Building,  1 Bed, Living, Study",5664549,Amar,Manhattan,Greenwich Village,40.73295,-73.992,Entire home/apt,250,4,4,2019-06-23,0.3,1,43
747605,"East Village Studio, Great Location",3665794,Jack,Manhattan,East Village,40.72699,-73.97969,Entire home/apt,179,4,213,2019-07-01,2.62,1,277
15866130,PRIVATE ROOM - BEST PRICE,32209352,Diana,Brooklyn,Bushwick,40.696,-73.91303,Private room,57,4,17,2019-05-19,0.66,2,307
24116631,Beautiful Manhattan Apt- 20 min to Times Square,5740704,Lauren,Manhattan,Washington Heights,40.84884,-73.93199,Entire home/apt,82,7,0,,,1,0
3642278,Brooklyn Carroll Gardens Charmer!,18388112,Brett,Brooklyn,Carroll Gardens,40.68235,-73.99806,Entire home/apt,175,3,4,2016-10-03,0.07,1,0
25274161,Beautiful Single Room,37842947,Heena,Queens,Woodside,40.75607,-73.90146,Private room,80,1,3,2018-10-26,0.31,1,89
35029487,Beautiful Studio APT in the heart of K-TOWN,76971491,Kyeng Tae,Manhattan,Midtown,40.7482,-73.98599,Entire home/apt,180,1,3,2019-06-19,3.0,1,259
19068247,Quiet garden studio in Bushwick,23991242,Lizzie,Brooklyn,Bushwick,40.68748,-73.90751,Entire home/apt,100,2,1,2019-07-07,1.0,1,99
8208090,Modern private apartment in historic brownstone,43282186,Damien,Brooklyn,Bushwick,40.689890000000005,-73.92128000000001,Entire home/apt,200,2,147,2019-06-18,3.24,1,103
13112855,Prime location Irving Place Doorman 1 bedroom 5191,16098958,Jeremy & Laura,Manhattan,Gramercy,40.73505,-73.98565,Entire home/apt,180,30,1,2017-07-31,0.04,96,281
34340887,Clean and comfortable place,259261655,Kay,Queens,Astoria,40.77098,-73.91951999999999,Entire home/apt,150,1,7,2019-06-16,3.18,1,25
35830870,Large 2Bedroom Apartment right off Grand Central!!,20053314,Noa,Manhattan,Midtown,40.75161,-73.97025,Entire home/apt,175,1,0,,,1,250
12388091,Diamond in Upper West Side,1704335,Rem,Manhattan,Upper West Side,40.79749,-73.96307,Private room,56,7,1,2016-06-05,0.03,1,0
14152806,"Large & unique, über-modern studio",31301220,Helen,Brooklyn,Williamsburg,40.71192,-73.9628,Entire home/apt,249,9,19,2017-10-04,0.66,1,0
6269808,Bright 3 bd/ 2 bath on the park.,233161,Mac,Brooklyn,Windsor Terrace,40.65246,-73.97369,Entire home/apt,150,6,0,,,1,0
22340384,Great Place! Great Space! Welcome 2 My BK Place!,18049970,Lou,Brooklyn,Brownsville,40.65948,-73.90084,Entire home/apt,175,3,56,2019-07-08,3.0,2,288
30801344,Huge BR in Classic UWS Building W 70s,3929012,Kevin,Manhattan,Upper West Side,40.78012,-73.98279000000001,Private room,129,1,37,2019-07-01,5.39,4,59
992977,Park Slope Pre-War Apartment,4000059,Shahdiya,Brooklyn,Park Slope,40.67359,-73.97434,Entire home/apt,100,365,1,2013-08-01,0.01,1,365
24178083,Charming mezzanine bedroom near Prospect Park,179778880,Marcus,Brooklyn,Sunset Park,40.66179,-73.99061999999999,Private room,45,2,37,2019-05-18,2.61,2,308
33964014,The Zen Home,15853933,Radilena,Queens,Astoria,40.76623,-73.91243,Private room,69,1,9,2019-05-31,3.42,1,35
25287115,COMFORTABLE PRIVATE CLEAN ROOM FULLY FURNISHED,175368807,Lamesha,Bronx,Williamsbridge,40.87579,-73.86532,Private room,33,3,1,2018-07-28,0.09,1,365
1725295,Midtwn E BEST LOCATION Priv Twin Rm 1 Loving Cat,215764,Lynn,Manhattan,Murray Hill,40.7474,-73.97847,Private room,85,1,135,2018-12-12,1.93,1,15
24157013,Cozy Brooklyn Designer Apartment,182039779,Eleanor,Brooklyn,Carroll Gardens,40.68123,-73.99424,Entire home/apt,100,3,7,2019-07-06,0.47,1,0
5632551,"Home 4 Medical Professionals- The ""Zona""",26377263,Stat,Brooklyn,Bushwick,40.70406,-73.91811,Private room,48,30,3,2019-03-02,0.06,43,224
36078121,Large Sunny Apartment-By Subway-Lower East Side,40058915,Kevin,Manhattan,Lower East Side,40.71755,-73.98966999999999,Entire home/apt,164,1,1,2019-07-06,1.0,1,163
28014733,Warm & Cozy Room in Sunnyside. Awesome Location!,137358866,Kazuya,Queens,Sunnyside,40.73703,-73.92179,Private room,38,30,0,,,103,245
27876346,Industrial Brooklyn Duplex w/ Rooftops!,4336107,Bryce,Brooklyn,Crown Heights,40.67436,-73.9551,Entire home/apt,200,4,6,2019-04-07,0.61,1,4
21199630,Updated 1 Bedroom Best Location Modern Finishes,61391963,Corporate Housing,Manhattan,Upper East Side,40.7717,-73.96115999999999,Entire home/apt,125,30,5,2018-12-14,0.26,91,347
19891174,Bright Room in the great neighborhood ofPark Slope,55468128,Reina,Brooklyn,Windsor Terrace,40.6582,-73.98235,Private room,49,1,109,2019-06-29,4.99,7,258
32993357,Private room in a Bohemian JP Loft! a,96737879,Yury,Brooklyn,Williamsburg,40.70263,-73.93488,Private room,70,5,1,2019-04-20,0.37,3,4
11145050,Doorman Studio Gym Rooftop 5170,16098958,Jeremy & Laura,Manhattan,Upper West Side,40.79191,-73.97322,Entire home/apt,117,30,4,2018-12-16,0.13,96,327
35001663,Bedroom for sublet with GREAT VIEW in prime area,77477955,John,Manhattan,Stuyvesant Town,40.73159,-73.97471999999999,Private room,72,14,0,,,1,128
6799932,[302] 5 min WALK to Times Square,35524316,Yasu & Akiko,Manhattan,Hell's Kitchen,40.76015,-73.99086,Private room,155,1,200,2019-06-16,4.07,11,240
14633324,Modern Luxury Apartment in Heart of Williamsburg,90848714,Amir,Brooklyn,Williamsburg,40.71336,-73.96172,Entire home/apt,172,2,20,2019-06-27,0.58,1,7
33877942,Crown Heights Amazing,57403189,Joslin,Brooklyn,Crown Heights,40.67637,-73.94309,Entire home/apt,105,2,6,2019-07-01,2.25,2,286
13885247,"Cozy, Convenient 1 Bed Apartment!!! UWS Manhattan",82208124,Yang,Manhattan,Upper West Side,40.77472,-73.98640999999999,Entire home/apt,110,3,33,2019-06-23,0.91,2,0
17267017,Spacious Private 1BR with more sleeping space,95341719,Estie,Brooklyn,Crown Heights,40.67013,-73.94397,Entire home/apt,165,2,23,2019-07-04,0.83,3,182
35914591,**Central Park* UWS Luxury 4 Bed/2 Bath Sleeps 8!!,270139900,Norman,Manhattan,Upper West Side,40.78439,-73.97746,Entire home/apt,307,4,0,,,1,344
21457703,MODERN STYLISH PENTHOUSE SUITE @ CENTRAL PARK,6945444,Gregory,Manhattan,Harlem,40.80111,-73.95221,Entire home/apt,173,2,62,2019-06-23,3.44,1,92
18476851,Beautiful Private Room Near Manhattan & JFK,106430338,Alana,Brooklyn,Bensonhurst,40.612770000000005,-73.99695,Private room,60,3,43,2019-06-13,1.65,2,173
7627784,Modern & Stylish HK Private Bedroom,6684858,Jd,Manhattan,Hell's Kitchen,40.76769,-73.99405,Private room,150,3,17,2019-05-24,0.37,1,364
13708336,Stylish 1BD in the heart of East Village,840987,Pasha,Manhattan,East Village,40.72603,-73.98915,Entire home/apt,150,3,0,,,1,0
20671003,Charming 1 br apartment,140492812,Andrew,Brooklyn,Bushwick,40.70587,-73.92358,Entire home/apt,94,2,13,2018-04-15,0.57,2,0
21225854,"Bumble of Brooklyn, Large space",153378241,Victoria,Queens,Ridgewood,40.6999,-73.90059000000001,Private room,48,3,2,2018-01-04,0.11,1,0
30877996,NYC loft by the beach,31307082,Veronica,Staten Island,Arrochar,40.58957,-74.07666,Entire home/apt,100,2,18,2019-07-08,2.81,1,296
4236725,"Spacious, elegant home in Brooklyn",3650005,Rae,Brooklyn,Clinton Hill,40.69191,-73.96624,Entire home/apt,150,3,0,,,1,0
26560159,A sweet cozy one bedroom in Crown Heights Brooklyn,16782911,Dena,Brooklyn,Prospect-Lefferts Gardens,40.66352,-73.94157,Entire home/apt,100,5,8,2019-06-03,0.69,1,57
30285558,"Cozy & convenient studio, midtown west Manhattan!!",82208124,Yang,Manhattan,Upper West Side,40.77497,-73.98788,Entire home/apt,137,3,8,2019-03-21,1.21,2,0
25186915,Charming Room by the Pier,5608167,Rhianna,Brooklyn,Red Hook,40.67835,-74.01394,Private room,100,1,12,2018-11-02,0.88,1,8
36480292,Gorgeous 1.5 Bdr with a private yard- Williamsburg,540335,Lee,Brooklyn,Williamsburg,40.71728,-73.94394,Entire home/apt,120,20,0,,,1,22
35465579,Be happy in New York,194804585,Ines,Queens,Jackson Heights,40.75268,-73.88595,Private room,55,1,4,2019-06-27,4.0,2,308
28359897,Comfy LGA apt in Queens,207808113,Md,Queens,East Elmhurst,40.76115,-73.88239,Entire home/apt,150,1,73,2019-06-25,7.55,1,78
15563361,Cozy One-Bedroom in Park Slope,23955743,Susan,Brooklyn,Park Slope,40.67879,-73.97438000000001,Entire home/apt,135,1,12,2017-03-22,0.37,1,0
845417,LOVELY LOFT | 24H DOORMAN | PERFECT,3891436,Felix,Manhattan,Lower East Side,40.71312,-73.99033,Entire home/apt,260,6,23,2019-05-20,0.3,1,0
25629624,Minutes to everything in the middle of Manhattan,102649225,Jasmine,Manhattan,Murray Hill,40.74652,-73.97636999999999,Private room,125,1,21,2018-12-23,1.63,1,0
27065834,Sunny one bedroom in the Friends Building,83856521,Casey,Manhattan,West Village,40.73264,-74.0062,Entire home/apt,275,1,3,2018-08-31,0.26,1,0
24327950,Pleasant Residence,183548336,Aureo,Manhattan,East Harlem,40.7977,-73.93493000000001,Entire home/apt,250,3,13,2019-06-03,0.94,1,74
887292,2 Bedroom Bushwick Apartment,4704914,Robert,Brooklyn,Bushwick,40.69982,-73.91957,Entire home/apt,139,3,106,2019-05-08,1.42,1,248
15361785,Central Park Sanctuary,97833986,Caro & Allen,Manhattan,Upper West Side,40.77851,-73.97645,Private room,77,4,93,2019-06-18,2.87,1,115
27988835,Huge West Village Loft in Luxury Building,3330784,Dylan,Manhattan,West Village,40.73241,-74.00721999999999,Entire home/apt,180,6,2,2018-12-30,0.2,1,0
32898133,★Pvt Room in 4BR House ★ Backyard ★Laundry ★ Room1,49164956,Abena,Brooklyn,Bedford-Stuyvesant,40.67721,-73.91404,Private room,47,30,0,,,5,317
7341983,Brooklyn Studio apartment,38460304,Leon,Brooklyn,Bedford-Stuyvesant,40.69169,-73.93141999999999,Entire home/apt,130,4,34,2019-04-28,0.73,2,340
11667910,Great location-Newly updated-great new features,60500199,Valery,Manhattan,Harlem,40.807970000000005,-73.94243,Entire home/apt,205,3,71,2019-06-03,1.76,1,331
36177135,Historic Rockaway Beach Bungalow-By Subway & Beach,271885652,Elizabeth,Queens,Rockaway Beach,40.58818,-73.81302,Entire home/apt,139,1,1,2019-07-05,1.0,4,171
253846,Superior @ Box House,417504,The Box House Hotel,Brooklyn,Greenpoint,40.73731,-73.9545,Private room,179,3,4,2015-12-04,0.05,28,81
16363747,Comfy Room in Cobble Hill,107158968,Jessica,Brooklyn,Carroll Gardens,40.68384,-73.99065,Private room,45,1,8,2018-03-16,0.26,1,0
22629010,Fashion week stay!,165907758,Helen,Manhattan,Midtown,40.75301,-73.97277,Entire home/apt,200,7,0,,,1,0
22420304,Nice bunkbed room with private bathroom!,164164069,Marcia,Staten Island,Westerleigh,40.61422,-74.13167,Private room,40,2,17,2018-09-07,0.92,1,36
33579533,Comfortable and spacious bedroom in Brooklyn,1192659,Leandro And Julia,Brooklyn,Bedford-Stuyvesant,40.68899,-73.9289,Private room,57,3,8,2019-07-04,3.81,3,9
10367884,Cozy studio in Park Slope,724870,Lindy,Brooklyn,Park Slope,40.6732,-73.97282,Entire home/apt,130,2,16,2017-07-28,0.4,1,0
19527028,Cozy duplex in trendy Brooklyn neighbourhood.,6835700,William,Brooklyn,Prospect Heights,40.67649,-73.96499,Private room,80,2,28,2019-06-25,4.35,1,82
20915427,Tiny homes on water,95999344,Marie L,Brooklyn,Mill Basin,40.60903,-73.91846,Entire home/apt,250,1,5,2019-07-07,1.7,1,360
16614389,Newly Renovated Bedroom in Bushwick/Ridgewood,18151522,Venice,Queens,Ridgewood,40.70538,-73.91322,Private room,73,1,0,,,1,0
7116034,Beautiful room. Private bathroom.,16296388,Mario,Brooklyn,Bushwick,40.68412,-73.91045,Private room,43,1,4,2017-06-06,0.13,1,0
3499251,Classic Upper West Side studio loft,10034987,Izzy,Manhattan,Upper West Side,40.78273,-73.97319,Entire home/apt,199,3,25,2016-12-31,0.42,1,0
6336480,Available in August only. One room with twin bed.,12459436,Zena,Queens,Flushing,40.736270000000005,-73.81305,Private room,49,15,0,,,2,27
35619694,Lovely New Private Room in Brooklyn!,92936093,Kenny,Brooklyn,Flatbush,40.64898,-73.95501999999999,Private room,65,1,4,2019-07-01,4.0,1,109
10449807,Charming Lofty 1bd on Quiet Street,2981910,Daphne,Manhattan,Greenwich Village,40.73466,-73.99539,Entire home/apt,229,1,0,,,1,0
6901856,Spacious Modern Contemp Living 2,36164182,Glender,Brooklyn,Bushwick,40.69768,-73.93359,Private room,80,2,51,2019-05-11,1.04,3,249
4088506,"Modern, central WBurg 2BR w/rooftop",2436652,Krzysztof,Brooklyn,Williamsburg,40.71381,-73.96065,Entire home/apt,160,30,44,2019-06-10,0.76,1,226
17664316,Private Room in Brooklyn Communal House,13416818,Emma,Brooklyn,Bedford-Stuyvesant,40.67964,-73.95629,Private room,45,2,16,2017-10-21,0.57,3,0
36001938,Spacious 2BR Manhattan/NYC  apt. Mins. to time sq.,55711801,Le,Manhattan,Harlem,40.82297,-73.94882,Entire home/apt,139,1,0,,,1,29
24413589,Peaceful place 10min. from Center of New York City,72872297,Zamira,Queens,Long Island City,40.75558,-73.93643,Private room,75,2,67,2019-07-01,4.93,1,11
22241573,Private Room B In Prime Location,162427870,Anna,Manhattan,Chelsea,40.74729,-73.98957,Private room,115,1,162,2019-06-23,8.68,3,312
35217816,"Modern 3 BR, 2 BATH Triplex (Washer/Dryer)",265171569,Caroline,Brooklyn,Bedford-Stuyvesant,40.68882,-73.94784,Entire home/apt,300,3,1,2019-06-30,1.0,1,282
20044802,AG's Palace 3,121612198,Maura,Brooklyn,Canarsie,40.64138,-73.91488000000001,Private room,75,1,11,2019-06-13,0.48,4,347
4216774,Stay in the heart of Williamsburg!,15243531,Amanda,Brooklyn,Williamsburg,40.717220000000005,-73.95862,Entire home/apt,150,2,4,2015-11-16,0.07,1,0
11603201,"1 bedroom in Astoria, Queens",7982432,Joe,Queens,Long Island City,40.76485,-73.93959,Private room,65,1,1,2016-04-18,0.03,1,0
4649627,"Spacious 1 BR, En Suite in Brownstone!",9492212,Emily And Joel,Brooklyn,Park Slope,40.6702,-73.97885,Private room,135,2,88,2018-12-31,1.6,4,0
32221325,Corner Loft in Williamsburg,107504230,Rhaynelina,Brooklyn,Williamsburg,40.71189,-73.9649,Entire home/apt,100,3,2,2019-04-15,0.43,1,0
20763877,Charming 1BR in Lively Bed-Stuy neighborhood,35645777,Yomi,Brooklyn,Bedford-Stuyvesant,40.68251,-73.94102,Entire home/apt,175,2,18,2019-01-01,0.81,1,0
4765123,Beautiful Apt in West Harlem,24584990,Travis,Manhattan,Harlem,40.8261,-73.95074,Private room,50,3,8,2016-09-02,0.15,1,0
29215351,Private!  Entire loft near the waterfront!,220121415,Min,Brooklyn,Williamsburg,40.7075,-73.96576,Entire home/apt,96,3,22,2019-06-04,2.59,1,58
19506194,East Village Penthouse - Master Bedroom (Loft),16866,Nicholas,Manhattan,East Village,40.72979,-73.983,Private room,149,2,9,2019-06-09,0.37,2,0
13889399,Great 3 Bedroom Apt  Near Manhatthen,75919970,Scott,Queens,Ditmars Steinway,40.77415,-73.91695,Entire home/apt,125,1,1,2016-07-25,0.03,1,0
29213401,PrivateRoom/LGA&JFK&Citi field&法拉盛/BustoManhattan,164719010,Babie,Queens,Whitestone,40.77945,-73.82029,Private room,35,1,35,2019-07-06,3.87,3,86
11558167,LUXURY MURRAY HILL STUDIOS/GYM/DECK,2856748,Ruchi,Manhattan,Murray Hill,40.7471,-73.97263000000001,Entire home/apt,190,30,0,,,49,364
24305252,"The Architect’s Suite w/ Private Bath, Near Metro",106460468,Felix,Bronx,Kingsbridge,40.87997,-73.90035,Private room,65,3,54,2019-06-19,3.69,4,64
35769795,Carlos apartment,269095308,Juan,Manhattan,East Harlem,40.79234,-73.94592,Private room,75,4,1,2019-06-23,1.0,1,24
9061331,Sunny Harlem penthouse,4186597,Michael Francis,Manhattan,Harlem,40.80822,-73.94264,Entire home/apt,180,2,18,2019-06-13,0.42,1,29
21311288,Central Park Smart Home,5644804,Ben,Manhattan,Upper West Side,40.778690000000005,-73.97658,Entire home/apt,300,2,31,2019-06-14,1.57,1,99
30049755,"Bright, spacious and comfortable with open view",5326571,Ines,Queens,Ditmars Steinway,40.77751,-73.90956,Private room,85,2,2,2019-05-31,0.29,2,278
15787037,Huge room near Manhattan w/ balcony & free pickup!,83627325,Jared,Queens,Sunnyside,40.74481,-73.91671,Private room,139,1,3,2018-07-20,0.12,4,365
36423090,Private room in beautiful Williamsburg loft!,43297161,Perry,Brooklyn,Williamsburg,40.70538,-73.94314,Private room,65,2,0,,,1,6
14994076,Dominiques NYC 4Bedrm crashpad**Stay here**metro,310670,Vie,Bronx,Eastchester,40.88207,-73.83538,Entire home/apt,299,2,2,2019-05-21,0.18,13,358
35754614,Chelsea Sunroof,180237401,Jarrod,Manhattan,Chelsea,40.74443,-73.9967,Entire home/apt,200,4,0,,,1,31
16739891,Private Studio Apartment in a Historic Brownstone,8715723,Jacob,Manhattan,Harlem,40.80842,-73.95568,Private room,158,1,132,2019-06-14,4.37,5,238
1755484,Museum Mile Central Pk- Madison Ave,9232106,Lynne,Manhattan,Upper East Side,40.77648,-73.96126,Entire home/apt,225,4,10,2019-05-28,0.17,1,348
34544599,"XL Quiet Top Floor Harborview 5m to Ferry, RUMC",9263105,Wj,Staten Island,New Brighton,40.64535,-74.09255,Private room,55,3,1,2019-06-26,1.0,2,10
1476484,Spacious Sunny SoHo-Awesome Locale!,7901999,Steven,Manhattan,Nolita,40.7245,-73.99419,Entire home/apt,299,2,26,2017-09-30,0.37,1,88
11924694,Artist Apartment in Heart of West Village ❤️,3167887,Sarah,Manhattan,West Village,40.73178,-74.00173000000001,Entire home/apt,300,5,88,2019-06-24,2.32,1,121
28616686,Newly Remodeled Room !!! downtown brooklyn,214694658,Damon,Brooklyn,Fort Greene,40.694390000000006,-73.97319,Private room,65,1,90,2019-06-24,9.41,1,254
17405965,2 cozy rooms in a quiet building,39731713,Polina,Queens,Ridgewood,40.69934,-73.90348,Private room,45,3,0,,,1,0
26057252,"Bushwick Brownstone, Long-term Stay",87767243,David,Brooklyn,Bedford-Stuyvesant,40.68423,-73.9149,Private room,41,21,1,2018-10-07,0.11,2,155
8664965,shared space with Great location!!!,43719073,Nora,Brooklyn,Sheepshead Bay,40.59852,-73.95481,Shared room,35,1,116,2019-06-25,2.55,5,351
16202302,NYC Living!,104814891,Kirra,Manhattan,Chinatown,40.71521,-73.99169,Private room,80,2,152,2019-07-05,5.01,1,105
15098355,Fantastic view of the Hudson river -1 Bedroom,23303311,Sandrine,Manhattan,Hell's Kitchen,40.76133,-73.99744,Entire home/apt,250,3,1,2016-10-15,0.03,1,158
4402805,LRG 2br BKLYN APT CLOSE TO TRAINS AND PARK,22807362,Jenny,Brooklyn,Prospect-Lefferts Gardens,40.66025,-73.9627,Entire home/apt,120,3,3,2018-08-28,0.05,1,16
479867,Williamsburg 2b apartment with deck,2377104,Hannah,Brooklyn,Williamsburg,40.71739,-73.95472,Entire home/apt,225,2,338,2019-07-07,3.9,2,225
5581442,Home 4 Medical Professionals- St Johns Episcopal 4,26377263,Stat,Queens,Far Rockaway,40.59594,-73.75492,Private room,38,30,5,2017-05-13,0.1,43,312
29653137,"♀ Female only Shared Bedroom, Double Bed",204852306,Dee,Brooklyn,Bedford-Stuyvesant,40.67801,-73.93141999999999,Shared room,35,15,0,,,14,0
33781074,Comfortable apartment in the heart of Brooklyn.,26071530,Olman,Brooklyn,Crown Heights,40.67533,-73.94889,Entire home/apt,100,2,6,2019-07-07,2.54,2,0
26255392,Large one bedroom on the Upper East Side.,64097192,Lisa,Manhattan,Upper East Side,40.77055,-73.95509,Entire home/apt,150,2,28,2019-07-01,2.25,1,0
36133,Classic Artist Loft Williamsburg,142684,White,Brooklyn,Williamsburg,40.71536,-73.96056999999999,Private room,125,3,155,2019-06-13,1.61,1,1
33291824,Nice and Cozy 2 bedrooms apartment near Manhattan,209569701,Beatriz,Queens,Long Island City,40.75464,-73.94107,Entire home/apt,190,4,7,2019-06-13,2.56,1,255
3684302,Crown Hts Beauty: Quiet and Cozy!,18030682,Amanda,Brooklyn,Crown Heights,40.67472,-73.94736999999999,Entire home/apt,100,7,46,2019-06-29,0.87,1,0
19602663,1 Room in high rise facing Central Park w/ balcony,137821526,Cathy,Manhattan,East Harlem,40.79622,-73.94825,Private room,160,1,0,,,2,0
19385872,Sun-filled Oasis in Crown Heights,13283016,Sarah,Brooklyn,Crown Heights,40.66658,-73.95167,Entire home/apt,157,1,0,,,1,0
2523629,ENTIRE APT IN GORGEOUS PARK SLOPE,12921356,Elizabeth,Brooklyn,South Slope,40.66517,-73.98637,Entire home/apt,165,5,7,2015-12-31,0.11,1,0
22389296,Spacious Bright Top Floor Apt w/ Balcony in LIC 2,25944182,Yves,Queens,Sunnyside,40.7387,-73.9283,Private room,76,2,53,2019-07-01,3.15,2,76
23024065,Brooklyn Artists Loft - 1 Bedroom,105758386,Julia,Brooklyn,Williamsburg,40.70581,-73.93454,Entire home/apt,100,2,2,2018-03-21,0.12,1,0
13864705,Your home away from home...,81953225,Donald,Bronx,Wakefield,40.8947,-73.85601,Private room,52,3,63,2018-09-21,1.78,1,0
3121176,1 BEDROOM APT IN PRIME WILLIAMSBURG,3663033,Jehan,Brooklyn,Williamsburg,40.71662,-73.95993,Entire home/apt,50,7,4,2016-03-09,0.07,1,0
4050795,Cozy Contempo Rustic Chic (stay w/a local artist!),21004091,Tony,Brooklyn,Bushwick,40.70102,-73.92864,Private room,90,2,52,2019-05-22,2.21,1,288
8016747,Modern Manhattan Oasis,1444040,Ethan,Manhattan,Lower East Side,40.72126,-73.98482,Entire home/apt,109,1,76,2016-09-29,1.65,1,0
23781939,Upper West Side 2 Bedroom,22866437,Eliana,Manhattan,Upper West Side,40.77907,-73.97887,Entire home/apt,300,2,2,2018-05-29,0.13,2,0
2048796,Sunnyside Gardens Oasis!,763439,Joel,Queens,Sunnyside,40.74817,-73.91886,Private room,50,1,1,2017-08-12,0.04,1,0
31565105,Massive Room in Bed-Stuy Clinton Hills,236596347,John,Brooklyn,Bedford-Stuyvesant,40.68226,-73.94493,Private room,69,2,1,2019-03-30,0.29,1,95
7664066,Cheerful Private Bedroom 5min to F & N Trains,17466612,Tanya,Brooklyn,Bensonhurst,40.6089,-73.97865999999999,Private room,43,2,22,2018-10-09,0.54,2,0
30401429,Lovely room in convenient location. J/M & L trains,58344344,Julie,Brooklyn,Bushwick,40.70089,-73.93903,Private room,51,1,33,2019-06-28,5.24,1,19
36279375,"Cozy, bohemian vibe private room",220991097,Jessica,Brooklyn,East New York,40.67303,-73.88620999999999,Private room,50,1,0,,,1,166
24916744,Newly Renovated Full One Bedroom Brooklyn Apt,93359389,David,Brooklyn,East Flatbush,40.65755,-73.92341,Entire home/apt,80,2,18,2019-06-18,1.46,1,39
15419574,Historic Cottage-Style Garden Home in LIC,98810918,Robin,Queens,Long Island City,40.74629,-73.95199000000001,Private room,95,3,56,2019-05-08,1.71,1,50
10297582,Sunny and huge room in Astoria!,52973925,Alexis,Queens,Astoria,40.75619,-73.91881,Private room,66,1,0,,,1,0
30535180,Cozy poet’s room in Central Manhattan,14254368,Jiaoyang,Manhattan,Murray Hill,40.7503,-73.97747,Private room,75,4,0,,,1,87
20245577,Big guest room on Upper west side,20850336,Yubo,Manhattan,Upper West Side,40.77621,-73.98054,Private room,140,1,13,2019-05-26,0.77,1,54
22452129,Private Guest Bedroom with beautiful back yard.,164516331,Hamza,Brooklyn,Bedford-Stuyvesant,40.68108,-73.92729,Private room,85,2,33,2018-09-30,1.86,1,0
31211375,Treehouse Brooklyn Loft,231959634,Eleanor And Alex,Brooklyn,Bushwick,40.69463,-73.92942,Private room,45,1,33,2019-07-01,5.35,2,25
4621213,"Cozy 2 bedroom, near Central Park",23899821,Maria,Manhattan,Upper West Side,40.78604,-73.97363,Entire home/apt,260,2,54,2019-07-01,0.98,1,16
34401334,Beautiful Room in BK!,226339724,David And Annette,Brooklyn,Bedford-Stuyvesant,40.68022,-73.91423,Private room,40,2,4,2019-06-12,1.82,10,350
12493228,Bright Airy Cozy Spacious Bedroom,816008,Elika,Manhattan,Hell's Kitchen,40.76093,-73.99014,Private room,100,5,8,2017-07-31,0.21,1,0
31226826,Cozy Bedroom 6 mins from JFK. 35mins frm the city,137017288,Khan,Queens,Jamaica,40.68574,-73.79008,Private room,50,1,1,2019-02-07,0.2,2,36
34686293,"Inviting , Cozy and Clean and room like home.",131234868,Salome,Manhattan,Washington Heights,40.85658,-73.93021,Private room,125,3,1,2019-07-03,1.0,1,81
23179415,Spacious Pre-War Apt - 1 Block Off Prospect Park,169851445,Mary,Brooklyn,Flatbush,40.654,-73.96209,Private room,47,1,0,,,1,0
23820909,Charming Bright Apartment Minutes From Manhattan,178636681,Kris,Brooklyn,Williamsburg,40.71097,-73.95895,Entire home/apt,110,3,11,2019-06-04,1.05,1,90
34453826,Spacious Room near Rockefeller Ctr & Times Square,260191397,Hotel Mela,Manhattan,Theater District,40.7575,-73.98728,Private room,100,1,0,,,7,300
19249099,Cozy Chelsea Apartment/ Highline/ Whitney Museum,41902579,Maria,Manhattan,Chelsea,40.74195,-74.00052,Entire home/apt,140,7,41,2019-06-15,1.66,1,13
18120094,Clean Private Room in East Village,24594940,Manisha,Manhattan,East Village,40.72177,-73.98286,Private room,100,5,8,2019-01-03,0.3,1,128
18629326,Spacious bedroom in colorful apartment,4401058,John,Brooklyn,Kensington,40.64354,-73.97967,Private room,110,1,0,,,1,0
22360787,"Friendly, bright & safe first floor Brooklyn gem!",33738190,Jen,Brooklyn,Sunset Park,40.66316,-73.99643,Private room,80,1,0,,,3,0
20920048,Cozy Private Bedroom/Bathroom,135904657,David,Manhattan,Harlem,40.80508,-73.94941999999999,Private room,125,2,70,2019-01-09,3.24,2,0
22376064,Brooklyn Chill Space One Bedroom,5524607,Tanya,Brooklyn,Bedford-Stuyvesant,40.68576,-73.91719,Entire home/apt,95,1,35,2019-07-03,2.04,1,28
24846816,"Cozy Near LGA, Center of Queens RM2",187822288,Zahir,Queens,East Elmhurst,40.76921,-73.87132,Private room,49,1,128,2019-06-22,8.95,5,278
15643425,Spacious Victorian home,11742138,Susan,Brooklyn,Flatbush,40.63667,-73.96705,Entire home/apt,250,4,3,2019-06-25,1.07,1,35
13979694,Cozy comfortable room near LGA&JFK#2,82367658,John,Queens,Richmond Hill,40.690540000000006,-73.82185,Private room,38,3,19,2019-06-17,0.55,5,278
4155099,Large Group Friendly Rental,11948817,Leslie,Brooklyn,Canarsie,40.62864,-73.89265,Entire home/apt,225,2,11,2019-06-02,0.22,2,305
4509560,Reno Studio Gramercy~Sleeps3!,2119276,Host,Manhattan,Gramercy,40.73505,-73.98212,Entire home/apt,140,30,9,2018-08-11,0.17,39,344
10351249,Spacious 2 Bedroom Lower East Side,53281880,Sandra,Manhattan,Chinatown,40.71288,-73.9974,Entire home/apt,180,2,167,2019-06-25,4.04,1,261
21932693,Big loft in Williamsburg,43600815,Rafael,Brooklyn,Williamsburg,40.70572,-73.93823,Private room,65,8,1,2018-01-01,0.05,2,0
32847511,Luxurious 1BR Gorgeous City View High Elevation,247118366,Paul,Manhattan,Hell's Kitchen,40.76195,-73.98770999999999,Entire home/apt,260,2,14,2019-06-14,4.24,1,212
7921643,Luxury studio in Brooklyn,15102423,Prachal,Brooklyn,Fort Greene,40.69011,-73.98053,Entire home/apt,225,1,0,,,1,0
13480134,cosy room with all confort,51329030,Zakaria,Bronx,Longwood,40.82716,-73.89911,Private room,30,1,11,2016-11-18,0.3,1,0
33038266,Spacious Room in Chill Ridgewood Avail. Sept - Oct,216310452,Jorge,Queens,Ridgewood,40.70078,-73.9072,Private room,60,35,1,2019-04-02,0.3,1,64
21222809,Bed-stuY GeM !,140862658,Carmen,Brooklyn,Bedford-Stuyvesant,40.689040000000006,-73.9428,Private room,68,1,37,2019-01-20,1.84,1,0
31224624,Rose in Spanish Harlem,202587815,Willie,Manhattan,East Harlem,40.79132,-73.95083000000001,Private room,85,2,15,2019-06-04,2.42,2,224
28890908,Beautiful Apartment in Ideal Manhattan Location,192270861,Zach,Manhattan,Harlem,40.81993,-73.94768,Private room,75,5,1,2019-01-29,0.19,1,0
19906070,Lovely 1 bedroom Manhattan flat in Spanish Harlem,140964310,Shiv,Manhattan,East Harlem,40.79405,-73.94242,Private room,150,7,0,,,1,0
23075778,Gem in the East Village,2786998,Akshay,Manhattan,East Village,40.726290000000006,-73.98416999999999,Entire home/apt,150,2,20,2019-06-16,1.19,1,2
36341843,"It's up to you, New York, NEW YORK!",17682620,Michel,Manhattan,Hell's Kitchen,40.75896,-73.99153000000001,Entire home/apt,300,5,0,,,1,34
29652691,♀ Female Only Large Sunny Shared Room Double bed,204852306,Dee,Brooklyn,Bedford-Stuyvesant,40.67817,-73.93198000000001,Shared room,35,15,0,,,14,0
8693545,Great affordable room.,42421006,Jose,Manhattan,Washington Heights,40.84874,-73.94202,Private room,99,1,129,2019-01-24,3.75,2,299
31948183,Stylish Bushwick apartment with private backyard,12166574,Jordy,Brooklyn,Bushwick,40.701440000000005,-73.92662,Entire home/apt,120,2,4,2019-05-28,0.85,1,14
56467,Cozy East Village Railroad 1 Bed!,267593,Leonardo,Manhattan,East Village,40.72752,-73.98432,Entire home/apt,130,1,204,2019-07-01,2.04,1,192
8189121,Sunny & Spacious in Carroll Gardens,333195,Anne,Brooklyn,Carroll Gardens,40.68326,-73.99327,Entire home/apt,115,3,27,2018-09-03,0.58,1,166
840794,Big one bedroom located in Brooklyn,4390881,Todd,Brooklyn,Prospect Heights,40.6763,-73.96528,Entire home/apt,85,14,13,2019-01-26,0.17,1,22
10000470,Charming and CLEAN Room!!,51374331,Daniel,Brooklyn,Bedford-Stuyvesant,40.68512,-73.93893,Private room,57,2,175,2019-06-28,4.08,1,38
26190785,Minimalistic private room w twin bed in the Bronx,144119993,Charles,Bronx,Belmont,40.85609,-73.88391,Private room,30,1,9,2018-08-02,0.71,2,0
18249844,Central Park One Bedroom Apartment in Harlem,126110994,Andrew,Manhattan,Harlem,40.8043,-73.95106,Entire home/apt,85,1,25,2017-07-20,0.93,1,0
18458323,Sun Drenched Gramercy/East Village!,68274298,Chelsea,Manhattan,Gramercy,40.73401,-73.9814,Entire home/apt,226,2,15,2017-12-18,0.58,1,0
22337426,Quaint NYC One Bedroom,57818788,Morgan,Manhattan,East Harlem,40.81038,-73.93809,Entire home/apt,100,3,3,2018-01-21,0.16,1,0
1950311,"Bright, cozy East Williamsburg home",8551260,Hannah,Brooklyn,Williamsburg,40.70604,-73.94457,Entire home/apt,151,5,39,2019-06-18,0.58,2,0
5373297,Comfy 1 Bedroom Apt with Guest Room,26951283,Alexsis,Brooklyn,Park Slope,40.67092,-73.98759,Entire home/apt,100,2,4,2016-10-23,0.08,1,0
31365313,Large 1 bedroom in SOHO,101890546,Sam,Manhattan,Little Italy,40.71916,-73.99754,Entire home/apt,229,1,3,2019-02-16,0.53,1,362
13243946,Sunny one-bedroom two blocks from Central Park,5704909,Taeko,Manhattan,Harlem,40.80041,-73.95237,Entire home/apt,160,3,1,2016-06-12,0.03,1,0
470709,Spacious sunny LOFT - best location,2335775,Diana,Brooklyn,Williamsburg,40.71856,-73.95166,Entire home/apt,165,30,154,2018-12-12,1.87,1,157
3785438,Quiet Oasis in the Middle of it All,16437254,Benjamin,Brooklyn,Fort Greene,40.68961,-73.97780999999999,Entire home/apt,158,30,5,2019-03-30,0.1,21,278
33908446,"Free Cleaning & WiFi, Quick Walk to Metro-Modern!",133555768,John & Jennifer,Brooklyn,Bedford-Stuyvesant,40.69116,-73.92658,Private room,35,30,1,2019-05-13,0.52,3,53
12317903,Newly Renovated Studio Midtown East,1512462,Evan & Maria,Manhattan,Midtown,40.75489,-73.9666,Entire home/apt,239,4,132,2019-06-21,3.39,2,242
6887755,Spacious and nice 2BR near Subway,21426910,Allen,Brooklyn,Gravesend,40.59627,-73.97287,Entire home/apt,109,2,224,2019-07-05,4.7,2,73
10403922,Brooklyn Park Slope Queen Bed,33213436,Alec,Brooklyn,Gowanus,40.67991,-73.98368,Private room,149,1,93,2019-02-18,2.48,8,365
755684,Cozy Soho Studio Loft Apt Bleecker ,3977494,Sandra,Manhattan,Greenwich Village,40.727140000000006,-73.99580999999999,Entire home/apt,187,14,1,2013-01-04,0.01,1,0
8435067,"Bright, Light & Sunny Room",18830662,Jack,Manhattan,Chinatown,40.71707,-73.99065999999999,Private room,99,3,1,2015-10-12,0.02,2,0
13265710,Sunny Bedroom in Harlem,74712074,Noel,Manhattan,Harlem,40.81834,-73.93929,Private room,70,1,4,2016-11-21,0.11,1,0
19655186,Spacious Prewar South Bronx Apartment,138359603,Anamaria,Bronx,Concourse,40.82153,-73.92683000000001,Entire home/apt,140,2,2,2017-08-09,0.08,1,0
31858749,"Quiet, comfortable & bright apt in East Village",2582224,Daniel,Manhattan,East Village,40.72749,-73.98674,Entire home/apt,150,5,1,2019-04-30,0.43,1,249
24042606,Modern sunlit apartment in the heart of Bushwick,91427536,Yoav,Brooklyn,Bushwick,40.69642,-73.9243,Private room,45,5,5,2019-04-20,0.58,2,3
25786000,Explorer's Apartment,193791518,Micheal,Manhattan,Midtown,40.75565,-73.96722,Entire home/apt,186,3,45,2019-07-06,3.8,1,219
12324428,Comfy Room in Large E Williamsburg Apartment,1702298,Sofia,Brooklyn,Williamsburg,40.71378,-73.93762,Private room,40,15,0,,,1,0
15043788,Private Room in Sunnyside 3,84607966,Nurcan,Queens,Sunnyside,40.73908,-73.9203,Private room,45,1,134,2019-07-01,3.93,3,308
7841904,Modern Private Room in Meatpacking,24976518,Mike,Manhattan,West Village,40.74005,-74.00466,Private room,75,3,4,2017-01-02,0.09,1,0
2674267,Comfy UWS Room near Central Park & Times Square,3929012,Kevin,Manhattan,Upper West Side,40.77848,-73.98334,Private room,109,1,288,2019-07-02,4.58,4,103
16406203,Fort Greene apartment,43272616,Emi,Brooklyn,Fort Greene,40.69613,-73.97364,Private room,80,3,0,,,2,0
1061337,Sunny Private BR Crown Hts Brooklyn,1557383,Candace,Brooklyn,Crown Heights,40.67418,-73.94660999999999,Private room,70,1,4,2017-08-01,0.06,1,0
23870093,Private Sunny Apt In Beautiful Brooklyn Brownstone,6570552,Hugo,Brooklyn,Bedford-Stuyvesant,40.68424,-73.93851,Entire home/apt,120,5,2,2018-09-25,0.2,1,301
34971449,Amazing 1 bed 1 bath in full service bld #6118,35098529,David,Manhattan,Kips Bay,40.74536,-73.97799,Entire home/apt,180,30,0,,,5,327
34504407,"Large UES studio Central Park close, 1 bk to Q sub",9910595,Deep,Manhattan,Upper East Side,40.76703,-73.95555999999999,Entire home/apt,155,2,0,,,1,113
35711784,Private 1BR Apt 3min from Times Square,268352337,Logan,Manhattan,Hell's Kitchen,40.76494,-73.98874,Entire home/apt,250,1,0,,,2,360
19140331,Arverne by The Sea ~ Surf Ave Apt,32866694,Samantha,Queens,Arverne,40.58845,-73.79514,Entire home/apt,86,2,23,2019-06-04,2.06,1,20
36149658,Bedstuy Home of The Greats (Stuyvesant Heights),271901058,Fernando,Brooklyn,Bedford-Stuyvesant,40.68795,-73.9374,Private room,65,1,1,2019-06-29,1.0,1,335
13279036,Sunny cozy room with rooftop area in BK,72483475,Andrea,Brooklyn,Bushwick,40.69092,-73.91073,Private room,50,2,2,2016-06-14,0.05,1,0
431865,Elegant Uptown Historic District Garden Apartment,361855,Kurt,Manhattan,Washington Heights,40.83451,-73.93885,Entire home/apt,275,3,50,2019-06-30,0.87,2,277
9611121,Penthouse in Crown Heights,1192413,Yoav,Brooklyn,Crown Heights,40.66909,-73.95144,Entire home/apt,99,1,0,,,1,0
3953942,Spacious 1 Bedroom Apt in Brooklyn,8015051,Justine,Brooklyn,Crown Heights,40.67042,-73.95608,Entire home/apt,115,2,76,2019-06-16,1.3,1,283
33167738,E. Williamsburg/Bushwick/Bedstuy Private Bedroom,21524809,Jeremy,Brooklyn,Williamsburg,40.70312,-73.94464,Private room,75,4,6,2019-06-24,1.98,1,55
21020862,"Elegant Private Room,  Bath & Patio Next to Subway",59795431,Nazeer,Bronx,Williamsbridge,40.88192,-73.86186,Private room,60,1,70,2019-06-21,3.55,1,283
27088944,Charming and Artistic West Village Studio,2102205,Conrad,Manhattan,West Village,40.73894,-74.00108,Entire home/apt,250,2,15,2018-12-22,1.33,1,0
12611122,"Styled, Spacious Ft Greene Studio",6444711,Emily,Brooklyn,Fort Greene,40.68672,-73.97555,Entire home/apt,150,2,7,2017-05-15,0.19,1,0
35872024,"Full size bedroom in a duplex, private garden view",4521174,Caroline,Brooklyn,Crown Heights,40.67032,-73.93956999999999,Private room,65,7,0,,,3,63
18546552,Large 1 Bedroom in South Brooklyn,12627412,Allen,Brooklyn,Sheepshead Bay,40.60402,-73.95257,Entire home/apt,88,4,1,2017-05-22,0.04,1,0
6114161,Beautiful Apartment in SoHo,21327551,Liza,Manhattan,Nolita,40.72191,-73.99587,Private room,125,1,1,2015-05-19,0.02,1,0
35079670,Entire one-bedroom apartment in heart of Harlem!,9524788,Nicole,Manhattan,East Harlem,40.80619,-73.94174,Entire home/apt,125,2,1,2019-07-03,1.0,1,1
29495273,Home on Houston - 2 Rooms near SoHo/NoHo/LES,818753,Jamie,Manhattan,NoHo,40.725840000000005,-73.99306,Private room,295,2,0,,,1,5
23312379,UWS Brownstone - Near Central Park/Lincoln Center,8055207,Nate,Manhattan,Upper West Side,40.77839,-73.97613,Private room,165,4,53,2019-06-20,3.24,1,0
18306713,Sunny Spacious King Size Bed,67986867,Tiago,Brooklyn,Bushwick,40.69449,-73.92629000000001,Entire home/apt,235,3,4,2017-10-23,0.18,1,0
24862077,The Perfect Escape,142455925,Hannah,Manhattan,Upper East Side,40.7661,-73.95419,Entire home/apt,118,3,3,2018-06-19,0.23,1,0
36139701,Cozy place by Times Square,271393608,Michael,Manhattan,Hell's Kitchen,40.76658,-73.98566,Shared room,69,1,0,,,6,23
16506579,Interfaith Retreats (Kirtan),16677326,Alex And Zeena,Manhattan,Chelsea,40.74788,-73.99615,Private room,85,1,108,2019-06-15,3.53,12,356
6477272,Astoria HUGE Balcony PRIME location,6696648,Chris,Queens,Astoria,40.7666,-73.92079,Entire home/apt,155,6,4,2017-01-01,0.11,1,173
7953690,L Train · 11' Windows · Rooftop,10556524,Ryan,Brooklyn,Williamsburg,40.70649,-73.92954,Private room,89,2,2,2016-06-19,0.05,2,0
22224945,IL TUO APPARTAMENTO PERSONALE IN NEW YORK CITY!!,62068432,Rita,Manhattan,Harlem,40.81462,-73.95047,Entire home/apt,80,6,2,2019-03-31,0.1,1,31
28129768,Cozy private room,10009047,Alexandra,Queens,Astoria,40.76605,-73.908,Private room,65,3,15,2019-04-10,1.51,1,0
20176191,Enormous Private Room in Shared Apartment,6971106,Michael,Manhattan,Upper West Side,40.79938,-73.97057,Private room,100,5,0,,,2,0
10160215,Torre del Lago Room.,2787,John,Brooklyn,Gravesend,40.60755,-73.9741,Private room,79,1,17,2019-06-26,0.4,6,174
9824042,21st Floor Bedroom in Doorman & Elevator Building,24175837,Greg,Manhattan,Kips Bay,40.74423,-73.97742,Private room,69,4,107,2019-04-15,2.5,2,0
18869228,CHARMING STUDIO HALF BLOCK TO CENTRAL PARK UWS,9293730,Inna,Manhattan,Upper West Side,40.78569,-73.97048000000001,Entire home/apt,79,30,1,2017-10-16,0.05,16,329
6909615,Nifty room near Express A train!,36208205,Jakob,Manhattan,Washington Heights,40.84666,-73.9379,Private room,45,1,1,2015-08-25,0.02,1,0
14965582,Room in two bedroom apartment,94243268,Ayanna,Brooklyn,Bushwick,40.69296,-73.92092,Private room,64,1,0,,,1,83
9699559,Newly Renovated Midtown Apartment,3655401,Stephen,Manhattan,Kips Bay,40.74106,-73.97818000000001,Entire home/apt,150,3,2,2016-01-02,0.05,1,0
7775924,AUG 16-31 - LARGE FURNISHED 1 BDRM,3002111,Ana,Manhattan,Kips Bay,40.74056,-73.98389,Private room,70,15,0,,,1,0
20450185,Sunny Greenpoint Room,3656083,Juan,Brooklyn,Greenpoint,40.73237,-73.95952,Private room,61,10,2,2018-07-13,0.09,2,0
23714854,Gorgeous Room in Downtown Designer Apartment,48911266,Tess,Manhattan,Two Bridges,40.71262,-73.99592,Private room,119,3,17,2019-05-15,1.31,2,86
16805446,Perfect Cobble Hill Apartment for Two,7786166,Kate,Brooklyn,Cobble Hill,40.68687,-73.99471,Entire home/apt,190,2,15,2019-06-22,0.53,1,162
22080826,Spacious 1BR in trendy Brooklyn from 12/12-1/12,3770299,Michelle,Brooklyn,Clinton Hill,40.69284,-73.96824000000001,Entire home/apt,150,15,0,,,1,0
30570178,CHEERFUL RM IN BROOKLYN! EASY ACCESS TO TRAIN! R3,229147376,Melly,Brooklyn,Bedford-Stuyvesant,40.687090000000005,-73.95801,Private room,45,15,3,2019-05-12,0.47,11,199
35031939,"BIG APARTMENT. NEW AC ROOM, HUDSON RIVER. COMFY.",263896559,Moises,Manhattan,Harlem,40.82204,-73.95566,Private room,60,1,4,2019-07-06,3.24,3,211
19696972,Stockton Studios,98093770,Dane,Brooklyn,Bedford-Stuyvesant,40.69545,-73.94839,Private room,44,3,13,2018-03-27,0.54,1,0
21781515,Garden Apartment in the Heart of Greenpoint,35020019,Michael,Brooklyn,Greenpoint,40.72513,-73.94829,Private room,110,2,21,2019-06-24,1.37,1,336
27131829,Heart of Bushwick 2 minutes to the L train,23074465,John,Brooklyn,Bushwick,40.70181,-73.91566,Private room,65,1,44,2019-07-01,5.34,3,27
4188351,"Cozy, charming private apt in Brooklyn",610819,Brian,Brooklyn,Bedford-Stuyvesant,40.69389,-73.93058,Entire home/apt,116,2,148,2019-06-16,2.56,1,0
14446960,"Cozy 3 Bedroom, 20 Minutes to Times Square!",88960729,Chin,Queens,Woodside,40.74321,-73.89988000000001,Entire home/apt,199,3,169,2019-06-24,4.8,1,302
4773463,Bright new studio in heart of LIC,7156474,Haley,Queens,Long Island City,40.74651,-73.954,Entire home/apt,175,1,0,,,1,0
27578298,Large studio apt in Grammercy,506194,Shivani,Manhattan,Kips Bay,40.73995,-73.98401,Entire home/apt,150,15,1,2018-09-11,0.1,1,5
4171692,Luxe New Queen Br near Subways,17462748,Steven,Brooklyn,Crown Heights,40.67412,-73.93833000000001,Private room,70,5,92,2019-07-06,1.58,5,148
4396939,Private Room in Midtown Manhattan,22827111,Matthew & Marilyn,Manhattan,Hell's Kitchen,40.76049,-73.99569,Private room,89,4,56,2019-06-01,0.98,2,301
31221559,Flatbush Hideaway - Quiet and close to subway!,67345821,Jason,Brooklyn,East Flatbush,40.64445,-73.94943,Entire home/apt,33,1,29,2019-07-01,4.75,1,19
21370008,Private Comfy Town Home in Heart of Williamsburg,10545382,Chase,Brooklyn,Williamsburg,40.71561,-73.96307,Private room,129,1,66,2019-07-07,3.32,2,84
36212415,Beautiful studio in far rockaway,272365275,Abimbola,Queens,Bayswater,40.59947,-73.76468,Private room,55,1,0,,,1,170
6481924,"Brooklyn, Sundrenched & Peaceful",1862576,Gan,Brooklyn,Sunset Park,40.65168,-74.00178000000001,Entire home/apt,105,7,3,2016-01-06,0.06,1,0
848718,Spacious & Comfy by Prospect Park,4375988,Keturah,Brooklyn,Prospect-Lefferts Gardens,40.6593,-73.95685999999999,Private room,75,3,46,2019-06-06,0.82,3,311
20942199,LUXURY BROADWAY/FINANCIAL DISTRICT,76104209,Rated,Manhattan,Financial District,40.70903,-74.01401,Entire home/apt,235,30,0,,,33,351
24632590,"Apt near ferry,verrazano brdg, RUMC,buses NYC wifi",32162495,Mostafa,Staten Island,Tompkinsville,40.6326,-74.09099,Entire home/apt,199,1,36,2019-06-23,2.51,3,171
1403635,Sunny & large W. Harlem private 1 bedroom.,754675,Lucy,Manhattan,Harlem,40.82036,-73.95589,Private room,75,5,3,2018-12-31,0.16,1,0
2467879,"Great, cozy room in Williamsburg!",786862,Cristina,Brooklyn,Williamsburg,40.71841,-73.95992,Private room,90,1,2,2015-04-30,0.03,1,0
29236294,Elite Penthouse,213781715,Anting,Manhattan,NoHo,40.72858,-73.99141,Entire home/apt,179,1,4,2019-05-20,0.47,33,179
4708314,Spacious Williamsburg Retreat,1265619,Felipe,Brooklyn,Williamsburg,40.72018,-73.96055,Entire home/apt,120,2,8,2019-03-17,0.16,1,8
21652744,Crown heights hangout,157599851,Mallory,Brooklyn,Crown Heights,40.67286,-73.94758,Private room,31,6,0,,,1,0
9609800,"*Huge, Clean & Spacious Stay in NYC*",12651062,Adam,Manhattan,Washington Heights,40.83625,-73.93753000000001,Private room,50,3,2,2018-09-17,0.05,1,5
35874530,2 Bedroom w/ King Bed in Greenpoint BK,146636596,Lala,Brooklyn,Greenpoint,40.72845,-73.95791,Entire home/apt,300,2,1,2019-06-23,1.0,1,24
23059062,Sunny Basement Apt. in House w/ Garden Near Ferry,6966161,Michal,Staten Island,St. George,40.64399,-74.08525999999999,Entire home/apt,77,7,0,,,1,0
13213869,Beautiful one bedroom home in Washington Heights,38284609,Emily,Manhattan,Washington Heights,40.8449,-73.94034,Private room,85,3,10,2019-01-01,0.3,1,362
15624363,Furnished Bedroom w/Private Bath in BROOKLYN,52894477,Jennifer & Inam,Brooklyn,Crown Heights,40.67033,-73.96161,Private room,48,30,3,2019-05-15,0.24,1,136
34843532,✰ RARE FIND ✰ PRIVATE PATIO ✰,229506961,Alex,Manhattan,Midtown,40.75935,-73.96471,Entire home/apt,289,2,3,2019-07-04,3.0,1,309
20149300,Crown Heights Guest House 3R3L,74541079,Abraham,Brooklyn,Crown Heights,40.66955,-73.93576,Entire home/apt,199,4,7,2019-04-29,0.34,9,89
28108959,Sunny Prospect Park Studio,2153064,Justin,Brooklyn,Prospect-Lefferts Gardens,40.66021,-73.95982,Entire home/apt,100,3,18,2019-06-20,1.74,1,0
26627587,RH COZY HOME,199954647,Danny,Queens,Richmond Hill,40.69666,-73.83415,Entire home/apt,100,3,15,2019-01-01,1.33,1,0
34091327,Beautiful 1 bedroom near to Time’s Square,34689714,Maria,Manhattan,Hell's Kitchen,40.76512,-73.98674,Entire home/apt,240,1,0,,,5,365
16731782,"Private, Windsor Terrace Studio",1384388,Georgia And Kevin,Brooklyn,Windsor Terrace,40.65552,-73.97493,Entire home/apt,98,1,122,2019-06-24,4.13,1,127
25202604,Luxurious  Apt2 with Manhattan views on roof deck,153565366,Hugo,Brooklyn,Park Slope,40.67638,-73.98278,Entire home/apt,295,4,16,2019-07-04,1.42,3,68
16039453,The Blue Floaty Studio,86887132,Nepreil,Queens,Jamaica,40.69469,-73.78196,Entire home/apt,99,2,13,2019-06-30,1.71,2,365
15195491,Private Room w/ Private Bath in Heart of Bed-Stuy,33612454,Lucey,Brooklyn,Bedford-Stuyvesant,40.68655,-73.94299000000001,Private room,80,2,106,2019-06-24,3.14,1,47
3090922,"Private Rm in Cozy Wburg Loft, 1 blk fr Bedford L",4936720,Mac,Brooklyn,Williamsburg,40.7152,-73.95445,Private room,75,1,52,2019-06-16,1.29,2,25
25476912,3rd floor: Charming 2 BR guest suite with balcony,38675275,Margaret,Queens,Belle Harbor,40.57592,-73.84823,Private room,200,2,4,2019-06-16,1.28,2,332
26550322,Modern duplex 30 minutes to Times Square,179483216,Marvin,Manhattan,Washington Heights,40.85515,-73.93297,Entire home/apt,250,4,20,2019-06-22,1.94,1,228
27963404,West Village Prime Location Light and Chic,72420514,Cate,Manhattan,West Village,40.73723,-74.00845,Entire home/apt,214,1,8,2019-05-07,0.75,3,296
1340982,Steps from Central Park,7273689,Olya,Manhattan,Upper East Side,40.77207,-73.95923,Entire home/apt,169,7,11,2019-01-05,0.2,1,24
8709326,East 60's - Amazing Private Room,41638669,Karan,Manhattan,Upper East Side,40.76574,-73.95875,Private room,141,1,2,2015-10-29,0.04,1,0
35283981,PRIVATE suite / luxury building / west Chelsea,54481883,Camille,Manhattan,Chelsea,40.744690000000006,-74.00535,Entire home/apt,250,4,0,,,2,0
9559239,Stunning 2 story Duplex in SOHO,608275,Helen,Manhattan,Greenwich Village,40.72704,-73.99954,Entire home/apt,300,3,1,2016-01-03,0.02,1,0
16688119,Stunning Brooklyn Condo,31429300,Cindy,Brooklyn,Greenpoint,40.73677,-73.95418000000001,Entire home/apt,109,90,1,2017-04-10,0.04,1,35
34284409,Sonder | 116 John | Modern Studio + Gym,219517861,Sonder (NYC),Manhattan,Financial District,40.70825,-74.00482,Entire home/apt,100,29,1,2019-06-06,0.88,327,358
4853287,Currently Not Avail,23621417,Agel,Brooklyn,Williamsburg,40.70969,-73.94925,Entire home/apt,120,1,0,,,1,0
21249716,MidtownWest  Home close to Times Square & Broadway,4144536,Guillermo,Manhattan,Hell's Kitchen,40.76234,-73.99036,Private room,160,2,30,2019-07-02,1.55,1,162
20584605,Super suite to stay in New York,45623372,Maria Ines,Brooklyn,Williamsburg,40.71358,-73.96421,Entire home/apt,160,7,4,2018-09-28,0.18,1,0
6462454,"Spacious, Bright, Brooklyn Beauty",3210626,Matthew,Brooklyn,Park Slope,40.6761,-73.97509000000001,Entire home/apt,200,1,0,,,1,0
16212767,Studio with private entrance near Central Park.,6082745,Tracey,Manhattan,Upper West Side,40.78361,-73.9732,Entire home/apt,225,10,14,2019-04-24,0.52,1,11
13039351,Whole Apartment in Fort Greene,751120,Nat,Brooklyn,Fort Greene,40.68715,-73.97388000000001,Entire home/apt,120,2,21,2017-04-06,0.56,1,0
26383523,Bright Artist's Loft on the Lower East Side,18252465,Liza,Manhattan,Lower East Side,40.71452,-73.98201,Entire home/apt,225,4,2,2019-01-02,0.29,1,0
31511086,Private cozy room in Manhattan,144006321,Lethy,Manhattan,Washington Heights,40.84282,-73.94133000000001,Private room,45,1,13,2019-07-07,2.45,1,87
22281888,The Fountain House,162836752,Omowumi,Brooklyn,East New York,40.670770000000005,-73.87564,Entire home/apt,169,2,23,2019-06-17,1.36,1,196
35561531,"Spacious and bright room, with easy commute in nyc",6048765,Raz,Manhattan,Harlem,40.81868,-73.93937,Private room,67,3,0,,,2,88
12363920,Rent a room in modern Bushwick apt,66787512,Henrik,Brooklyn,Bushwick,40.69969,-73.91896,Private room,45,1,7,2016-06-19,0.18,1,0
756928,Your OWN Private Garden Apartment,1358245,Tania,Brooklyn,Clinton Hill,40.68785,-73.96708000000001,Entire home/apt,100,2,27,2018-09-15,0.33,1,159
12772993,Penn Station / Chelsea North room,37521233,Jay,Manhattan,Chelsea,40.75053,-73.99685,Private room,55,2,5,2016-11-26,0.13,1,0
29414633,private room,221574115,Ahmet,Brooklyn,Bensonhurst,40.61208,-74.00180999999999,Shared room,15,10,0,,,2,0
7908355,"Loft Bedroom in Clinton Hill, Brooklyn",21657314,Luke,Brooklyn,Clinton Hill,40.69143,-73.96079,Private room,108,4,21,2019-06-15,2.31,1,12
27357619,Private Room; Safe Building; All The Amenities,41287915,Larry,Brooklyn,Bushwick,40.69743,-73.92929000000001,Private room,75,1,27,2019-06-30,2.45,1,29
32306053,Modern renovated 1 BR in the heart of Manhattan,48339350,Kel,Manhattan,Upper East Side,40.76218,-73.96633,Entire home/apt,136,1,26,2019-06-29,5.91,1,47
16269989,Charming Room in Brooklyn Townhome,20645317,Cortney,Brooklyn,Clinton Hill,40.6886,-73.96197,Private room,80,2,4,2018-08-30,0.13,1,10
1203812,Quiet minimal clean,6575712,Emma,Manhattan,East Village,40.73138,-73.98807,Entire home/apt,125,2,28,2019-05-20,0.45,1,179
22245314,Sunny Park Slope Studio,29001464,Grey,Brooklyn,Park Slope,40.67245,-73.97341,Entire home/apt,92,60,1,2018-10-17,0.11,1,0
29163083,Warm and Cozy two bedroom in prime Chelsea,217792112,George,Manhattan,Chelsea,40.74889,-74.00131999999999,Entire home/apt,320,3,40,2019-06-16,4.53,1,95
6079197,Single private room near train 1,31555753,Naichen,Manhattan,Upper West Side,40.80272,-73.96634,Private room,45,1,7,2015-08-02,0.14,1,0
18866187,Carroll Gardens Modern Sunny Loft,4463379,Katy,Brooklyn,Gowanus,40.67718,-73.99656,Entire home/apt,350,3,0,,,1,0
30763404,Entire studio East village Walk to All,230192818,Felicia,Manhattan,East Village,40.72138,-73.98084,Entire home/apt,90,1,22,2019-06-28,3.4,2,17
918049,Union Sq European Serene apt,4929807,Liz,Manhattan,Chelsea,40.73949,-73.99483000000001,Entire home/apt,250,3,48,2019-06-23,0.66,1,217
8505892,"Bright, Spacious, Art Filled Apt",11241345,Madison,Manhattan,Lower East Side,40.72027,-73.98565,Entire home/apt,275,1,0,,,1,0
7043746,2 block walk from the beach in NYC,36935244,Vladimir,Queens,Arverne,40.5927,-73.7899,Entire home/apt,250,2,89,2019-05-26,1.82,1,300
2633717,Private room in friendly Brownstone,13486605,Rachael And Christopher,Brooklyn,Bushwick,40.69616,-73.93200999999999,Private room,40,1,25,2018-09-15,0.39,1,0
29923198,New york doorman building with private balcony,64802660,David,Manhattan,Midtown,40.76495,-73.98313,Entire home/apt,175,153,0,,,2,295
17265284,"Luxury/3 bdrms/2 baths/private parking/1,000 sqft",116396065,Amy,Brooklyn,Sheepshead Bay,40.6027,-73.9486,Entire home/apt,179,2,101,2019-07-06,3.53,1,211
22353870,Great bedroom in cozy apt. close to Central Park.,19543830,Gabe,Manhattan,Harlem,40.7987,-73.9531,Private room,60,4,1,2018-12-26,0.15,1,0
10546254,Fort Greene Studio-Flat,54378184,Eej,Brooklyn,Fort Greene,40.68706,-73.97065,Entire home/apt,150,30,20,2019-06-09,0.47,3,326
13294325,"Private Bedroom in Brownstone House, Bedstuy",75034279,Irina,Brooklyn,Bedford-Stuyvesant,40.69389,-73.9512,Private room,56,2,43,2019-06-30,1.61,2,110
14294585,"Top 7th floor sunny 1 bedroom - Sugar Hill, Harlem",24103270,Andres,Manhattan,Harlem,40.82485,-73.94366,Entire home/apt,49,30,11,2019-03-02,0.32,1,36
35884299,Waterside Studio,193256713,Katharine,Manhattan,Kips Bay,40.73763,-73.97368,Entire home/apt,80,1,0,,,1,1
21815771,Cozy Affordable room in Brooklyn,158920456,Diego,Brooklyn,Bedford-Stuyvesant,40.6786,-73.9255,Private room,40,1,13,2019-06-30,0.65,1,184
22856025,Newly Renovated Guest Room with Private Bath,34635838,Madeline,Staten Island,Bull's Head,40.60295,-74.17116999999999,Private room,25,1,34,2019-05-16,2.06,2,0
9596608,Family friendly upper west side apt,4931159,Rob,Manhattan,Upper West Side,40.7924,-73.97265,Entire home/apt,85,4,17,2019-04-21,0.55,1,0
6300424,Sunny Room! Block From park! SwEeT!,19575935,Dov,Brooklyn,Greenpoint,40.72469,-73.95099,Private room,80,1,2,2016-04-03,0.05,1,0
12497757,Fully Furnished Williamsburg Apt,50137233,Courtney,Brooklyn,Williamsburg,40.712,-73.94609,Private room,190,1,0,,,1,0
20849726,East Village Penthouse Terrace,34692684,Spiritt,Manhattan,East Village,40.72737,-73.98815,Private room,140,2,0,,,1,0
36270530,Heart of Harlem Studio,272787571,Rj,Manhattan,Harlem,40.81374,-73.9439,Entire home/apt,125,4,0,,,1,158
10385262,UPPER WEST SIDE GEM ON PARK BLOCK,53462017,Harry,Manhattan,Upper West Side,40.78923,-73.96802,Entire home/apt,135,30,1,2019-06-21,1.0,1,30
22667649,Cute private room in  Downtown NYC,260958,Aura,Manhattan,Chinatown,40.71391,-73.99076,Private room,65,3,3,2018-10-15,0.17,3,0
12052609,Cozy private 1.5BR Garden Apartment w/ backyard,44332076,Amber,Manhattan,Washington Heights,40.84915,-73.93316999999999,Entire home/apt,170,5,24,2019-04-24,1.39,1,121
13960907,Quiet and Sunny bedroom @Williamsburg bedford,11040921,Nicolas,Brooklyn,Williamsburg,40.71576,-73.95586,Private room,70,2,3,2016-08-31,0.08,1,0
2118102,Charming West Village One Bedroom,7579627,Maria,Manhattan,West Village,40.73236,-74.00353,Entire home/apt,200,1,4,2016-12-22,0.06,1,0
31651200,Private room in Midtown Manhattan with Balcony,10318796,Roberta,Manhattan,Midtown,40.75403,-73.9715,Private room,160,2,0,,,1,0
24278899,Fantastic studio in Chinatown/Lower East side,24404900,Nate,Manhattan,Chinatown,40.71371,-73.99355,Entire home/apt,100,2,73,2019-06-30,4.86,1,3
25030760,Small and cozy room in awesome place,8076786,Suri,Brooklyn,Sunset Park,40.65907,-73.99887,Private room,150,1,1,2019-03-19,0.27,3,365
32792151,Cozy Clean Two Bedroom Very near Fort Greene Park,246681878,Erica,Brooklyn,Fort Greene,40.69431,-73.97289,Entire home/apt,145,1,19,2019-06-28,5.18,1,30
4386718,One bedroom near Central Park West,22502212,Kristen,Manhattan,Upper West Side,40.787490000000005,-73.97086999999999,Entire home/apt,175,21,1,2014-11-15,0.02,1,0
32342541,Room Nearby train station to Times Square NYC,242831353,Blanca,Queens,Long Island City,40.75204,-73.9226,Private room,30,3,14,2019-06-29,3.41,1,77
29457851,New Luxury Williamsburg 2 Bedroom 2 Bath,53223410,Rachael,Brooklyn,Williamsburg,40.71047,-73.95529,Entire home/apt,200,5,2,2019-01-01,0.26,1,0
8293281,GREAT LOCATION QUIET BKLYN STREET,634004,Chris,Brooklyn,Prospect Heights,40.67835,-73.97074,Entire home/apt,125,2,80,2019-06-24,2.83,1,105
8167884,Greenpoint Brooklyn Modern Charm,43108922,Robbin,Brooklyn,Greenpoint,40.72176,-73.94393000000001,Entire home/apt,165,2,129,2019-06-06,2.8,2,235
16337890,"Cozy Sunny Room in New Apartment by G, J, M trains",106634224,Andrei,Brooklyn,Bedford-Stuyvesant,40.69442,-73.94362,Private room,55,7,0,,,2,0
19691853,Perfect 1 bedroom for short or extended stay.,106955062,Arelis,Manhattan,Harlem,40.81143,-73.94935,Entire home/apt,100,3,16,2019-05-13,0.66,1,0
18314397,Charming Room 4 blocks from Empire State Building,94648262,Martin & Christine,Manhattan,Kips Bay,40.744040000000005,-73.97985,Private room,110,3,59,2019-06-23,2.92,1,51
20167771,【ｱｸｾｽ抜群】空港10分･ﾏﾝﾊｯﾀﾝ10分!駅徒歩5分の好立地なお部屋です,143534216,Hiroko,Queens,Elmhurst,40.7466,-73.88812,Private room,80,2,8,2017-10-14,0.35,1,0
27506443,Modern loft in the best part of Bushwick.,52190465,Sobe,Brooklyn,Bushwick,40.70474,-73.9162,Entire home/apt,100,2,1,2018-08-14,0.09,1,0
1785141,Entire 1 Bedroom in Williamsburg,5481728,Mike,Brooklyn,Williamsburg,40.70658,-73.96759,Entire home/apt,145,2,6,2017-06-11,0.09,1,0
23729632,"Sunny, clean & cozy room in Williamsburg",142248429,Mafer,Brooklyn,Williamsburg,40.71166,-73.95955,Private room,75,6,25,2019-07-03,1.79,1,84
7258306,Studio in the Heart of Greenwich!!!,23387933,John,Manhattan,Greenwich Village,40.73088,-74.00035,Entire home/apt,140,1,1,2015-07-13,0.02,1,0
10946644,3 bedrm beauty in Crown Heights,18495460,Frank,Brooklyn,Crown Heights,40.6735,-73.95486,Entire home/apt,162,30,26,2019-04-30,0.64,3,18
29336922,LUXURY 2BR CONDO APT IN THE HEART OF BROOKLYN,217568399,Kelly,Brooklyn,Bath Beach,40.603190000000005,-73.99591,Entire home/apt,150,1,13,2019-01-02,1.54,1,0
1330753,"Garden, Private Deck, Williamsburg apartment",2014720,Amy,Brooklyn,Williamsburg,40.71276,-73.95022,Entire home/apt,95,25,11,2017-07-31,0.15,1,168
20406627,Clean and cozy room!!!! Close to Everything!!!!,108448613,Isadora,Queens,Jackson Heights,40.75001,-73.87358,Private room,80,2,9,2019-01-02,0.39,1,0
30939678,Queen Bed in Beautiful Clinton Hill,65775049,Nicole,Brooklyn,Clinton Hill,40.68873,-73.96133,Private room,100,5,1,2018-12-19,0.15,2,6
15831628,1BR apartment with a spectacular view!,18143446,Courtney,Manhattan,Hell's Kitchen,40.7659,-73.98371,Entire home/apt,250,15,1,2019-04-14,0.35,1,52
22064197,Upper West Side Central Park apartment,20153029,Tal,Manhattan,Upper West Side,40.77244,-73.98043,Entire home/apt,190,7,0,,,1,0
20874372,2 Bedroom/2 Bath Spacious Loft in Clinton Hill,3905466,Stefanie,Brooklyn,Clinton Hill,40.68657,-73.96003,Entire home/apt,250,3,3,2018-10-08,0.16,1,0
30912673,Williamsburg Penthouse,50760546,CRNY Monthly Rentals,Brooklyn,Williamsburg,40.70885,-73.96767,Entire home/apt,250,180,0,,,31,173
20819221,"2 bed, 2 full bath quaint street in Brooklyn",4732049,Sabrina,Brooklyn,Boerum Hill,40.68592,-73.98181,Entire home/apt,275,1,7,2018-12-16,0.43,1,129
2277707,Great UWS Apt Along Central Park,11630571,Ariel,Manhattan,Upper West Side,40.78498,-73.97284,Entire home/apt,350,1,7,2019-01-02,0.14,1,365
24780277,Beautiful Townhouse,9922513,James,Brooklyn,Prospect-Lefferts Gardens,40.66247,-73.95011,Entire home/apt,200,4,1,2018-06-03,0.07,1,21
19163888,Convenient & cozy classic NYC apartment,105707375,Corey,Manhattan,Upper East Side,40.77541,-73.95083000000001,Entire home/apt,98,12,12,2017-11-12,0.48,1,0
14383299,Beverly Hills Studio,88314380,Stephen,Manhattan,Upper East Side,40.76242,-73.96058000000001,Entire home/apt,300,3,0,,,1,179
6124097,Amazing 2 Bedroom Chelsea,3035426,Dimitri,Manhattan,Chelsea,40.74089,-74.00180999999999,Entire home/apt,250,2,28,2019-05-26,0.56,1,328
9766922,Spacious Uptown bedroom,19874128,Jennifer,Manhattan,Harlem,40.82083,-73.95407,Private room,88,2,0,,,1,0
19963641,Bright kid-friendly apartment near the Navy Yard.,2073124,Chris,Brooklyn,Fort Greene,40.69653,-73.97439,Entire home/apt,136,2,2,2017-08-28,0.09,1,0
26004876,Ivoire Realty,181711840,Christophe,Bronx,University Heights,40.86259,-73.90359000000001,Private room,65,1,2,2018-08-28,0.19,2,0
14167763,Beautiful + Private 1 Bedroom in North Park Slope,85734571,Wayne,Brooklyn,Park Slope,40.68083,-73.97823000000001,Entire home/apt,120,7,0,,,1,0
33689108,"Cozy, Comfy, Clean Mondern 2-Story Condo",229288218,Shawn,Brooklyn,Bushwick,40.69833,-73.93463,Entire home/apt,175,1,5,2019-06-16,1.9,1,264
5443581,Bright New Mod 1bd+RoofDeck/WBurg,28234750,Ashley,Brooklyn,Williamsburg,40.70892,-73.94981999999999,Entire home/apt,200,14,14,2017-08-28,0.28,1,0
12430126,Beautiful 2 BR by Columbia,31796914,Jenna,Manhattan,Morningside Heights,40.80507,-73.96465,Entire home/apt,290,4,3,2018-01-05,0.08,1,0
27529564,Queen size bedroom,207651513,Nour,Manhattan,Harlem,40.80907,-73.94444,Private room,60,1,49,2019-05-27,4.85,3,0
34184923,Cozy 2 Bedroom in Luxury Building,258057196,Linda,Manhattan,Murray Hill,40.74624,-73.9725,Entire home/apt,299,1,8,2019-06-26,4.44,1,93
29460026,Beautiful Room with 2 Beds Near Metro.,105386434,Felix Lion,Brooklyn,Bedford-Stuyvesant,40.69379,-73.94384000000001,Private room,68,2,15,2019-05-15,1.76,3,365
20306217,The inner palace,133810925,Andrew,Queens,Rosedale,40.66458,-73.73464,Private room,62,1,144,2019-06-24,6.21,3,0
21297804,Entire Long Island City Studio mins to Manhattan,3023513,Levi,Queens,Long Island City,40.75097,-73.94119,Entire home/apt,130,3,2,2017-11-29,0.1,1,0
28909477,Charming NYC Guest Suite (Loft Room),50756378,Nina,Staten Island,Clifton,40.61595,-74.08535,Shared room,150,2,2,2018-11-04,0.22,7,312
29233568,Cozy apartment in PERFECT location!,41083526,Brenda,Queens,Sunnyside,40.74529,-73.92175999999999,Shared room,50,1,9,2019-03-23,1.03,2,0
32361532,"Chic Private Bedroom in Ridgewood, NY by 3 Trains!",242962235,Yuval,Queens,Ridgewood,40.70892,-73.89502,Private room,42,30,0,,,23,220
23483134,2 Bathrooms-Modern Room in Queens (3),175311339,Eduardo,Queens,Jackson Heights,40.75251,-73.86401,Private room,51,2,60,2019-07-01,3.93,5,125
26080154,NYC HUB GuestRoom: Train @ 900ft; midtown 30min!,20912691,Jeff,Queens,Jamaica,40.70908,-73.78237,Private room,66,2,17,2019-06-29,1.34,7,0
34684980,Sonder | 116 John | Cozy Studio + Gym,219517861,Sonder (NYC),Manhattan,Financial District,40.70721,-74.00559,Entire home/apt,100,29,0,,,327,332
13046279,Cozy  2 bedroom apt in Manhattan,364558,Khatia,Manhattan,Washington Heights,40.83805,-73.94306999999999,Entire home/apt,150,2,17,2019-07-02,0.45,1,15
4310501,Spacious Bedroom in East Village,21127377,Orhun,Manhattan,East Village,40.72627,-73.98915,Private room,110,3,64,2019-06-30,1.26,1,14
6364117,Lovely Lofted Room in UWS,7532832,Wing-Yee,Manhattan,Upper West Side,40.80066,-73.96941,Private room,125,1,1,2015-06-09,0.02,1,0
20707451,"Modern Home, Amazing Location Master Suite",148237535,Jermaine,Brooklyn,Canarsie,40.64162,-73.90890999999999,Private room,100,3,2,2018-01-02,0.1,4,364
11185885,CHARMING 1 BEDROOM IN PERFECT LOC!,1613244,Ariel,Manhattan,East Village,40.72438,-73.98782,Entire home/apt,110,30,10,2018-08-12,0.28,9,337
21429062,Beautiful spacious duplex in Bed Stuy Brooklyn,122044489,Tonie,Brooklyn,Bedford-Stuyvesant,40.69119,-73.94225,Entire home/apt,110,2,39,2019-06-30,1.91,2,130
16569554,Bright room Williamsburg off Bedford,1535167,Danielle,Brooklyn,Williamsburg,40.71681,-73.96296,Private room,69,2,10,2019-01-01,0.34,1,0
21392504,Cozy Room With HULU Live TV/Netflix and 2 Baths,55858529,Austin,Brooklyn,Bedford-Stuyvesant,40.68562,-73.93836,Private room,44,2,96,2019-06-28,4.66,3,7
17211881,A Cozy 2-Bedroom Apartment in Astoria.,115854849,Cem,Queens,Astoria,40.77355,-73.92551999999999,Entire home/apt,100,7,4,2019-05-29,0.17,1,0
33777889,E. WILLIAMSBURG ROOM WITH PRIVATE BALCONY,4204942,Victor,Brooklyn,Williamsburg,40.70403,-73.9428,Private room,69,2,1,2019-07-01,1.0,1,36
36309284,"Private Room Near JFK, St John's Hospital, & Beach",234090781,Phoenix,Queens,Bayswater,40.60804,-73.75829,Private room,45,3,1,2019-07-04,1.0,2,90
5384774,"Home For Medical Professionals - ""The Singultus""",26377263,Stat,Queens,Far Rockaway,40.59696,-73.75524,Private room,42,6,2,2015-07-31,0.04,43,151
848707,"Bright Room in Queens, Shared bath%",4241953,Celeste,Queens,Flushing,40.76,-73.81116999999999,Private room,60,2,17,2018-10-07,0.22,4,314
23901975,BrightClean Studio near Grand Central (MurrayHill),43275413,Ashumi,Manhattan,Midtown,40.7464,-73.97986999999999,Entire home/apt,180,2,18,2019-06-02,1.22,1,4
26420626,Ladies bedroom Bed 4,119669058,Melissa,Brooklyn,Bedford-Stuyvesant,40.69299,-73.95675,Shared room,38,1,21,2019-07-04,1.77,34,365
18596772,Apartment w/ 2 bedrooms in the heart of E. Village,5212097,Chris,Manhattan,East Village,40.72237,-73.98148,Private room,275,2,8,2018-11-18,0.31,2,0
12366226,Spacious 1BD/BA in heart of Bushwick,22288459,Alexi,Brooklyn,Bedford-Stuyvesant,40.69537,-73.93494,Private room,55,1,12,2019-05-19,0.75,2,22
27063173,East village private bedroom - walk anywhere!,7615002,Paloma,Manhattan,East Village,40.72527,-73.98338000000001,Private room,100,1,33,2019-05-26,2.8,2,1
35236040,Relaxing Stylish Room Near Train and Attractions 2,265289882,Jorge,Manhattan,Chelsea,40.74614,-74.00168000000001,Private room,150,5,0,,,1,79
9653005,Lovely apartment near Prospect Park,4878479,Patrik,Brooklyn,Crown Heights,40.67629,-73.96208,Entire home/apt,130,5,0,,,1,0
14196798,Brooklyn (G)reenery,80942071,Warren,Brooklyn,Bedford-Stuyvesant,40.69484,-73.94615999999999,Private room,89,2,1,2017-09-05,0.04,1,365
10246816,Charming Park Slope One+ Bedroom,22663500,Carrie,Brooklyn,South Slope,40.66622,-73.98357,Private room,75,5,1,2018-06-24,0.08,1,0
19556174,Open Room in Hell's Kitchen,51356852,Peter,Manhattan,Hell's Kitchen,40.763000000000005,-73.98624000000001,Private room,300,1,0,,,1,0
8955506,Large Room in Artist Loft,20627781,Grace,Brooklyn,Greenpoint,40.72569,-73.95515,Private room,56,2,1,2016-01-03,0.02,1,0
7180015,"private room, cute&cozy apartment",37614545,Linda,Queens,Astoria,40.75871,-73.91112,Private room,85,1,0,,,1,0
18476474,Bright XL room in Hamilton Heights/Sugar Hill,98861076,Peter & Gabe,Manhattan,Harlem,40.82444,-73.94525,Private room,90,2,136,2019-07-02,5.13,1,204
30690149,Upscale Artsy Apartment in Brooklyn - Free Parking,22205488,Allie,Brooklyn,Crown Heights,40.6751,-73.91035,Entire home/apt,100,2,7,2019-03-11,1.03,1,0
32844884,Place like home,244217586,Rajwinder,Queens,Jamaica,40.70949,-73.79304,Entire home/apt,90,1,0,,,1,0
17698990,A4Long Island City Big Room Great Location,79105834,Leo,Queens,Long Island City,40.75603,-73.93405,Private room,58,1,86,2019-06-23,3.09,9,301
30393638,Adorable Theater District Studio w/ Indoor pool by Blueground,107434423,Blueground,Manhattan,Theater District,40.7601,-73.98504,Entire home/apt,278,30,0,,,232,304
35842576,"Sunny, quiet 2 BR apt in the heart of Manhattan",200782217,Tara,Manhattan,Chelsea,40.74325,-73.99528000000001,Entire home/apt,223,3,0,,,1,169
17267665,"Spacious, Private 1BR with more sleeping space",95341719,Estie,Brooklyn,Crown Heights,40.66977,-73.94341,Entire home/apt,169,2,31,2019-06-26,1.15,3,175
66275,Lower East Side Magic Room,314941,Tony,Manhattan,Lower East Side,40.71904,-73.99391999999999,Private room,95,1,109,2019-06-23,1.11,3,364
7726296,Beautiful 1 Bedroom Apartment,7375767,Daniel,Brooklyn,Bedford-Stuyvesant,40.68927,-73.95277,Entire home/apt,115,1,0,,,1,0
10247766,Spacious Brooklyn Room,52674088,Emma,Brooklyn,Greenpoint,40.72738,-73.95553000000001,Private room,150,1,0,,,1,0
17516489,Beautiful 3 BR- 2 Full Baths in Upper Manhattan,1273890,Sergio,Manhattan,Washington Heights,40.8513,-73.93681,Entire home/apt,185,30,7,2019-03-19,0.26,2,331
36034181,Best in Greenwood 1min walk 15min Manhattan,27922303,Aprilene,Brooklyn,Sunset Park,40.65625,-74.0038,Private room,75,2,1,2019-07-01,1.0,2,311
12000617,Comfortable Bedroom right by express subway!,64170751,Dani,Brooklyn,Crown Heights,40.66759,-73.95187,Private room,49,3,5,2017-04-09,0.13,1,0
34060973,"Roomy, sun-drenched, one-bedroom apartment",18811278,Anna Lien,Queens,Ridgewood,40.70741,-73.91534,Entire home/apt,150,7,0,,,1,0
30745232,Park Slope Cozy Bedroom,3016566,Yukako,Brooklyn,Park Slope,40.67371,-73.9769,Private room,200,1,1,2019-04-19,0.37,1,351
9151490,Wdful  2 br/2bth apt in Williamsbug,8133069,Maria,Brooklyn,Williamsburg,40.70919,-73.94804,Entire home/apt,240,1,1,2017-10-09,0.05,1,0
17548575,Great room in the heart of NYC,118870308,Laura,Manhattan,Murray Hill,40.7464,-73.97669,Private room,75,1,2,2017-04-08,0.07,1,0
17940198,"Cozy, queen sized bedroom in Bed-Stuy",24383863,Sophia,Brooklyn,Bedford-Stuyvesant,40.69471,-73.94406,Private room,40,2,24,2019-06-25,0.98,1,1
5159567,Perfect One Bedroom in Greenpoint,22011099,David,Brooklyn,Greenpoint,40.72981,-73.95268,Entire home/apt,195,6,21,2018-08-15,0.44,1,42
298073,"Bright, Airy Williamsburg Apt",1536533,Irina,Brooklyn,Williamsburg,40.71629,-73.95786,Entire home/apt,130,14,23,2016-11-08,0.25,1,25
32869060,"Big, brt rm w/ king bed+ pvt bath in HK/MT West",33607268,Anne,Manhattan,Hell's Kitchen,40.76575,-73.98938000000001,Private room,110,1,14,2019-05-29,3.65,1,0
10926362,Charming Midtown West - Entire Apt,3576466,Kevin,Manhattan,Hell's Kitchen,40.76364,-73.9898,Entire home/apt,170,2,18,2019-05-13,0.45,2,63
1979744,Bright & Budget Friendly,9522524,Nancy,Brooklyn,Canarsie,40.64605,-73.89381999999999,Private room,33,5,84,2019-06-27,1.25,5,295
19713074,Sweet one bedroom apartment in Cobble Hill,9669516,Renee,Brooklyn,Cobble Hill,40.68698,-73.99864000000001,Entire home/apt,152,3,3,2017-07-31,0.13,1,0
28004429,Ideal New York Apartment,57287101,Stephanie,Manhattan,East Village,40.7249,-73.98026,Entire home/apt,250,2,5,2019-06-11,0.48,1,0
21063162,Space and Light in the Heart of Midtown,33009,Seth,Manhattan,Hell's Kitchen,40.76192,-73.9909,Entire home/apt,180,3,3,2018-11-26,0.14,1,0
21550717,Cute studio in Ditmas Park,7229833,Melody,Brooklyn,Kensington,40.63178,-73.97128000000001,Entire home/apt,32,1,0,,,1,0
